-- MySQL dump 10.11
--
-- Host: localhost    Database: newwbridge
-- ------------------------------------------------------
-- Server version	5.0.67-community-nt

/*!40101 SET @OLD_CHARACTER_SET_CLIENT=@@CHARACTER_SET_CLIENT */;
/*!40101 SET @OLD_CHARACTER_SET_RESULTS=@@CHARACTER_SET_RESULTS */;
/*!40101 SET @OLD_COLLATION_CONNECTION=@@COLLATION_CONNECTION */;
/*!40101 SET NAMES utf8 */;
/*!40103 SET @OLD_TIME_ZONE=@@TIME_ZONE */;
/*!40103 SET TIME_ZONE='+00:00' */;
/*!40014 SET @OLD_UNIQUE_CHECKS=@@UNIQUE_CHECKS, UNIQUE_CHECKS=0 */;
/*!40014 SET @OLD_FOREIGN_KEY_CHECKS=@@FOREIGN_KEY_CHECKS, FOREIGN_KEY_CHECKS=0 */;
/*!40101 SET @OLD_SQL_MODE=@@SQL_MODE, SQL_MODE='NO_AUTO_VALUE_ON_ZERO' */;
/*!40111 SET @OLD_SQL_NOTES=@@SQL_NOTES, SQL_NOTES=0 */;

--
-- Table structure for table `access_type`
--

DROP TABLE IF EXISTS `access_type`;
SET @saved_cs_client     = @@character_set_client;
SET character_set_client = utf8;
CREATE TABLE `access_type` (
  `access_name` varchar(12) NOT NULL default '',
  `status` tinyint(1) NOT NULL default '0',
  `remarks` text,
  PRIMARY KEY  (`access_name`,`status`)
) ENGINE=MyISAM DEFAULT CHARSET=latin1;
SET character_set_client = @saved_cs_client;

--
-- Dumping data for table `access_type`
--

LOCK TABLES `access_type` WRITE;
/*!40000 ALTER TABLE `access_type` DISABLE KEYS */;
INSERT INTO `access_type` VALUES ('detail',1,'Each user can only access the menu items that have been attached to users. This type of access in terms of better security and requires a more complex settings'),('level',0,'This uses the levelization access to menu item. Each user can access all the menu items that have a level less than or equal to user\'s access level');
/*!40000 ALTER TABLE `access_type` ENABLE KEYS */;
UNLOCK TABLES;

--
-- Table structure for table `auth`
--

DROP TABLE IF EXISTS `auth`;
SET @saved_cs_client     = @@character_set_client;
SET character_set_client = utf8;
CREATE TABLE `auth` (
  `uname` varchar(45) NOT NULL default '',
  `menuid` int(10) unsigned NOT NULL default '0',
  `status` tinyint(3) unsigned NOT NULL default '0',
  `lastuser` varchar(30) default NULL,
  PRIMARY KEY  (`uname`,`menuid`),
  UNIQUE KEY `unique` (`uname`,`menuid`)
) ENGINE=MyISAM DEFAULT CHARSET=latin1 COMMENT='InnoDB free: 11264 kB';
SET character_set_client = @saved_cs_client;

--
-- Dumping data for table `auth`
--

LOCK TABLES `auth` WRITE;
/*!40000 ALTER TABLE `auth` DISABLE KEYS */;
INSERT INTO `auth` VALUES ('ITD_DEV',1,1,'Nangkoel'),('ITD_DEV',13,1,'Nangkoel'),('ITD_DEV',14,1,'Nangkoel'),('ITD_DEV',16,1,'Nangkoel'),('ITD_DEV',18,1,'Nangkoel'),('ITD_DEV',19,1,'Nangkoel'),('ITD_DEV',20,1,'Nangkoel'),('ITD_DEV',21,1,'Nangkoel'),('ITD_DEV',22,1,'Nangkoel'),('ITD_DEV',49,1,'ITD_DEV'),('ITD_DEV',50,1,'ITD_DEV'),('ITD_DEV',51,1,'ITD_DEV'),('ITD_DEV',52,1,'ITD_DEV'),('ITD_DEV',53,1,'ITD_DEV'),('barcode',166,0,'ITD_DEV'),('ITD_DEV',166,1,'ITD_DEV'),('barcode',167,1,'ITD_DEV'),('ITD_DEV',167,1,'ITD_DEV'),('barcode',168,1,'ITD_DEV'),('ITD_DEV',168,1,'ITD_DEV'),('barcode',169,1,'ITD_DEV'),('ITD_DEV',169,1,'ITD_DEV'),('barcode',170,1,'ITD_DEV'),('ITD_DEV',170,1,'ITD_DEV'),('ITD_DEV',171,1,'ITD_DEV'),('barcode',172,0,'ITD_DEV'),('ITD_DEV',172,1,'ITD_DEV'),('barcode',174,0,'ITD_DEV'),('ITD_DEV',174,1,'ITD_DEV'),('ITD_DEV',175,1,'ITD_DEV'),('ITD_DEV',176,1,'ITD_DEV'),('ITD_DEV',185,1,'ITD_DEV'),('ITD_DEV',186,1,'ITD_DEV'),('ITD_DEV',187,1,'ITD_DEV'),('ITD_DEV',188,1,'ITD_DEV'),('ITD_DEV',189,1,'ITD_DEV'),('ITD_DEV',190,1,'ITD_DEV'),('ITD_DEV',191,1,'ITD_DEV'),('ITD_DEV',192,1,'ITD_DEV'),('ITD_DEV',193,1,'ITD_DEV'),('ITD_DEV',194,1,'ITD_DEV'),('ITD_DEV',195,1,'ITD_DEV'),('ITD_DEV',196,1,'ITD_DEV'),('admin',1,1,'test123'),('admin',13,1,'test123'),('admin',18,1,'test123'),('admin',19,1,'test123'),('admin',20,1,'test123'),('admin',21,1,'test123'),('admin',22,1,'ITD_DEV'),('admin',14,1,'ITD_DEV'),('admin',49,1,'ITD_DEV'),('admin',50,1,'ITD_DEV'),('admin',51,1,'ITD_DEV'),('admin',52,1,'ITD_DEV'),('admin',53,1,'ITD_DEV'),('admin',16,1,'ITD_DEV'),('admin',197,1,'visione'),('admin',198,1,'visione'),('admin',199,1,'visione'),('admin',200,1,'visione'),('admin',201,1,'visione'),('admin',203,1,'visione'),('admin',204,1,'visione'),('admin',205,1,'visione'),('admin',206,1,'visione'),('admin',207,1,'visione'),('admin',208,1,'admin'),('admin',209,1,'visione'),('admin',210,1,'visione'),('admin',211,1,'visione'),('admin',212,1,'visione'),('admin',213,1,'visione'),('admin',214,1,'visione'),('admin',215,1,'visione'),('admin',216,1,'visione'),('admin',217,1,'visione'),('admin',218,1,'admin'),('admin',219,1,'visione'),('admin',220,1,'visione'),('admin',221,1,'visione'),('admin',222,1,'visione'),('admin',223,1,'visione'),('admin',224,1,'visione'),('admin',225,1,'admin'),('admin',226,1,'admin'),('admin',227,1,'visione'),('admin',228,1,'visione'),('admin',229,1,'visione'),('admin',230,1,'visione'),('admin',232,1,'visione'),('admin',233,1,'visione'),('admin',231,1,'visione'),('admin',234,1,'visione'),('admin',235,1,'visione'),('admin',236,1,'visione'),('admin',237,1,'visione'),('admin',239,1,'visione'),('admin',240,1,'visione'),('admin',241,1,'visione'),('admin',242,1,'visione'),('admin',243,1,'visione'),('admin',244,1,'visione'),('admin',245,1,'visione'),('admin',246,1,'visione'),('admin',238,1,'visione'),('admin',247,1,'visione'),('admin',248,1,'visione'),('admin',249,1,'visione'),('admin',250,1,'visione'),('admin',251,1,'visione'),('admin',252,1,'visione'),('admin',253,1,'visione'),('admin',254,1,'visione'),('admin',255,1,'visione'),('admin',256,1,'visione'),('admin',257,1,'visione'),('admin',258,1,'visione'),('admin',259,1,'visione'),('admin',260,1,'visione'),('demo_beon',197,1,'visione'),('demo_beon',203,1,'visione'),('demo_beon',204,1,'visione'),('demo_beon',205,1,'visione'),('demo_beon',207,1,'visione'),('demo_beon',206,1,'visione'),('demo_beon',208,1,'visione'),('demo_beon',209,1,'visione'),('demo_beon',210,1,'visione'),('demo_beon',211,1,'visione'),('demo_beon',212,1,'visione'),('demo_beon',213,1,'visione'),('demo_beon',214,1,'visione'),('demo_beon',215,1,'visione'),('demo_beon',216,1,'visione'),('demo_beon',217,1,'visione'),('demo_beon',218,1,'visione'),('demo_beon',219,1,'visione'),('demo_beon',220,1,'visione'),('demo_beon',221,1,'visione'),('demo_beon',222,1,'visione'),('demo_beon',223,1,'visione'),('demo_beon',224,1,'visione'),('demo_beon',225,1,'visione'),('demo_beon',226,1,'visione'),('demo_beon',227,1,'visione'),('demo_beon',228,1,'visione'),('demo_beon',229,1,'visione'),('demo_beon',230,1,'visione'),('demo_beon',232,1,'visione'),('demo_beon',233,1,'visione'),('demo_beon',231,1,'visione'),('demo_beon',234,1,'visione'),('demo_beon',235,1,'visione'),('demo_beon',236,1,'visione'),('demo_beon',237,1,'visione'),('demo_beon',239,1,'visione'),('demo_beon',240,1,'visione'),('demo_beon',241,1,'visione'),('demo_beon',242,1,'visione'),('demo_beon',243,1,'visione'),('demo_beon',244,1,'visione'),('demo_beon',245,1,'visione'),('demo_beon',246,1,'visione'),('demo_beon',238,1,'visione'),('demo_beon',247,1,'visione'),('demo_beon',248,1,'visione'),('demo_beon',249,1,'visione'),('demo_beon',250,1,'visione'),('demo_beon',251,1,'visione'),('demo_beon',252,1,'visione'),('demo_beon',253,1,'visione'),('demo_beon',254,1,'visione'),('demo_beon',255,1,'visione'),('demo_beon',256,1,'visione'),('demo_beon',257,1,'visione'),('demo_beon',258,1,'visione'),('demo_beon',259,1,'visione'),('demo_beon',260,1,'visione'),('admin',261,1,'visione'),('admin',262,1,'visione'),('demo_beon',51,1,'visione'),('demo_beon',53,1,'visione'),('demo_beon',1,0,'visione'),('demo_beon',13,0,'visione'),('demo_beon',18,0,'visione'),('demo_beon',19,0,'visione'),('demo_beon',20,0,'visione'),('demo_beon',21,0,'visione'),('demo_beon',22,0,'visione'),('admin',263,1,'admin'),('admin',264,1,'admin'),('admin',265,1,'admin'),('admin',266,1,'admin'),('admin',267,1,'admin'),('admin',268,1,'admin'),('admin',269,1,'admin'),('admin',270,1,'admin'),('admin',271,1,'admin'),('admin',272,1,'admin'),('admin',273,1,'admin'),('admin',274,1,'admin'),('operator',215,1,'admin'),('operator',216,1,'admin'),('operator',217,1,'admin'),('operator',270,1,'admin'),('operator',271,1,'admin'),('operator',218,1,'admin'),('operator',225,1,'admin'),('operator',226,1,'admin'),('operator',272,1,'admin'),('operator',273,1,'admin'),('operator',236,1,'admin'),('operator',237,1,'admin'),('operator',249,1,'admin'),('operator',248,1,'admin'),('operator',247,1,'admin'),('operator',238,1,'admin'),('operator',240,1,'admin'),('operator',239,1,'admin'),('operator',256,0,'admin'),('admin',276,1,'admin'),('admin',278,1,'admin'),('admin',284,1,'admin'),('admin',283,1,'admin'),('admin',277,1,'admin'),('admin',282,1,'admin'),('admin',281,1,'admin'),('admin',280,1,'admin'),('admin',279,1,'admin'),('admin',285,1,'test123'),('admin',287,1,'admin'),('operator',279,1,'admin'),('operator',280,1,'admin'),('operator',281,1,'admin'),('operator',282,1,'admin'),('operator',285,1,'admin'),('operator',277,1,'admin'),('operator',283,1,'admin'),('operator',284,1,'admin'),('operator',278,1,'admin'),('operator',287,1,'admin'),('admin',288,1,'admin'),('operator',288,1,'admin'),('admin',289,1,'admin'),('operator',289,1,'admin'),('admin',290,1,'admin'),('admin',291,1,'admin'),('operator',290,1,'admin'),('operator',291,1,'admin'),('adminpusat',239,1,'admin'),('adminpusat',218,1,'admin'),('adminpusat',225,1,'admin'),('adminpusat',226,1,'admin'),('adminpusat',273,1,'admin'),('adminpusat',236,1,'admin'),('adminpusat',237,1,'admin'),('adminpusat',271,1,'admin'),('adminpusat',270,1,'admin'),('adminpusat',269,1,'admin'),('adminpusat',215,1,'admin'),('adminpusat',216,1,'admin'),('adminpusat',217,1,'admin'),('adminpusat',267,1,'admin'),('adminpusat',21,1,'admin'),('adminpusat',14,1,'admin'),('adminpusat',49,1,'admin'),('adminpusat',50,1,'admin'),('adminpusat',51,1,'admin'),('adminpusat',52,1,'admin'),('adminpusat',53,1,'admin'),('adminpusat',16,1,'admin'),('adminpusat',197,1,'admin'),('adminpusat',203,1,'admin'),('adminpusat',261,1,'admin'),('adminpusat',262,1,'admin'),('adminpusat',204,1,'admin'),('adminpusat',205,1,'admin'),('adminpusat',208,1,'admin'),('adminpusat',209,1,'admin'),('adminpusat',210,1,'admin'),('adminpusat',263,1,'admin'),('adminpusat',264,1,'admin'),('adminpusat',265,1,'admin'),('adminpusat',266,1,'admin'),('adminpusat',1,1,'admin'),('adminpusat',13,1,'admin'),('adminpusat',20,0,'admin'),('admin',292,1,'admin'),('adminpusat',279,1,'admin'),('adminpusat',268,1,'admin'),('adminpusat',280,1,'admin'),('adminpusat',281,1,'admin'),('adminpusat',282,1,'admin'),('adminpusat',285,1,'admin'),('adminpusat',277,1,'admin'),('adminpusat',283,1,'admin'),('adminpusat',284,1,'admin'),('adminpusat',278,1,'admin'),('adminpusat',238,1,'admin'),('adminpusat',247,1,'admin'),('adminpusat',287,1,'admin'),('adminpusat',249,1,'admin'),('adminpusat',256,1,'admin'),('adminpusat',257,1,'admin'),('adminpusat',258,1,'admin'),('adminpusat',259,1,'admin'),('adminpusat',274,1,'admin'),('adminpusat',288,1,'admin'),('adminpusat',289,1,'admin'),('adminpusat',292,1,'admin'),('adminpusat',290,1,'admin'),('adminpusat',291,1,'admin'),('adminbta',1,1,'admin'),('adminbta',13,1,'admin'),('adminbta',18,1,'admin'),('adminbta',19,1,'admin'),('adminbta',21,1,'admin'),('adminbta',14,1,'admin'),('adminbta',49,1,'admin'),('adminbta',50,1,'admin'),('adminbta',51,1,'admin'),('adminbta',197,1,'admin'),('adminbta',203,1,'admin'),('adminbta',261,1,'admin'),('adminbta',262,1,'admin'),('adminbta',204,1,'admin'),('adminbta',205,1,'admin'),('adminbta',208,1,'admin'),('adminbta',209,1,'admin'),('adminbta',210,1,'admin'),('adminbta',263,1,'admin'),('adminbta',264,1,'admin'),('adminbta',265,1,'admin'),('adminbta',266,1,'admin'),('adminbta',267,1,'admin'),('adminbta',268,1,'admin'),('adminbta',269,1,'admin'),('adminbta',215,1,'admin'),('adminbta',216,1,'admin'),('adminbta',217,1,'admin'),('adminbta',270,1,'admin'),('adminbta',271,1,'admin'),('adminbta',218,1,'admin'),('adminbta',225,1,'admin'),('adminbta',226,1,'admin'),('adminbta',273,1,'admin'),('adminbta',236,1,'admin'),('adminbta',237,1,'admin'),('adminbta',239,1,'admin'),('adminbta',279,1,'admin'),('adminbta',280,1,'admin'),('adminbta',281,1,'admin'),('adminbta',282,1,'admin'),('adminbta',285,1,'admin'),('adminbta',277,1,'admin'),('adminbta',283,1,'admin'),('adminbta',284,1,'admin'),('adminbta',278,1,'admin'),('adminbta',238,1,'admin'),('adminbta',247,1,'admin'),('adminbta',287,1,'admin'),('adminbta',249,1,'admin'),('adminbta',256,1,'admin'),('adminbta',257,1,'admin'),('adminbta',258,1,'admin'),('adminbta',259,1,'admin'),('adminbta',274,1,'admin'),('adminbta',288,1,'admin'),('adminbta',289,1,'admin'),('adminbta',290,1,'admin'),('adminbta',291,1,'admin'),('ptp.ma',215,1,'admin'),('ptp.ma',216,1,'admin'),('ptp.ma',217,1,'admin'),('ptp.ma',270,1,'admin'),('ptp.ma',271,1,'admin'),('ptp.ma',218,1,'admin'),('ptp.ma',225,1,'admin'),('ptp.ma',226,1,'admin'),('ptp.ma',273,1,'admin'),('ptp.ma',236,1,'admin'),('ptp.ma',237,1,'admin'),('ptp.ma',239,1,'admin'),('ptp.ma',279,1,'admin'),('ptp.ma',280,1,'admin'),('ptp.ma',281,1,'admin'),('ptp.ma',282,1,'admin'),('ptp.ma',285,1,'admin'),('ptp.ma',277,1,'admin'),('ptp.ma',283,1,'admin'),('ptp.ma',284,1,'admin'),('ptp.ma',278,1,'admin'),('ptp.ma',238,1,'admin'),('ptp.ma',247,1,'admin'),('ptp.ma',287,1,'admin'),('ptp.ma',249,1,'admin'),('ptp.ma',256,1,'admin'),('ptp.ma',257,1,'admin'),('ptp.ma',258,0,'admin'),('ptp.ma',259,0,'admin'),('ptp.ma',274,0,'admin'),('ptp.ma',288,1,'admin'),('ptp.ma',289,1,'admin'),('ptp.ma',290,1,'admin'),('ptp.ma',291,1,'admin'),('muharpi',197,1,'admin'),('muharpi',203,1,'admin'),('muharpi',261,1,'admin'),('muharpi',262,1,'admin'),('muharpi',204,1,'admin'),('muharpi',205,1,'admin'),('muharpi',208,1,'admin'),('muharpi',209,1,'admin'),('muharpi',210,1,'admin'),('muharpi',263,1,'admin'),('muharpi',264,1,'admin'),('muharpi',265,1,'admin'),('muharpi',266,1,'admin'),('muharpi',267,1,'admin'),('muharpi',268,1,'admin'),('muharpi',269,1,'admin'),('muharpi',215,1,'admin'),('muharpi',216,1,'admin'),('muharpi',217,1,'admin'),('muharpi',270,1,'admin'),('muharpi',271,1,'admin'),('muharpi',218,1,'admin'),('muharpi',225,1,'admin'),('muharpi',226,1,'admin'),('muharpi',273,1,'admin'),('muharpi',236,1,'admin'),('muharpi',237,1,'admin'),('muharpi',239,1,'admin'),('muharpi',279,1,'admin'),('muharpi',280,1,'admin'),('muharpi',281,1,'admin'),('muharpi',282,1,'admin'),('muharpi',285,1,'admin'),('muharpi',277,1,'admin'),('muharpi',283,1,'admin'),('muharpi',284,1,'admin'),('muharpi',278,1,'admin'),('muharpi',238,1,'admin'),('muharpi',247,1,'admin'),('muharpi',287,1,'admin'),('muharpi',249,1,'admin'),('muharpi',288,1,'admin'),('muharpi',289,1,'admin'),('muharpi',290,1,'admin'),('muharpi',291,1,'admin'),('munawir',236,1,'admin'),('munawir',237,1,'admin'),('munawir',239,1,'admin'),('munawir',279,1,'admin'),('munawir',280,1,'admin'),('munawir',281,1,'admin'),('munawir',282,1,'admin'),('munawir',285,1,'admin'),('munawir',277,1,'admin'),('munawir',283,1,'admin'),('munawir',284,1,'admin'),('munawir',278,1,'admin'),('munawir',238,1,'admin'),('munawir',247,1,'admin'),('munawir',287,1,'admin'),('munawir',249,1,'admin'),('munawir',256,0,'admin'),('munawir',257,0,'admin'),('munawir',288,1,'admin'),('munawir',289,1,'admin'),('munawir',290,1,'admin'),('munawir',291,1,'admin'),('chomenk',1,1,'admin'),('chomenk',13,1,'admin'),('chomenk',18,1,'admin'),('chomenk',19,1,'admin'),('chomenk',20,1,'admin'),('chomenk',21,1,'admin'),('chomenk',22,1,'admin'),('chomenk',14,1,'admin'),('chomenk',49,1,'admin'),('chomenk',50,1,'admin'),('chomenk',51,1,'admin'),('chomenk',52,1,'admin'),('chomenk',53,1,'admin'),('chomenk',16,1,'admin'),('chomenk',197,1,'admin'),('chomenk',203,1,'admin'),('chomenk',261,1,'admin'),('chomenk',262,1,'admin'),('chomenk',204,1,'admin'),('chomenk',205,1,'admin'),('chomenk',208,1,'admin'),('chomenk',209,1,'admin'),('chomenk',210,1,'admin'),('chomenk',263,1,'admin'),('chomenk',264,1,'admin'),('chomenk',265,1,'admin'),('chomenk',266,1,'admin'),('chomenk',267,1,'admin'),('chomenk',268,1,'admin'),('chomenk',269,1,'admin'),('chomenk',215,1,'admin'),('chomenk',216,1,'admin'),('chomenk',217,1,'admin'),('chomenk',270,1,'admin'),('chomenk',271,1,'admin'),('chomenk',218,1,'admin'),('chomenk',225,1,'admin'),('chomenk',226,1,'admin'),('chomenk',273,1,'admin'),('chomenk',236,1,'admin'),('chomenk',237,1,'admin'),('chomenk',239,1,'admin'),('chomenk',279,1,'admin'),('chomenk',280,1,'admin'),('chomenk',281,1,'admin'),('chomenk',282,1,'admin'),('chomenk',285,1,'admin'),('chomenk',277,1,'admin'),('chomenk',283,1,'admin'),('chomenk',284,1,'admin'),('chomenk',278,1,'admin'),('chomenk',238,1,'admin'),('chomenk',247,1,'admin'),('chomenk',287,1,'admin'),('chomenk',249,1,'admin'),('chomenk',256,1,'admin'),('chomenk',257,1,'admin'),('chomenk',258,1,'admin'),('chomenk',259,1,'admin'),('chomenk',274,1,'admin'),('chomenk',288,1,'admin'),('chomenk',289,1,'admin'),('chomenk',290,1,'admin'),('chomenk',291,1,'admin'),('admin',293,1,'admin'),('sukarman',197,1,'chomenk'),('admin',294,1,'admin'),('adminbta',293,1,'admin'),('adminbta',294,1,'admin'),('ptp.ma',294,1,'admin'),('ptp.ma',197,1,'ptp.ma'),('ptp.ma',263,1,'ptp.ma'),('ptp.ma',264,1,'ptp.ma'),('ptp.ma',265,1,'ptp.ma'),('ekoagus',215,1,'chomenk'),('ekoagus',236,1,'chomenk'),('ekoagus',290,1,'chomenk'),('ekoagus',203,1,'chomenk'),('ekoagus',263,1,'chomenk'),('ekoagus',208,1,'chomenk'),('ekoagus',266,1,'chomenk'),('ekoagus',267,1,'chomenk'),('ekoagus',216,1,'chomenk'),('ekoagus',225,1,'chomenk'),('ekoagus',237,1,'chomenk'),('ekoagus',238,1,'chomenk'),('ekoagus',289,1,'chomenk'),('johnnathan',197,1,'chomenk'),('johnnathan',203,1,'chomenk'),('johnnathan',261,1,'chomenk'),('johnnathan',262,1,'chomenk'),('johnnathan',204,1,'chomenk'),('johnnathan',205,1,'chomenk'),('johnnathan',208,1,'chomenk'),('ekoagus',197,1,'chomenk'),('iriyanto',236,1,'admin'),('iriyanto',237,1,'admin'),('iriyanto',239,1,'admin'),('iriyanto',279,1,'admin'),('iriyanto',280,1,'admin'),('iriyanto',281,1,'admin'),('iriyanto',282,1,'admin'),('iriyanto',285,1,'admin'),('iriyanto',277,1,'admin'),('iriyanto',283,1,'admin'),('iriyanto',284,1,'admin'),('iriyanto',278,1,'admin'),('johnnathan',209,1,'chomenk'),('johnnathan',210,1,'chomenk'),('johnnathan',263,1,'chomenk'),('johnnathan',264,1,'chomenk'),('johnnathan',265,1,'chomenk'),('johnnathan',266,1,'chomenk'),('johnnathan',267,1,'chomenk'),('johnnathan',268,1,'chomenk'),('johnnathan',215,1,'chomenk'),('johnnathan',269,1,'chomenk'),('johnnathan',216,1,'chomenk'),('johnnathan',270,1,'chomenk'),('johnnathan',217,1,'chomenk'),('johnnathan',271,1,'chomenk'),('johnnathan',218,1,'chomenk'),('johnnathan',225,1,'chomenk'),('johnnathan',226,1,'chomenk'),('johnnathan',273,1,'chomenk'),('johnnathan',237,1,'chomenk'),('johnnathan',239,1,'chomenk'),('johnnathan',279,1,'chomenk'),('johnnathan',280,1,'chomenk'),('johnnathan',281,1,'chomenk'),('johnnathan',282,1,'chomenk'),('johnnathan',285,1,'chomenk'),('johnnathan',277,1,'chomenk'),('johnnathan',283,1,'chomenk'),('johnnathan',278,1,'chomenk'),('johnnathan',284,1,'chomenk'),('johnnathan',238,1,'chomenk'),('johnnathan',247,1,'chomenk'),('johnnathan',287,1,'chomenk'),('johnnathan',248,1,'chomenk'),('johnnathan',249,1,'chomenk'),('johnnathan',256,0,'chomenk'),('johnnathan',288,1,'chomenk'),('johnnathan',289,1,'chomenk'),('johnnathan',290,1,'chomenk'),('johnnathan',291,1,'chomenk');
/*!40000 ALTER TABLE `auth` ENABLE KEYS */;
UNLOCK TABLES;

--
-- Table structure for table `bpssvr`
--

DROP TABLE IF EXISTS `bpssvr`;
SET @saved_cs_client     = @@character_set_client;
SET character_set_client = utf8;
CREATE TABLE `bpssvr` (
  `wilayah` varchar(4) NOT NULL,
  `addr` varchar(15) NOT NULL,
  `name` varchar(25) default 'BPS SVR',
  `port` int(4) unsigned default '3306',
  PRIMARY KEY  (`wilayah`)
) ENGINE=MyISAM DEFAULT CHARSET=latin1;
SET character_set_client = @saved_cs_client;

--
-- Dumping data for table `bpssvr`
--

LOCK TABLES `bpssvr` WRITE;
/*!40000 ALTER TABLE `bpssvr` DISABLE KEYS */;
INSERT INTO `bpssvr` VALUES ('SSRO','192.168.1.204','SERVERSYSTEM JAKARTA',3306);
/*!40000 ALTER TABLE `bpssvr` ENABLE KEYS */;
UNLOCK TABLES;

--
-- Table structure for table `menu`
--

DROP TABLE IF EXISTS `menu`;
SET @saved_cs_client     = @@character_set_client;
SET character_set_client = utf8;
CREATE TABLE `menu` (
  `id` int(10) unsigned NOT NULL auto_increment,
  `type` varchar(20) NOT NULL default 'list' COMMENT 'master,parent,list',
  `class` varchar(20) default NULL COMMENT 'title,devider,click',
  `caption` varchar(40) default NULL COMMENT 'tampilan kecuali devider',
  `action` varchar(45) default NULL COMMENT 'tujuan  aksi dari menu',
  `access_level` int(10) unsigned NOT NULL default '0' COMMENT 'optional untuk grouping access',
  `parent` int(10) unsigned NOT NULL default '0' COMMENT 'jika child 1 maka harus di isi dengan id parent',
  `urut` int(10) unsigned NOT NULL default '0' COMMENT 'urutan dari kiri ke kana untuk master',
  `hide` tinyint(1) default '0',
  `lastupdate` timestamp NOT NULL default CURRENT_TIMESTAMP on update CURRENT_TIMESTAMP,
  `lastuser` varchar(30) default 'system' COMMENT 'username',
  PRIMARY KEY  (`id`)
) ENGINE=MyISAM AUTO_INCREMENT=295 DEFAULT CHARSET=latin1;
SET character_set_client = @saved_cs_client;

--
-- Dumping data for table `menu`
--

LOCK TABLES `menu` WRITE;
/*!40000 ALTER TABLE `menu` DISABLE KEYS */;
INSERT INTO `menu` VALUES (1,'master','click','Administrator','',17,0,1,0,'2009-07-17 21:27:46','Nangkoel'),(13,'parent','click','Menu Manager','',17,1,1,0,'2009-10-08 03:49:22','ITD_DEV'),(14,'parent','click','Users Settings','Action...',17,1,2,0,'2009-10-08 03:49:22','ITD_DEV'),(16,'list','click','Org.Chart','main_orgChart',17,1,4,0,'2009-10-06 09:42:56','Nangkoel'),(18,'list','title','Menu Manager','',0,13,1,0,'2009-05-18 19:06:35','Nangkoel'),(19,'list','devider','','',0,13,2,0,'2009-05-18 19:07:30','Nangkoel'),(20,'list','click','Menu Settings','main_menuSettings',17,13,3,0,'2009-10-06 09:42:43','Nangkoel'),(21,'list','click','User Privillage','main_userPrivillages',17,13,4,0,'2009-10-06 09:42:45','Nangkoel'),(22,'list','click','Parent-Child Menu Arranger','main_parentChild',17,13,6,0,'2009-10-06 09:42:47','Nangkoel'),(49,'list','title','User Settings:','',0,14,1,0,'0000-00-00 00:00:00','0'),(50,'list','devider','','',0,14,2,0,'0000-00-00 00:00:00','0'),(51,'list','click','Add New User','main_newUser',17,14,3,0,'2009-10-06 09:42:50','0'),(52,'list','click','Active/Deactive/Delete User','main_activeUser',17,14,4,0,'2009-10-06 09:42:52','0'),(53,'list','click','Reset Password','main_resetPassword',17,14,6,0,'2009-10-06 09:42:55','0'),(197,'master','click','MASTER','null',0,0,2,0,'2010-08-02 06:18:24','visione'),(203,'parent','click','Pembagian Area','',0,197,1,0,'2010-08-28 14:08:28','visione'),(204,'list','click','Unit','master_unit',0,203,3,0,'2010-08-28 14:16:10','visione'),(205,'list','click','Afdeling','master_divisi',0,203,4,0,'2010-09-03 15:33:12','visione'),(208,'parent','click','Pihak Ketiga','',0,197,2,0,'2010-08-29 19:17:24','visione'),(209,'list','click','Supplier TBS Eksternal / Selain TBS','master_vendor',0,208,1,0,'2010-11-26 07:47:27','visione'),(210,'list','click','Pembeli CPO/PK/KERNEL','master_customer',0,208,2,0,'2010-08-28 14:31:48','visione'),(265,'list','click','Detail Kendaraan','master_kendaraan',0,263,2,0,'2010-09-05 05:08:53','admin'),(264,'list','click','Tipe Kendaraan','master_tipe_kendaraan',0,263,1,0,'2010-08-29 19:26:43','admin'),(263,'parent','click','Kendaraan',' ',0,197,3,0,'2010-08-29 19:26:00','admin'),(215,'master','click','TRANSAKSI','null',0,0,3,0,'2010-09-01 07:34:37','visione'),(216,'parent','click','Penerimaan Barang',' ',0,215,1,0,'2010-09-01 07:38:08','visione'),(217,'parent','click','Penerimaan TBS',' ',0,216,1,0,'2010-09-01 07:40:04','visione'),(218,'list','click','Lain-Lain','trx_lain',0,216,2,0,'2010-11-30 01:33:14','visione'),(272,'list','click','Composting','trx_composting',0,225,2,1,'2010-11-25 06:46:31','admin'),(225,'parent','click','Pengiriman Barang',' ',0,215,2,0,'2010-09-01 16:23:56','visione'),(226,'list','click','Penjualan CPO,PK,KERNEL','trx_cpo_pk',0,225,1,0,'2010-09-01 16:00:33','visione'),(273,'list','click','Selain CPO,PK,KERNEL','trx_pengiriman_barang',0,225,3,0,'2010-09-01 16:25:52','admin'),(287,'list','click','Realisasi SIPB','lpt_realisasi_sipb_form',0,247,1,0,'2010-11-25 06:57:12','admin'),(288,'master','click','MY ACCOUNT','null',0,0,8,0,'2010-11-26 08:18:34','admin'),(236,'master','click','LAPORAN','null',0,0,5,0,'2010-08-03 03:40:12','visione'),(237,'parent','click','Penerimaan Barang',' ',0,236,1,0,'2010-09-01 16:56:48','visione'),(238,'parent','click','Pengiriman Barang','  ',0,236,2,0,'2010-09-01 17:19:51','visione'),(239,'parent','click','Penerimaan TBS Internal',' ',0,237,1,0,'2010-11-24 11:02:03','visione'),(281,'list','click','Per Tanggal','lpt_int_per_tgl_form',0,239,3,0,'2010-11-24 11:19:14','admin'),(282,'list','click','Monitoring Per Jam','lpt_monitor_int_jam_form',0,239,4,0,'2010-11-24 11:17:58','admin'),(283,'list','click','Per Tanggal','lpt_eks_per_tgl_form',0,277,1,0,'2010-11-24 11:19:03','admin'),(285,'list','click','Rekap Per Bulan','lpt_per_bln_form',0,239,5,0,'2010-11-24 17:25:02','test123'),(284,'list','click','Monitoring Per Jam','lpt_monitor_eks_jam_form',0,277,2,0,'2010-11-24 11:19:49','admin'),(247,'parent','click','CPO,PK,KERNEL',' ',0,238,1,0,'2010-11-25 06:53:06','visione'),(248,'list','click','Composting','lap_composting',0,238,2,1,'2010-11-25 06:46:56','admin'),(249,'list','click','Selain CPO,PK,KERNEL','lpt_non_cpo_form',0,238,3,0,'2010-11-25 08:15:08','visione'),(277,'parent','click','Penerimaan TBS Eksternal','lpt_eks_per_tgl_form',0,237,2,0,'2010-11-24 11:19:00','admin'),(278,'list','click','Lain-Lain','lpt_lain_form',0,237,3,0,'2010-11-24 11:10:19','admin'),(279,'list','click','Unit/Tanggal','lpt_per_unit_form',0,239,1,0,'2010-11-24 11:18:04','admin'),(280,'list','click','Afdeling/Tanggal','lpt_per_div_form',0,239,2,0,'2010-11-24 11:18:01','admin'),(256,'master','click','UTILITY','null',0,0,7,0,'2010-08-03 04:00:47','visione'),(257,'list','click','BackUp Data','dump',0,256,1,0,'2010-11-26 09:38:52','visione'),(258,'list','click','Restore Data','restore',0,256,2,0,'2010-08-03 04:00:53','visione'),(259,'list','click','Parameter Dan Konfigurasi System','master_system',0,256,3,0,'2010-11-25 15:22:48','visione'),(274,'list','click','Hapus No. Tiket','master_hapus_tiket',0,256,4,0,'2010-11-26 04:45:11','admin'),(261,'list','click','Wilayah','master_wilayah',0,203,1,0,'2010-08-28 14:12:57','visione'),(262,'list','click','Perusahaan','master_company',0,203,2,0,'2010-08-28 14:15:42','visione'),(266,'list','click','Product','master_product',0,197,4,0,'2010-09-01 06:41:16','admin'),(267,'parent','click','Dokumen Penjualan',' ',0,197,5,0,'2010-09-01 07:28:45','admin'),(268,'list','click','Kontrak Penjualan','master_kontrak',0,267,1,0,'2010-09-01 07:33:03','admin'),(269,'list','click','SIPB','master_sipb',0,267,2,0,'2010-09-01 07:33:05','admin'),(270,'list','click','Internal','trx_tbs_int',0,217,1,0,'2010-09-01 07:41:16','admin'),(271,'list','click','Eksternal/Buah Luar','trx_tbs_ext',0,217,2,0,'2010-09-01 07:41:20','admin'),(289,'list','click','Rubah Password','main_changePassword',0,288,1,0,'2010-11-26 12:23:04','Nangkoel'),(290,'master','click','HOME','null',0,0,9,0,'2010-11-26 12:59:10','admin'),(291,'list','click','Show Home','master',0,290,1,0,'2010-11-26 13:01:25','admin'),(293,'list','click','Setting Server Jkt','setting_server',0,256,5,0,'2010-11-30 09:58:08','admin'),(294,'list','click','Upload Data Ke Server Jkt','uploadwbtobps',0,256,6,0,'2010-11-30 09:58:45','admin');
/*!40000 ALTER TABLE `menu` ENABLE KEYS */;
UNLOCK TABLES;

--
-- Table structure for table `msbulking`
--

DROP TABLE IF EXISTS `msbulking`;
SET @saved_cs_client     = @@character_set_client;
SET character_set_client = utf8;
CREATE TABLE `msbulking` (
  `DOCNO` char(30) NOT NULL,
  `DOCDATE` date NOT NULL,
  `DOCQTY` int(11) default NULL,
  `DESCRIPTION` char(50) default NULL,
  `DOCSTATUS` char(15) default NULL,
  `USERID` char(15) default NULL,
  `CREATEDATE` timestamp NOT NULL default CURRENT_TIMESTAMP on update CURRENT_TIMESTAMP,
  PRIMARY KEY  (`DOCNO`)
) ENGINE=MyISAM DEFAULT CHARSET=latin1 COMMENT='master table u/ transaksi transfer antar gudang';
SET character_set_client = @saved_cs_client;

--
-- Dumping data for table `msbulking`
--

LOCK TABLES `msbulking` WRITE;
/*!40000 ALTER TABLE `msbulking` DISABLE KEYS */;
INSERT INTO `msbulking` VALUES ('007/HOCD/SIPB/IV','2009-04-22',0,'Koreksi dari salah timbang','Aktif','admin','2009-05-06 09:43:07'),('008/HO-CD/SIPB/X','2009-10-14',0,'Sesuai email comercial tgl 14/10/09','Aktif','nurjayanto','2009-10-23 07:43:32');
/*!40000 ALTER TABLE `msbulking` ENABLE KEYS */;
UNLOCK TABLES;

--
-- Table structure for table `mscompany`
--

DROP TABLE IF EXISTS `mscompany`;
SET @saved_cs_client     = @@character_set_client;
SET character_set_client = utf8;
CREATE TABLE `mscompany` (
  `COMPCODE` char(4) NOT NULL,
  `COMPNAME` char(40) default NULL,
  `WILCODE` char(4) NOT NULL,
  `COMPADDR` char(40) default NULL,
  `COMPCITY` char(35) default NULL,
  `COMPSTATUS` char(15) default NULL,
  `USERID` char(10) default NULL,
  `CREATEDATE` timestamp NOT NULL default CURRENT_TIMESTAMP on update CURRENT_TIMESTAMP,
  PRIMARY KEY  (`COMPCODE`,`WILCODE`)
) ENGINE=MyISAM DEFAULT CHARSET=latin1 ROW_FORMAT=FIXED;
SET character_set_client = @saved_cs_client;

--
-- Dumping data for table `mscompany`
--

LOCK TABLES `mscompany` WRITE;
/*!40000 ALTER TABLE `mscompany` DISABLE KEYS */;
INSERT INTO `mscompany` VALUES ('PMO','PERKEBUNAN MINANGA OGAN, PT','SSRO','DS LUBUK BATANG OKU SUMATERA SELATAN','BATURAJA',NULL,'admin','2010-11-23 06:12:06'),('KMT','KARTIKA MANGESTITAMA, PT','SSRO','WAY KANAN','LAMPUNG',NULL,'admin','2010-11-23 06:14:15'),('GMJ','GUNUNG MERAKSA JAYA, PT','SSRO','DS LUBUK BATANG OKU SUMATERA SELATAN','BATURAJA',NULL,'admin','2010-11-23 06:15:16');
/*!40000 ALTER TABLE `mscompany` ENABLE KEYS */;
UNLOCK TABLES;

--
-- Table structure for table `mscontract`
--

DROP TABLE IF EXISTS `mscontract`;
SET @saved_cs_client     = @@character_set_client;
SET character_set_client = utf8;
CREATE TABLE `mscontract` (
  `CTRNO` char(30) NOT NULL,
  `CTRDATE` date NOT NULL,
  `BUYERCODE` char(10) NOT NULL,
  `CTRQTY` int(11) NOT NULL,
  `DESCRIPTION` char(50) default NULL,
  `CTRSTATUS` char(15) NOT NULL,
  `USERID` char(10) default NULL,
  `CREATEDATE` timestamp NOT NULL default CURRENT_TIMESTAMP on update CURRENT_TIMESTAMP,
  `MILLCODE` varchar(6) NOT NULL default 'WNLL',
  PRIMARY KEY  (`CTRNO`)
) ENGINE=MyISAM DEFAULT CHARSET=latin1 ROW_FORMAT=FIXED;
SET character_set_client = @saved_cs_client;

--
-- Dumping data for table `mscontract`
--

LOCK TABLES `mscontract` WRITE;
/*!40000 ALTER TABLE `mscontract` DISABLE KEYS */;
INSERT INTO `mscontract` VALUES ('054JKTLO10','2010-12-01','1000000037',3000000,'KONTRAK BARU','Aktif','chomenk','2010-12-01 03:36:49','WNLL');
/*!40000 ALTER TABLE `mscontract` ENABLE KEYS */;
UNLOCK TABLES;

--
-- Table structure for table `mscontractoil`
--

DROP TABLE IF EXISTS `mscontractoil`;
SET @saved_cs_client     = @@character_set_client;
SET character_set_client = utf8;
CREATE TABLE `mscontractoil` (
  `CTRNO` char(50) NOT NULL,
  `CTRDATE` date NOT NULL,
  `BUYERCODE` char(10) NOT NULL,
  `CTRQTY` int(11) NOT NULL,
  `DESCRIPTION` char(50) default NULL,
  `CTRSTATUS` char(15) NOT NULL,
  `USERID` char(10) default NULL,
  `CREATEDATE` timestamp NOT NULL default CURRENT_TIMESTAMP on update CURRENT_TIMESTAMP,
  PRIMARY KEY  (`CTRNO`)
) ENGINE=MyISAM DEFAULT CHARSET=latin1 ROW_FORMAT=FIXED;
SET character_set_client = @saved_cs_client;

--
-- Dumping data for table `mscontractoil`
--

LOCK TABLES `mscontractoil` WRITE;
/*!40000 ALTER TABLE `mscontractoil` DISABLE KEYS */;
/*!40000 ALTER TABLE `mscontractoil` ENABLE KEYS */;
UNLOCK TABLES;

--
-- Table structure for table `msdivisi`
--

DROP TABLE IF EXISTS `msdivisi`;
SET @saved_cs_client     = @@character_set_client;
SET character_set_client = utf8;
CREATE TABLE `msdivisi` (
  `COMPCODE` char(4) NOT NULL,
  `UNITCODE` char(4) NOT NULL,
  `DIVCODE` char(6) NOT NULL,
  `DIVNAME` char(40) default NULL,
  `DIVSTATUS` char(15) default NULL,
  `USERID` char(10) default NULL,
  `CREATEDATE` timestamp NULL default CURRENT_TIMESTAMP on update CURRENT_TIMESTAMP,
  `TIPEDIVISI` varchar(15) default NULL,
  PRIMARY KEY  (`COMPCODE`,`UNITCODE`,`DIVCODE`)
) ENGINE=MyISAM DEFAULT CHARSET=latin1 ROW_FORMAT=FIXED;
SET character_set_client = @saved_cs_client;

--
-- Dumping data for table `msdivisi`
--

LOCK TABLES `msdivisi` WRITE;
/*!40000 ALTER TABLE `msdivisi` DISABLE KEYS */;
INSERT INTO `msdivisi` VALUES ('PMO','SENE','SENE05','AFDELING 5 SEI ENAI',NULL,'admin','2010-11-23 06:30:31',NULL),('PMO','SENE','SENE06','AFDELING 6 SEI ENAI',NULL,'admin','2010-11-23 07:46:49',NULL),('PMO','SENE','SENE07','AFDELING 7 SEI ENAI',NULL,'admin','2010-11-23 07:47:42',NULL),('PMO','SENE','SENE08','AFDELING 8 SEI ENAI',NULL,'admin','2010-11-23 07:48:26',NULL),('PMO','SENE','SENE09','AFDELING 9 SEI ENAI',NULL,'admin','2010-11-23 07:49:06',NULL),('PMO','SOGE','SOGE01','AFDELING 1 SEI OGAN',NULL,'admin','2010-11-23 07:50:24',NULL),('PMO','SOGE','SOGE02','AFDELING 2 SEI OGAN',NULL,'admin','2010-11-23 07:51:17',NULL),('PMO','SOGE','SOGE03','AFDELING 3 SEI OGAN',NULL,'admin','2010-11-23 07:51:40',NULL),('PMO','SOGE','SOGE04','AFDELING 4 SEI OGAN',NULL,'admin','2010-11-23 07:52:23',NULL),('KMT','WKNE','WKNE01','AFDELING 1 WAY KANAN',NULL,'admin','2010-11-23 07:53:36',NULL),('KMT','WKNE','WKNE02','AFDELING 2 WAY KANAN',NULL,'admin','2010-11-23 07:54:09',NULL),('KMT','WKNE','WKNE03','AFDELING 3 WAY KANAN',NULL,'admin','2010-11-23 07:54:32',NULL),('KMT','WKNE','WKNE04','AFDELING 4 WAY KANAN',NULL,'admin','2010-11-23 07:54:58',NULL),('GMJ','MRKE','MRKE01','AFDELING 1 MRKE',NULL,'admin','2010-11-23 07:55:41',NULL),('PMO','SKNE','SKNE07','AFDELING 7 SEI KUANG',NULL,'admin','2010-12-01 04:53:33',NULL),('PMO','SKNE','SKNE05','AFDELING 5 SEI KUANG',NULL,'admin','2010-12-01 05:05:13',NULL),('PMO','SKNE','SKNE06','AFDELING 6 SEI KUANG',NULL,'admin','2010-12-01 05:05:52',NULL),('PMO','SKNE','SKNE08','AFDELING 8 SEI KUANG',NULL,'admin','2010-12-01 05:06:24',NULL),('PMO','SKSE','SKSE01','AFDELING 1 SEI KISAM',NULL,'admin','2010-12-01 05:30:36',NULL),('PMO','SKSE','SKSE02','AFDELING 2 SEI KISAM',NULL,'admin','2010-12-01 05:30:57',NULL),('PMO','SKSE','SKSE03','AFDELING 3 SEI KISAM',NULL,'admin','2010-12-01 05:31:22',NULL),('PMO','SKSE','SKSE04','AFDELING 4 SEI KISAM',NULL,'admin','2010-12-01 05:31:36',NULL),('PMO','SOGE','PSR','PSR',NULL,'chomenk','2010-12-01 16:24:14',NULL),('PMO','SKSE','MA ADO','MA ADO',NULL,'admin','2010-12-01 17:27:47',NULL);
/*!40000 ALTER TABLE `msdivisi` ENABLE KEYS */;
UNLOCK TABLES;

--
-- Table structure for table `msemail`
--

DROP TABLE IF EXISTS `msemail`;
SET @saved_cs_client     = @@character_set_client;
SET character_set_client = utf8;
CREATE TABLE `msemail` (
  `id` int(11) NOT NULL auto_increment,
  `EMAIL` varchar(45) default NULL,
  PRIMARY KEY  (`id`)
) ENGINE=MyISAM DEFAULT CHARSET=latin1 COMMENT='Pengiriman Email Error Log';
SET character_set_client = @saved_cs_client;

--
-- Dumping data for table `msemail`
--

LOCK TABLES `msemail` WRITE;
/*!40000 ALTER TABLE `msemail` DISABLE KEYS */;
/*!40000 ALTER TABLE `msemail` ENABLE KEYS */;
UNLOCK TABLES;

--
-- Table structure for table `msgrading`
--

DROP TABLE IF EXISTS `msgrading`;
SET @saved_cs_client     = @@character_set_client;
SET character_set_client = utf8;
CREATE TABLE `msgrading` (
  `TICKETNO` int(8) NOT NULL,
  `SPBNO` char(20) NOT NULL,
  `TBSDATETRX` datetime NOT NULL,
  `BRUTO` int(11) default NULL,
  `TARRA` int(11) default NULL,
  `TBSMTH` int(11) default NULL,
  `TBSSTHMTG` int(11) default NULL,
  `TBSMTG` int(11) default NULL,
  `TBSTLLMTG` int(11) default NULL,
  `TBSJJGKSG` int(11) default NULL,
  `TBSKERAS` int(11) default NULL,
  `PARTHENOCARPLE` int(11) default NULL,
  `TANGKAIPANJANG` int(11) default NULL,
  `BRDLPS` int(11) default NULL,
  `BRDBUSUK` int(11) default NULL,
  `USERID` char(15) default NULL,
  `CREATEDATE` timestamp NULL default CURRENT_TIMESTAMP on update CURRENT_TIMESTAMP,
  PRIMARY KEY  (`TICKETNO`,`SPBNO`,`TBSDATETRX`)
) ENGINE=MyISAM DEFAULT CHARSET=latin1;
SET character_set_client = @saved_cs_client;

--
-- Dumping data for table `msgrading`
--

LOCK TABLES `msgrading` WRITE;
/*!40000 ALTER TABLE `msgrading` DISABLE KEYS */;
/*!40000 ALTER TABLE `msgrading` ENABLE KEYS */;
UNLOCK TABLES;

--
-- Table structure for table `msproduct`
--

DROP TABLE IF EXISTS `msproduct`;
SET @saved_cs_client     = @@character_set_client;
SET character_set_client = utf8;
CREATE TABLE `msproduct` (
  `PRODUCTCODE` char(8) NOT NULL,
  `PRODUCTNAME` char(30) default NULL,
  `PRODUCTSTATUS` char(15) default NULL,
  `USERID` char(10) default NULL,
  `CREATEDATE` timestamp NULL default CURRENT_TIMESTAMP on update CURRENT_TIMESTAMP,
  `GI` tinyint(4) default '0' COMMENT 'GOODS ISSUE',
  `GR` tinyint(4) default '0' COMMENT 'GOODS RECEIVE',
  `TF` tinyint(4) default '0' COMMENT 'TRANSFER BULKING',
  `BPS` varchar(45) default '0',
  PRIMARY KEY  (`PRODUCTCODE`)
) ENGINE=MyISAM DEFAULT CHARSET=latin1 ROW_FORMAT=FIXED;
SET character_set_client = @saved_cs_client;

--
-- Dumping data for table `msproduct`
--

LOCK TABLES `msproduct` WRITE;
/*!40000 ALTER TABLE `msproduct` DISABLE KEYS */;
INSERT INTO `msproduct` VALUES ('31100001','UREA','Aktif','usr002','2010-11-26 15:14:54',0,0,0,'0'),('31100002','KCL MOP','Aktif','usr002','2010-11-26 15:14:54',0,0,0,'0'),('31100003','KIESERITE','Aktif','usr002','2010-11-26 15:14:54',0,0,0,'0'),('31100004','ROCK PHOSPATE','Aktif','usr002','2010-11-26 15:14:54',0,0,0,'0'),('31100005','HGF BORATE','Aktif','usr002','2010-11-26 15:14:54',0,0,0,'0'),('31100006','NPK 12.12.17.2','Aktif','usr002','2010-11-26 15:14:54',0,0,0,'0'),('31100007','SP 36/TSP','Aktif','usr002','2010-11-26 15:14:54',0,0,0,'0'),('31100008','NPK 15.15.6.4','Aktif','usr002','2010-11-26 15:14:54',0,0,0,'0'),('31100009','CUSO4','Aktif','usr002','2010-11-26 15:14:54',0,0,0,'0'),('31100010','ZNSO4','Aktif','usr002','2010-11-26 15:14:54',0,0,0,'0'),('31100011','PAMAFERT PN','Aktif','usr002','2010-11-26 15:14:54',0,0,0,'0'),('31100012','FE SO4','Aktif','usr002','2010-11-26 15:14:54',0,0,0,'0'),('31100013','GUANO','Aktif','usr002','2010-11-26 15:14:54',0,0,0,'0'),('31100014','HI-KAY','Aktif','usr002','2010-11-26 15:14:54',0,0,0,'0'),('31100015','BAYFOLAN','Aktif','usr002','2010-11-26 15:14:54',0,0,0,'0'),('31100016','OSTINDO','Aktif','usr002','2010-11-26 15:14:54',0,0,0,'0'),('31100017','MGSO4','Aktif','usr002','2010-11-26 15:14:54',0,0,0,'0'),('31100018','PAMAFERT MN','Aktif','usr002','2010-11-26 15:14:54',0,0,0,'0'),('31100019','MITRA FLORA','Aktif','usr002','2010-11-26 15:14:54',0,0,0,'0'),('31100020','MEISTER','Aktif','usr002','2010-11-26 15:14:54',0,0,0,'0'),('31100021','NPK TABLET MN (15)','Aktif','usr002','2010-11-26 15:14:54',0,0,0,'0'),('31100022','NPK TABLET PN (12)','Aktif','usr002','2010-11-26 15:14:54',0,0,0,'0'),('31100023','NPK TABLET 18.12.10.3.2','Aktif','usr002','2010-11-26 15:14:54',0,0,0,'0'),('31100024','AGROBLEN 17.8.9+3 MGO','Aktif','usr002','2010-11-26 15:14:54',0,0,0,'0'),('31100026','NPK TABLET PAMAFERT','Aktif','usr002','2010-11-26 15:14:54',0,0,0,'0'),('31100027','BIOZYM','Aktif','usr002','2010-11-26 15:14:54',0,0,0,'0'),('31100028','MYCO GOLD','Aktif','usr002','2010-11-26 15:14:54',0,0,0,'0'),('31100029','DOLOMIT','Aktif','usr002','2010-11-26 15:14:54',0,0,0,'0'),('31100030','ATONIK @ 500 ML','Aktif','usr002','2010-11-26 15:14:54',0,0,0,'0'),('31100031','ROOTONE F','Aktif','usr002','2010-11-26 15:14:54',0,0,0,'0'),('31100032','HUMEGA CRUMBLES','Aktif','usr002','2010-11-26 15:14:54',0,0,0,'0'),('31100033','ZINCOPER','Aktif','usr002','2010-11-26 15:14:54',0,0,0,'0'),('31100034','FRUIT STIMULANT','Aktif','usr002','2010-11-26 15:14:54',0,0,0,'0'),('31100035','ZWAVELZUUR AMMONIA (ZA)','Aktif','usr002','2010-11-26 15:14:54',0,0,0,'0'),('31100036','SUPER DOLOMITE','Aktif','usr002','2010-11-26 15:14:54',0,0,0,'0'),('31100037','RP NOS','Aktif','usr002','2010-11-26 15:14:54',0,0,0,'0'),('31100038','MESTER','Aktif','usr002','2010-11-26 15:14:54',0,0,0,'0'),('31100039','PERTIBOR','Aktif','usr002','2010-11-26 15:14:54',0,0,0,'0'),('31100040','PALMO 14:8:21:4:2:2:1','Aktif','ksi001','2010-11-26 15:14:54',0,0,0,'0'),('31100041','PALMO 16:10:18:6:2:2:2','Aktif','ksi001','2010-11-26 15:14:54',0,0,0,'0'),('31100042','AGROBLEN','Aktif','usr002','2010-11-26 15:14:54',0,0,0,'0'),('35100001','SOLAR','Aktif','usr002','2010-11-26 15:14:54',0,0,0,'0'),('35100002','BENSIN','Aktif','usr002','2010-11-26 15:14:54',0,0,0,'0'),('35100003','MINYAK TANAH/GAS','Aktif','usr002','2010-11-26 15:14:54',0,0,0,'0'),('35100004','KAYU BAKAR','Aktif','usr002','2010-11-26 15:14:54',0,0,0,'0'),('37800001','BERAS @ 25 KG','Aktif','usr002','2010-11-26 15:14:54',0,0,0,'0'),('37800003','BERAS JAGUNG','Aktif','usr002','2010-11-26 15:14:54',0,0,0,'0'),('37800086','MINYAK GORENG @ 5 LTR','Aktif','usr002','2010-11-26 15:14:54',0,0,0,'0'),('37800105','GULA PASIR','Aktif','usr002','2010-11-26 15:14:54',0,0,0,'0'),('40000001','Crude Palm Oil (CPO)','Aktif','usr002','2010-11-26 15:14:54',0,0,0,'0'),('40000002','Palm Kernel (PK)','Aktif','usr002','2010-11-26 15:14:54',1,0,0,'0'),('40000003','Fresh Fruit Bunch (TBS)','Aktif','usr002','2010-11-26 15:14:54',1,0,1,'0'),('40000004','Janjang Kosong','Aktif','usr001','2010-11-26 15:14:54',0,1,0,'1'),('40000005','CANGKANG SAWIT','Aktif','ksi001','2010-11-26 15:14:54',0,0,0,'0'),('400006','LIMBAH PADAT',NULL,'adminbta','2010-12-23 13:07:45',0,0,0,'0');
/*!40000 ALTER TABLE `msproduct` ENABLE KEYS */;
UNLOCK TABLES;

--
-- Table structure for table `mssipb`
--

DROP TABLE IF EXISTS `mssipb`;
SET @saved_cs_client     = @@character_set_client;
SET character_set_client = utf8;
CREATE TABLE `mssipb` (
  `CTRNO` char(30) NOT NULL,
  `SIPBNO` char(30) NOT NULL,
  `SIPBDATE` date NOT NULL,
  `PRODUCTCODE` char(8) default NULL,
  `TRPCODE` char(10) NOT NULL,
  `SIPBQTY` int(11) NOT NULL,
  `DESCRIPTION` char(50) default NULL,
  `SIPBSTATUS` char(15) default NULL,
  `USERID` char(15) default NULL,
  `CREATEDATE` timestamp NOT NULL default CURRENT_TIMESTAMP on update CURRENT_TIMESTAMP,
  PRIMARY KEY  (`CTRNO`,`SIPBNO`)
) ENGINE=MyISAM DEFAULT CHARSET=latin1 ROW_FORMAT=FIXED;
SET character_set_client = @saved_cs_client;

--
-- Dumping data for table `mssipb`
--

LOCK TABLES `mssipb` WRITE;
/*!40000 ALTER TABLE `mssipb` DISABLE KEYS */;
INSERT INTO `mssipb` VALUES ('054JKTLO10','054JKTLO10','2010-12-01','40000001','5000000023',3000000,'','Aktif','chomenk','2010-12-01 03:38:58');
/*!40000 ALTER TABLE `mssipb` ENABLE KEYS */;
UNLOCK TABLES;

--
-- Table structure for table `mssipboil`
--

DROP TABLE IF EXISTS `mssipboil`;
SET @saved_cs_client     = @@character_set_client;
SET character_set_client = utf8;
CREATE TABLE `mssipboil` (
  `CTRNO` char(50) NOT NULL,
  `SIPBNO` char(50) NOT NULL,
  `SIPBDATE` date NOT NULL,
  `PRODUCTCODE` char(8) default NULL,
  `TRPCODE` char(6) NOT NULL,
  `SIPBQTY` int(11) NOT NULL,
  `DESCRIPTION` char(50) default NULL,
  `SIPBSTATUS` char(15) default NULL,
  `USERID` char(15) default NULL,
  `CREATEDATE` timestamp NOT NULL default CURRENT_TIMESTAMP on update CURRENT_TIMESTAMP,
  PRIMARY KEY  (`CTRNO`,`SIPBNO`)
) ENGINE=MyISAM DEFAULT CHARSET=latin1 ROW_FORMAT=FIXED;
SET character_set_client = @saved_cs_client;

--
-- Dumping data for table `mssipboil`
--

LOCK TABLES `mssipboil` WRITE;
/*!40000 ALTER TABLE `mssipboil` DISABLE KEYS */;
INSERT INTO `mssipboil` VALUES ('001/SC-DMA/II/09','001/DMA/SIPB/II/09','2009-03-18','40000001','500070',57830,'','Tidak Aktif','ksi001','2010-01-14 09:40:16'),('026/SC-DMA/VII/09','005/HD-CD/SIPB/','2009-07-11','40000000','901136',-6750,'sesuai email tgl 13/7/09','Aktif','ksi001','2009-10-17 02:50:55'),('028/SC-DMA/VII/09','006/HO-CD/SIPB/CK/','2009-07-27','40000000','901137',4330,'Sesuai email tgl 27 Juli 2009','Aktif','ksi001','2009-07-29 12:34:47'),('043/SC-GSM/IX/09','011/HO-CD/SIPB/','2009-09-28','40000000','901139',972600,'sesuia email tgl 01/10/2009','Aktif','adm003','2009-10-21 01:52:05'),('003/SC-WNA/XI/2009','266/HO-CD/SIPB/XI/2009','2009-11-06','40000001','500070',7410,'sesuai email dept commercial tgl 18/11/09','Aktif','mgr001','2009-12-03 06:39:43'),('053/SC-GSM/XII','016/HO-CD/','2009-12-03','40000000','901140',41520,'Sesuai email commercial tgl.03/12/2009','Aktif','ksi001','2010-01-24 05:15:28'),('004/SC-WNA/XI','309/HO-CD/SIPB/XII','2009-11-19','40000001','500070',0,'Sesuai email Commercial Tgl.15/12/2009','Aktif','ksi001','2010-01-15 10:01:41'),('054/SC-GSM/XII/09','017/HO-CD/SIPB/XII','2009-12-11','40000000','100028',0,'Sesuai email Commercial tgl 21/12/2009','Aktif','ksi001','2010-01-08 14:17:17'),('056/SC-GSM/XII/2009','019/HO/SIPB/XII/09','2009-12-28','40000000','100648',0,'Sesuai email dept comercial','Aktif','adm003','2010-01-13 11:06:18'),('003/SC-GSM/I/2010','001/CD/SIPB/CK/I/10','2010-01-08','40000000','100028',0,'sesuai email dept comercial tgl 8/1/10','Aktif','mgr001','2010-01-08 23:22:44'),('002/SC-GSM/I/10','002/HO-CD/SIPB/CK/I/','2010-01-11','40000000','100100',6,'Sesuai email Commercial tgl.12/01/2010','Aktif','ksi001','2010-01-23 08:55:20');
/*!40000 ALTER TABLE `mssipboil` ENABLE KEYS */;
UNLOCK TABLES;

--
-- Table structure for table `mssuratpengantar`
--

DROP TABLE IF EXISTS `mssuratpengantar`;
SET @saved_cs_client     = @@character_set_client;
SET character_set_client = utf8;
CREATE TABLE `mssuratpengantar` (
  `TICKETNO` int(8) NOT NULL,
  `SPNO` char(20) NOT NULL,
  `SPTRXDATE` datetime NOT NULL,
  `PRODUCTCODE` char(8) default NULL,
  `BRUTO` int(11) default NULL,
  `TARRA` int(11) default NULL,
  `FFA` decimal(10,0) default NULL,
  `DIRT` decimal(10,0) default NULL,
  `MOIST` decimal(10,0) default NULL,
  `DOBI` decimal(10,0) default NULL,
  `YELLOW` decimal(10,0) default NULL,
  `RED` decimal(10,0) default NULL,
  `SHLNU` decimal(10,0) default NULL,
  `SHLNP` decimal(10,0) default NULL,
  `SHELL` decimal(10,0) default NULL,
  `BROCK` decimal(10,0) default NULL,
  `DATEOUT` date default NULL,
  `TIMEOUT` time default NULL,
  `NAMAKRANI` char(30) default NULL,
  `SEAL1` char(15) default NULL,
  `SEAL2` char(15) default NULL,
  `TEMP` decimal(10,0) default NULL,
  `USERID` char(15) default NULL,
  `CREATEDATE` timestamp NULL default CURRENT_TIMESTAMP on update CURRENT_TIMESTAMP,
  PRIMARY KEY  (`TICKETNO`,`SPNO`,`SPTRXDATE`)
) ENGINE=MyISAM DEFAULT CHARSET=latin1;
SET character_set_client = @saved_cs_client;

--
-- Dumping data for table `mssuratpengantar`
--

LOCK TABLES `mssuratpengantar` WRITE;
/*!40000 ALTER TABLE `mssuratpengantar` DISABLE KEYS */;
/*!40000 ALTER TABLE `mssuratpengantar` ENABLE KEYS */;
UNLOCK TABLES;

--
-- Table structure for table `mssystem`
--

DROP TABLE IF EXISTS `mssystem`;
SET @saved_cs_client     = @@character_set_client;
SET character_set_client = utf8;
CREATE TABLE `mssystem` (
  `MILLCODE` char(4) NOT NULL,
  `MILLNAME` char(30) default NULL,
  `COMPCODE` char(30) default NULL,
  `COMPNAME` char(30) default NULL,
  `MNGRNAME` char(30) default NULL,
  `KTUNAME` char(30) default NULL,
  `KRANINAME` char(30) default NULL,
  `TIMEVEH` int(11) default NULL,
  `TIMESTOP` int(11) default NULL,
  `USERID` char(15) NOT NULL,
  `CREATEDATE` timestamp NULL default CURRENT_TIMESTAMP on update CURRENT_TIMESTAMP,
  `IDWB` char(2) default NULL,
  PRIMARY KEY  (`MILLCODE`)
) ENGINE=MyISAM DEFAULT CHARSET=latin1;
SET character_set_client = @saved_cs_client;

--
-- Dumping data for table `mssystem`
--

LOCK TABLES `mssystem` WRITE;
/*!40000 ALTER TABLE `mssystem` DISABLE KEYS */;
INSERT INTO `mssystem` VALUES ('SOGM','SEI OGAN MILL 2','PMO','PERKEBUNAN MINANGA OGAN, PT','Jonathan','Kasie','Krani',10,NULL,'admin','2010-11-26 04:39:41','A');
/*!40000 ALTER TABLE `mssystem` ENABLE KEYS */;
UNLOCK TABLES;

--
-- Table structure for table `msterimacpo`
--

DROP TABLE IF EXISTS `msterimacpo`;
SET @saved_cs_client     = @@character_set_client;
SET character_set_client = utf8;
CREATE TABLE `msterimacpo` (
  `DOCNO` char(15) NOT NULL,
  `DOCDATE` date NOT NULL,
  `DOCQTY` int(11) default NULL,
  `DESCRIPTION` char(50) default NULL,
  `DOCSTATUS` char(15) default NULL,
  `USERID` char(15) default NULL,
  `CREATEDATE` timestamp NOT NULL default CURRENT_TIMESTAMP on update CURRENT_TIMESTAMP,
  PRIMARY KEY  (`DOCNO`)
) ENGINE=MyISAM DEFAULT CHARSET=latin1 COMMENT='table master u/ penerimaan CPO';
SET character_set_client = @saved_cs_client;

--
-- Dumping data for table `msterimacpo`
--

LOCK TABLES `msterimacpo` WRITE;
/*!40000 ALTER TABLE `msterimacpo` DISABLE KEYS */;
/*!40000 ALTER TABLE `msterimacpo` ENABLE KEYS */;
UNLOCK TABLES;

--
-- Table structure for table `mstrxlain`
--

DROP TABLE IF EXISTS `mstrxlain`;
SET @saved_cs_client     = @@character_set_client;
SET character_set_client = utf8;
CREATE TABLE `mstrxlain` (
  `TICKETNO` char(8) NOT NULL,
  `DATEIN` datetime NOT NULL,
  `DATETRXIN` datetime NOT NULL,
  `DATEOUT` datetime NOT NULL,
  `DATETRXOUT` datetime NOT NULL,
  `TIMEIN` time default NULL,
  `TIMEOUT` time default NULL,
  `WEI1ST` int(11) default NULL,
  `WEI2ND` int(11) default NULL,
  `TRPCODE` char(6) NOT NULL,
  `UNITCODE` char(4) default NULL,
  `DIVCODE` char(4) default NULL,
  `BULAN` date default NULL,
  `TAHUN` date default NULL,
  `VEHNO` char(12) NOT NULL,
  `DRIVER` char(30) default NULL,
  `UNITGOL` char(1) default NULL,
  `TRXTYPE` char(1) default NULL,
  `WBCODE1ST` char(1) default NULL,
  `WBCODE2ND` char(1) default NULL,
  `FLAG` char(2) default NULL,
  `P1FLAG` int(11) default NULL,
  `P2FLAG` int(11) default NULL,
  `USERID1ST` char(10) default NULL,
  `USERID2ND` char(10) default NULL,
  `NETTO` int(11) default NULL,
  `SNOIN` char(1) default NULL,
  `SNOOUT` char(1) default NULL,
  PRIMARY KEY  (`TICKETNO`,`DATEIN`)
) ENGINE=MyISAM DEFAULT CHARSET=latin1 ROW_FORMAT=FIXED;
SET character_set_client = @saved_cs_client;

--
-- Dumping data for table `mstrxlain`
--

LOCK TABLES `mstrxlain` WRITE;
/*!40000 ALTER TABLE `mstrxlain` DISABLE KEYS */;
/*!40000 ALTER TABLE `mstrxlain` ENABLE KEYS */;
UNLOCK TABLES;

--
-- Table structure for table `mstrxoil`
--

DROP TABLE IF EXISTS `mstrxoil`;
SET @saved_cs_client     = @@character_set_client;
SET character_set_client = utf8;
CREATE TABLE `mstrxoil` (
  `id` int(11) NOT NULL auto_increment,
  `TICKETNO` int(6) unsigned zerofill NOT NULL,
  `OUTIN` tinyint(1) NOT NULL COMMENT '1=masuk;0=keluar',
  `SPBNO` char(20) default NULL,
  `CTRNO` char(50) default NULL,
  `SIPBNO` char(50) default NULL,
  `SIPBQTY` int(11) default NULL,
  `SPNO` char(50) default NULL,
  `PRODUCTCODE` char(8) default NULL,
  `DATEIN` datetime default NULL,
  `DATEOUT` datetime default NULL,
  `WEI1ST` int(11) default NULL,
  `WEI2ND` int(11) default NULL,
  `MILLCODE` char(4) default NULL,
  `SLOC` char(4) default NULL,
  `VEHNOCODE` char(12) default NULL,
  `TRPCODE` char(8) default NULL,
  `UNITCODE` char(4) default NULL,
  `DIVCODE` char(4) default NULL,
  `TAHUNTANAM` char(30) default NULL,
  `JMLHJJG` int(11) default NULL,
  `BRONDOLAN` int(11) default NULL,
  `DRIVER` char(30) default NULL,
  `NETTO` int(11) default NULL,
  `BERATKIRIM` char(6) default NULL,
  `USERID` char(20) default NULL,
  `NODOTRP` char(15) default NULL,
  `SATUANBERAT` char(2) default 'KG',
  `PENERIMA` char(35) default NULL,
  `APPROVTARRA` char(15) default NULL,
  `GI` varchar(45) default '0' COMMENT 'GOODS ISSUE',
  `GR` varchar(45) default '0' COMMENT 'GOODS RECEIVE',
  `TF` varchar(45) default '0' COMMENT 'TRANSFER BULKING',
  `TRANSACTIONTYPE` tinyint(1) default '0' COMMENT '1=penjualan;2=TF POSTING (BULKING)',
  `JENISSPB` char(10) default NULL COMMENT 'SPB INTERNAL:PLASMA/INTI',
  `SPNOBULKING` char(30) default NULL,
  `SLOCBULKING` char(4) default NULL,
  `DOCNO` char(50) default NULL COMMENT 'DOC U/ BULKING',
  `DOCQTY` int(11) default NULL,
  `BPS` varchar(45) default '0',
  `PENGIRIM` char(50) default NULL,
  `KETERANGAN` char(50) default NULL,
  `TAHUNTANAM2` char(4) default NULL,
  `JMLHJJG2` int(11) default NULL,
  `BRONDOLAN2` int(11) default NULL,
  `TAHUNTANAM3` char(4) default NULL,
  `JMLHJJG3` int(11) default NULL,
  `BRONDOLAN3` int(11) default NULL,
  `IDWB` char(2) default NULL,
  `TICKETNO2` char(7) default NULL,
  `NOSEGEL` char(30) default NULL,
  PRIMARY KEY  (`id`)
) ENGINE=MyISAM DEFAULT CHARSET=latin1 ROW_FORMAT=FIXED;
SET character_set_client = @saved_cs_client;

--
-- Dumping data for table `mstrxoil`
--

LOCK TABLES `mstrxoil` WRITE;
/*!40000 ALTER TABLE `mstrxoil` DISABLE KEYS */;
/*!40000 ALTER TABLE `mstrxoil` ENABLE KEYS */;
UNLOCK TABLES;

--
-- Table structure for table `mstrxtbs`
--

DROP TABLE IF EXISTS `mstrxtbs`;
SET @saved_cs_client     = @@character_set_client;
SET character_set_client = utf8;
CREATE TABLE `mstrxtbs` (
  `IDWB` char(2) NOT NULL,
  `id` int(11) NOT NULL auto_increment,
  `TICKETNO` int(6) unsigned zerofill NOT NULL,
  `OUTIN` tinyint(1) NOT NULL COMMENT '1=masuk;0=keluar',
  `SPBNO` char(45) default NULL,
  `CTRNO` char(30) default NULL,
  `SIPBNO` char(30) default NULL,
  `SIPBQTY` int(11) default NULL,
  `SPNO` char(30) default NULL,
  `PRODUCTCODE` char(8) default NULL,
  `DATEIN` datetime default NULL,
  `DATEOUT` datetime default '0000-00-00 00:00:00',
  `WEI1ST` int(11) default NULL,
  `WEI2ND` int(11) default '0',
  `MILLCODE` char(4) default NULL,
  `SLOC` char(4) default NULL,
  `VEHNOCODE` char(12) default NULL,
  `TRPCODE` char(10) default NULL,
  `UNITCODE` char(10) default NULL,
  `DIVCODE` char(10) default NULL,
  `TAHUNTANAM` char(30) default NULL,
  `JMLHJJG` int(11) default '0',
  `BRONDOLAN` int(11) default '0',
  `DRIVER` char(30) default NULL,
  `NETTO` int(11) default '0',
  `BERATKIRIM` char(6) default NULL,
  `USERID` char(20) default NULL,
  `NODOTRP` char(15) default NULL,
  `SATUANBERAT` char(2) default 'KG',
  `PENERIMA` char(35) default NULL,
  `APPROVTARRA` char(15) default NULL,
  `GI` varchar(45) default '0' COMMENT 'GOODS ISSUE',
  `GR` varchar(45) default '0' COMMENT 'GOODS RECEIVE',
  `TF` varchar(45) default '0' COMMENT 'TRANSFER BULKING',
  `TRANSACTIONTYPE` tinyint(1) default '0' COMMENT '1=penjualan;2=TF POSTING (BULKING)',
  `JENISSPB` char(10) default NULL COMMENT 'SPB INTERNAL:PLASMA/INTI',
  `SPNOBULKING` char(30) default NULL,
  `SLOCBULKING` char(4) default NULL,
  `DOCNO` char(50) default NULL COMMENT 'DOC U/ BULKING',
  `DOCQTY` int(11) default NULL,
  `BPS` varchar(45) default '0',
  `PENGIRIM` char(50) default NULL,
  `KETERANGAN` char(50) default NULL,
  `TAHUNTANAM2` char(4) default NULL,
  `JMLHJJG2` int(11) default '0',
  `BRONDOLAN2` int(11) default '0',
  `TAHUNTANAM3` char(4) default NULL,
  `JMLHJJG3` int(11) default '0',
  `BRONDOLAN3` int(11) default '0',
  `TICKETNO2` char(22) default NULL,
  `NOSEGEL` char(30) default NULL,
  PRIMARY KEY  (`IDWB`,`id`),
  UNIQUE KEY `unique` (`TICKETNO`,`OUTIN`,`TICKETNO2`)
) ENGINE=MyISAM DEFAULT CHARSET=latin1 ROW_FORMAT=FIXED;
SET character_set_client = @saved_cs_client;

--
-- Dumping data for table `mstrxtbs`
--

LOCK TABLES `mstrxtbs` WRITE;
/*!40000 ALTER TABLE `mstrxtbs` DISABLE KEYS */;
INSERT INTO `mstrxtbs` VALUES ('A',1,000001,1,'',NULL,NULL,NULL,NULL,'40000003','2010-11-30 08:10:15','0000-00-00 00:00:00',10460,0,NULL,NULL,'BE9312EU','1000000055',NULL,NULL,'2005',900,0,'',0,'','ptp.ma',NULL,'KG',NULL,NULL,'0','0','0',0,NULL,NULL,NULL,NULL,NULL,'0',NULL,NULL,'',0,0,'',0,0,'A000001',NULL),('A',2,000002,1,'1',NULL,NULL,NULL,NULL,'40000003','2010-11-30 08:13:37','0000-00-00 00:00:00',11330,0,NULL,NULL,'A8630KC','1000000055',NULL,NULL,'2005',1300,0,'',0,'','ptp.ma',NULL,'KG',NULL,NULL,'0','0','0',0,NULL,NULL,NULL,NULL,NULL,'0',NULL,NULL,'',0,0,'',0,0,'A000002',NULL),('A',3,000003,1,'',NULL,NULL,NULL,NULL,'40000003','2010-11-30 08:22:29','0000-00-00 00:00:00',12120,0,NULL,NULL,'BE9816BR','1000000055',NULL,NULL,'2005',1372,0,'',0,'','ptp.ma',NULL,'KG',NULL,NULL,'0','0','0',0,NULL,NULL,NULL,NULL,NULL,'0',NULL,NULL,'',0,0,'',0,0,'A000003',NULL),('A',4,000004,1,'',NULL,NULL,NULL,NULL,'40000003','2010-11-30 08:29:40','0000-00-00 00:00:00',13230,0,NULL,NULL,'BE9702WA','1000000055',NULL,NULL,'2005',1312,0,'',0,'','admin',NULL,'KG',NULL,NULL,'0','0','0',0,NULL,NULL,NULL,NULL,NULL,'0',NULL,NULL,'',0,0,'',0,0,'A000004',NULL),('A',5,000005,1,NULL,NULL,NULL,NULL,'','31100006','2010-11-30 08:46:21','0000-00-00 00:00:00',3200,0,NULL,NULL,'BG4156MF','1000000031',NULL,NULL,NULL,0,0,'',0,NULL,'ptp.ma',NULL,'KG','kud 1',NULL,'0','0','0',0,NULL,NULL,NULL,NULL,NULL,'0',NULL,NULL,NULL,0,0,NULL,0,0,'A000005',NULL),('A',8,000008,1,'',NULL,NULL,NULL,NULL,'40000003','2010-11-30 08:59:09','0000-00-00 00:00:00',10300,0,NULL,NULL,'BG9632C','1000000042',NULL,NULL,'1993',395,0,'',0,'','ptp.ma',NULL,'KG',NULL,NULL,'0','0','0',0,NULL,NULL,NULL,NULL,NULL,'0',NULL,NULL,'',0,0,'',0,0,'A000008',NULL),('A',7,000007,1,'',NULL,NULL,NULL,NULL,'40000003','2010-11-30 08:55:31','0000-00-00 00:00:00',10990,0,NULL,NULL,'BG8131D','1000000054',NULL,NULL,'2000',1949,0,'',0,'','ptp.ma',NULL,'KG',NULL,NULL,'0','0','0',0,NULL,NULL,NULL,NULL,NULL,'0',NULL,NULL,'',0,0,'',0,0,'A000007',NULL),('A',9,000009,1,'',NULL,NULL,NULL,NULL,'40000003','2010-11-30 09:00:53','0000-00-00 00:00:00',10910,0,NULL,NULL,'BE9783AH','1000000032',NULL,NULL,'1991',468,0,'',0,'','ptp.ma',NULL,'KG',NULL,NULL,'0','0','0',0,NULL,NULL,NULL,NULL,NULL,'0',NULL,NULL,'',0,0,'',0,0,'A000009',NULL),('A',10,000010,1,'',NULL,NULL,NULL,NULL,'40000003','2010-11-30 09:02:18','0000-00-00 00:00:00',11310,0,NULL,NULL,'BG8075LY','1000000032',NULL,NULL,'1991',498,0,'',0,'','ptp.ma',NULL,'KG',NULL,NULL,'0','0','0',0,NULL,NULL,NULL,NULL,NULL,'0',NULL,NULL,'',0,0,'',0,0,'A000010',NULL),('A',11,000011,1,'020035/SOGE01/11/2010',NULL,NULL,NULL,NULL,'40000003','2010-11-30 09:15:51','0000-00-00 00:00:00',2540,0,NULL,NULL,'BG9933MB','1000000001','SOGE','SOGE01','1984',51,0,'',0,'','ptp.ma',NULL,'KG',NULL,NULL,'0','0','0',0,'',NULL,NULL,NULL,NULL,'0',NULL,NULL,NULL,0,0,NULL,0,0,'A000011',NULL),('A',12,000012,1,'',NULL,NULL,NULL,NULL,'40000003','2010-11-30 09:19:12','0000-00-00 00:00:00',12460,0,NULL,NULL,'BE9689WA','1000000055',NULL,NULL,'2005',1230,0,'',0,'','ptp.ma',NULL,'KG',NULL,NULL,'0','0','0',0,NULL,NULL,NULL,NULL,NULL,'0',NULL,NULL,'',0,0,'',0,0,'A000012',NULL),('A',13,000013,1,NULL,NULL,NULL,NULL,'','31100006','2010-11-30 09:24:22','0000-00-00 00:00:00',3530,0,NULL,NULL,'BG8404F','1000000053',NULL,NULL,NULL,0,0,'',0,NULL,'ptp.ma',NULL,'KG','kud 1',NULL,'0','0','0',0,NULL,NULL,NULL,NULL,NULL,'0',NULL,NULL,NULL,0,0,NULL,0,0,'A000013',NULL),('A',14,000014,1,NULL,NULL,NULL,NULL,'','31100006','2010-11-30 09:25:48','0000-00-00 00:00:00',3640,0,NULL,NULL,'BG8795F','1000000053',NULL,NULL,NULL,0,0,'',0,NULL,'ptp.ma',NULL,'KG','gmj',NULL,'0','0','0',0,NULL,NULL,NULL,NULL,NULL,'0',NULL,NULL,NULL,0,0,NULL,0,0,'A000014',NULL),('A',15,000015,1,'',NULL,NULL,NULL,NULL,'40000003','2010-11-30 09:27:21','0000-00-00 00:00:00',10000,0,NULL,NULL,'BG8709F','1000000042',NULL,NULL,'1993',280,0,'',0,'','ptp.ma',NULL,'KG',NULL,NULL,'0','0','0',0,NULL,NULL,NULL,NULL,NULL,'0',NULL,NULL,'',0,0,'',0,0,'A000015',NULL),('A',16,000005,0,NULL,NULL,NULL,NULL,'','31100006','2010-11-30 08:46:21','2010-11-30 09:39:51',3200,9220,NULL,NULL,'BG4156MF','1000000031',NULL,NULL,NULL,0,0,'',6020,NULL,'ptp.ma',NULL,'KG','kud 1',NULL,'0','0','0',0,NULL,NULL,NULL,NULL,NULL,'0',NULL,NULL,NULL,0,0,NULL,0,0,'A000005',NULL),('A',17,000013,0,NULL,NULL,NULL,NULL,'','31100006','2010-11-30 09:24:22','2010-11-30 09:58:09',3530,7040,NULL,NULL,'BG8404F','1000000053',NULL,NULL,NULL,0,0,'',3510,NULL,'ptp.ma',NULL,'KG','kud 1',NULL,'0','0','0',0,NULL,NULL,NULL,NULL,NULL,'0',NULL,NULL,NULL,0,0,NULL,0,0,'A000013',NULL),('A',18,000001,0,'',NULL,NULL,NULL,NULL,'40000003','2010-11-30 08:10:15','2010-11-30 10:13:05',10460,3440,NULL,NULL,'BE9312EU','1000000055',NULL,NULL,'2005',900,0,'',7020,'','ptp.ma',NULL,'KG',NULL,NULL,'0','0','0',0,NULL,NULL,NULL,NULL,NULL,'0',NULL,NULL,'',0,0,'',0,0,'A000001',NULL),('A',19,000002,0,'1',NULL,NULL,NULL,NULL,'40000003','2010-11-30 08:13:37','2010-11-30 10:18:04',11330,3400,NULL,NULL,'A8630KC','1000000055',NULL,NULL,'2005',1300,0,'',7930,'','ptp.ma',NULL,'KG',NULL,NULL,'0','0','0',0,NULL,NULL,NULL,NULL,NULL,'0',NULL,NULL,'',0,0,'',0,0,'A000002',NULL),('A',20,000003,0,'',NULL,NULL,NULL,NULL,'40000003','2010-11-30 08:22:29','2010-11-30 10:23:24',12120,3530,NULL,NULL,'BE9816BR','1000000055',NULL,NULL,'2005',1372,0,'',8590,'','ptp.ma',NULL,'KG',NULL,NULL,'0','0','0',0,NULL,NULL,NULL,NULL,NULL,'0',NULL,NULL,'',0,0,'',0,0,'A000003',NULL),('A',21,000004,0,'',NULL,NULL,NULL,NULL,'40000003','2010-11-30 08:29:40','2010-11-30 10:31:14',13230,3680,NULL,NULL,'BE9702WA','1000000055',NULL,NULL,'2005',1312,0,'',9550,'','ptp.ma',NULL,'KG',NULL,NULL,'0','0','0',0,NULL,NULL,NULL,NULL,NULL,'0',NULL,NULL,'',0,0,'',0,0,'A000004',NULL),('A',22,000011,0,'020/SOGE01/11/2010',NULL,NULL,NULL,NULL,'40000003','2010-11-30 09:15:51','2010-11-30 10:33:19',2540,960,NULL,NULL,'BG9933MB','1000000001','SOGE','SOGE01','1984',51,0,'',1580,'','ptp.ma',NULL,'KG',NULL,NULL,'0','0','0',0,NULL,NULL,NULL,NULL,NULL,'0',NULL,NULL,NULL,0,0,NULL,0,0,'A000011',NULL),('A',23,000008,0,'',NULL,NULL,NULL,NULL,'40000003','2010-11-30 08:59:09','2010-11-30 10:38:20',10300,3330,NULL,NULL,'BG9632C','1000000042',NULL,NULL,'1993',395,0,'',6970,'','ptp.ma',NULL,'KG',NULL,NULL,'0','0','0',0,NULL,NULL,NULL,NULL,NULL,'0',NULL,NULL,'',0,0,'',0,0,'A000008',NULL),('A',24,000014,0,NULL,NULL,NULL,NULL,'','31100006','2010-11-30 09:25:48','2010-11-30 10:40:50',3640,8520,NULL,NULL,'BG8795F','1000000053',NULL,NULL,NULL,0,0,'',4880,NULL,'ptp.ma',NULL,'KG','gmj',NULL,'0','0','0',0,NULL,NULL,NULL,NULL,NULL,'0',NULL,NULL,NULL,0,0,NULL,0,0,'A000014',NULL),('A',25,000009,0,'',NULL,NULL,NULL,NULL,'40000003','2010-11-30 09:00:53','2010-11-30 10:42:56',10910,3270,NULL,NULL,'BE9783AH','1000000032',NULL,NULL,'1991',468,0,'',7640,'','ptp.ma',NULL,'KG',NULL,NULL,'0','0','0',0,NULL,NULL,NULL,NULL,NULL,'0',NULL,NULL,'',0,0,'',0,0,'A000009',NULL),('A',26,000007,0,'',NULL,NULL,NULL,NULL,'40000003','2010-11-30 08:55:31','2010-11-30 10:45:12',10990,3500,NULL,NULL,'BG8131D','1000000054',NULL,NULL,'2000',1949,0,'',7490,'','ptp.ma',NULL,'KG',NULL,NULL,'0','0','0',0,NULL,NULL,NULL,NULL,NULL,'0',NULL,NULL,'',0,0,'',0,0,'A000007',NULL),('A',27,000010,0,'',NULL,NULL,NULL,NULL,'40000003','2010-11-30 09:02:18','2010-11-30 10:56:13',11310,3280,NULL,NULL,'BG8075LY','1000000032',NULL,NULL,'1991',498,0,'',8030,'','ptp.ma',NULL,'KG',NULL,NULL,'0','0','0',0,NULL,NULL,NULL,NULL,NULL,'0',NULL,NULL,'',0,0,'',0,0,'A000010',NULL),('A',28,000012,0,'',NULL,NULL,NULL,NULL,'40000003','2010-11-30 09:19:12','2010-11-30 10:58:17',12460,3700,NULL,NULL,'BE9689WA','1000000055',NULL,NULL,'2005',1230,0,'',8760,'','ptp.ma',NULL,'KG',NULL,NULL,'0','0','0',0,NULL,NULL,NULL,NULL,NULL,'0',NULL,NULL,'',0,0,'',0,0,'A000012',NULL),('A',29,000015,0,'',NULL,NULL,NULL,NULL,'40000003','2010-11-30 09:27:21','2010-11-30 11:01:36',10000,3550,NULL,NULL,'BG8709F','1000000042',NULL,NULL,'1993',280,0,'',6450,'','ptp.ma',NULL,'KG',NULL,NULL,'0','0','0',0,NULL,NULL,NULL,NULL,NULL,'0',NULL,NULL,'',0,0,'',0,0,'A000015',NULL),('A',30,000016,1,'',NULL,NULL,NULL,NULL,'40000003','2010-12-01 08:58:27','0000-00-00 00:00:00',10360,0,'SOGM',NULL,'BG4971MD','1000000047',NULL,NULL,'1999',1140,0,'',0,'','ptp.ma',NULL,'KG',NULL,NULL,'0','0','0',0,NULL,NULL,NULL,NULL,NULL,'0',NULL,NULL,'',0,0,'',0,0,'A000016',NULL),('A',31,000017,1,'',NULL,NULL,NULL,NULL,'40000003','2010-12-01 09:00:47','0000-00-00 00:00:00',11040,0,'SOGM',NULL,'BG4708DB','1000000054',NULL,NULL,'1999',694,0,'',0,'','ptp.ma',NULL,'KG',NULL,NULL,'0','0','0',0,NULL,NULL,NULL,NULL,NULL,'0',NULL,NULL,'',0,0,'',0,0,'A000017',NULL),('A',32,000018,1,'',NULL,NULL,NULL,NULL,'40000003','2010-12-01 09:02:41','0000-00-00 00:00:00',11760,0,'SOGM',NULL,'BG8680AI','1000000047',NULL,NULL,'1999',577,0,'',0,'','ptp.ma',NULL,'KG',NULL,NULL,'0','0','0',0,NULL,NULL,NULL,NULL,NULL,'0',NULL,NULL,'',0,0,'',0,0,'A000018',NULL),('A',33,000019,1,'',NULL,NULL,NULL,NULL,'40000003','2010-12-01 09:20:55','0000-00-00 00:00:00',10470,0,'SOGM',NULL,'BG8897MI','1000000047',NULL,NULL,'2004',960,0,'',0,'','ptp.ma',NULL,'KG',NULL,NULL,'0','0','0',0,NULL,NULL,NULL,NULL,NULL,'0',NULL,NULL,'',0,0,'',0,0,'A000019',NULL),('A',34,000017,0,'',NULL,NULL,NULL,NULL,'40000003','2010-12-01 09:00:47','2010-12-01 09:24:01',11040,3630,'SOGM',NULL,'BG4708DB','1000000054',NULL,NULL,'1999',694,0,'',7410,'','ptp.ma',NULL,'KG',NULL,NULL,'0','0','0',0,NULL,NULL,NULL,NULL,NULL,'0',NULL,NULL,'',0,0,'',0,0,'A000017',NULL),('A',35,000019,0,'',NULL,NULL,NULL,NULL,'40000003','2010-12-01 09:20:55','2010-12-01 09:31:31',10470,3880,'SOGM',NULL,'BG8897MI','1000000047',NULL,NULL,'2004',960,0,'',6590,'','ptp.ma',NULL,'KG',NULL,NULL,'0','0','0',0,NULL,NULL,NULL,NULL,NULL,'0',NULL,NULL,'',0,0,'',0,0,'A000019',NULL),('A',36,000016,0,'',NULL,NULL,NULL,NULL,'40000003','2010-12-01 08:58:27','2010-12-01 09:33:35',10360,3340,'SOGM',NULL,'BG4971MD','1000000047',NULL,NULL,'1999',1140,0,'',7020,'','ptp.ma',NULL,'KG',NULL,NULL,'0','0','0',0,NULL,NULL,NULL,NULL,NULL,'0',NULL,NULL,'',0,0,'',0,0,'A000016',NULL),('A',37,000018,0,'',NULL,NULL,NULL,NULL,'40000003','2010-12-01 09:02:41','2010-12-01 09:36:24',11760,3320,'SOGM',NULL,'BG8680AI','1000000047',NULL,NULL,'1999',577,0,'',8440,'','ptp.ma',NULL,'KG',NULL,NULL,'0','0','0',0,NULL,NULL,NULL,NULL,NULL,'0',NULL,NULL,'',0,0,'',0,0,'A000018',NULL),('A',38,000020,1,'',NULL,NULL,NULL,NULL,'40000003','2010-12-01 09:43:06','0000-00-00 00:00:00',9880,0,'SOGM',NULL,'BG8898MI','1000000047',NULL,NULL,'',807,0,'',0,'','ptp.ma',NULL,'KG',NULL,NULL,'0','0','0',0,NULL,NULL,NULL,NULL,NULL,'0',NULL,NULL,'',0,0,'',0,0,'A000020',NULL),('A',39,000020,0,'',NULL,NULL,NULL,NULL,'40000003','2010-12-01 09:43:06','2010-12-01 09:51:05',9880,3830,'SOGM',NULL,'BG8898MI','1000000047',NULL,NULL,'',807,0,'',6050,'','ptp.ma',NULL,'KG',NULL,NULL,'0','0','0',0,NULL,NULL,NULL,NULL,NULL,'0',NULL,NULL,'',0,0,'',0,0,'A000020',NULL),('A',40,000021,1,'',NULL,NULL,NULL,NULL,'40000003','2010-12-01 09:53:39','0000-00-00 00:00:00',10140,0,'SOGM',NULL,'BE9783AH','1000000032',NULL,NULL,'1991',399,0,'',0,'','ptp.ma',NULL,'KG',NULL,NULL,'0','0','0',0,NULL,NULL,NULL,NULL,NULL,'0',NULL,NULL,'',0,0,'',0,0,'A000021',NULL),('A',41,000022,1,'18353/SOGE01/12/2010',NULL,NULL,NULL,NULL,'40000003','2010-12-01 10:04:08','0000-00-00 00:00:00',2220,0,'SOGM',NULL,'BG9933MB','1000000001','SOGE','SOGE01','1984',43,0,'',0,'','ptp.ma',NULL,'KG',NULL,NULL,'0','0','0',0,'',NULL,NULL,NULL,NULL,'0',NULL,NULL,NULL,0,0,NULL,0,0,'A000022',NULL),('A',42,000023,1,'13460/SENE08/12/2010',NULL,NULL,NULL,NULL,'40000003','2010-12-01 10:06:26','0000-00-00 00:00:00',8360,0,'SOGM',NULL,'BG4474AN','1000000008','SENE','SENE08','1985',180,0,'APEN',0,'','ptp.ma',NULL,'KG',NULL,NULL,'0','0','0',0,'',NULL,NULL,NULL,NULL,'0',NULL,NULL,NULL,0,0,NULL,0,0,'A000023',NULL),('A',43,000022,0,'183/SOGE01/12/2010',NULL,NULL,NULL,NULL,'40000003','2010-12-01 10:04:08','2010-12-01 10:14:55',2220,960,'SOGM',NULL,'BG9933MB','1000000001','SOGE','SOGE01','1984',43,0,'',1260,'','ptp.ma',NULL,'KG',NULL,NULL,'0','0','0',0,NULL,NULL,NULL,NULL,NULL,'0',NULL,NULL,NULL,0,0,NULL,0,0,'A000022',NULL),('A',44,000024,1,'',NULL,NULL,NULL,NULL,'40000003','2010-12-01 10:20:04','0000-00-00 00:00:00',7590,0,'SOGM',NULL,'BE9632BF','1000000060',NULL,NULL,'',0,0,'',0,'','ptp.ma',NULL,'KG',NULL,NULL,'0','0','0',0,NULL,NULL,NULL,NULL,NULL,'0',NULL,NULL,'',0,0,'',0,0,'A000024',NULL),('A',45,000025,1,'20038/SOGE01/12/2010',NULL,NULL,NULL,NULL,'40000003','2010-12-01 10:23:24','0000-00-00 00:00:00',7970,0,'SOGM',NULL,'BG8673F','1000000001','SOGE','SOGE01','1984',157,0,'',0,'','ptp.ma',NULL,'KG',NULL,NULL,'0','0','0',0,'',NULL,NULL,NULL,NULL,'0',NULL,NULL,NULL,0,0,NULL,0,0,'A000025',NULL),('A',46,000026,1,'20042/SOGE01/12/2010',NULL,NULL,NULL,NULL,'40000003','2010-12-01 10:24:42','0000-00-00 00:00:00',7690,0,'SOGM',NULL,'BG8108F','1000000001','SOGE','SOGE01','1984',135,0,'',0,'','ptp.ma',NULL,'KG',NULL,NULL,'0','0','0',0,'',NULL,NULL,NULL,NULL,'0',NULL,NULL,NULL,0,0,NULL,0,0,'A000026',NULL),('A',47,000024,0,'',NULL,NULL,NULL,NULL,'40000003','2010-12-01 10:20:04','2010-12-01 10:26:39',7590,3800,'SOGM',NULL,'BE9632BF','1000000060',NULL,NULL,'',0,0,'',3790,'','ptp.ma',NULL,'KG',NULL,NULL,'0','0','0',0,NULL,NULL,NULL,NULL,NULL,'0',NULL,NULL,'',0,0,'',0,0,'A000024',NULL),('A',48,000025,0,'200/SOGE01/12/2010',NULL,NULL,NULL,NULL,'40000003','2010-12-01 10:23:24','2010-12-01 10:29:21',7970,3970,'SOGM',NULL,'BG8673F','1000000001','SOGE','SOGE01','1984',157,0,'',4000,'','ptp.ma',NULL,'KG',NULL,NULL,'0','0','0',0,NULL,NULL,NULL,NULL,NULL,'0',NULL,NULL,NULL,0,0,NULL,0,0,'A000025',NULL),('A',49,000026,0,'200/SOGE01/12/2010',NULL,NULL,NULL,NULL,'40000003','2010-12-01 10:24:42','2010-12-01 10:30:35',7690,3530,'SOGM',NULL,'BG8108F','1000000001','SOGE','SOGE01','1984',135,0,'',4160,'','ptp.ma',NULL,'KG',NULL,NULL,'0','0','0',0,NULL,NULL,NULL,NULL,NULL,'0',NULL,NULL,NULL,0,0,NULL,0,0,'A000026',NULL),('A',50,000023,0,'134/SENE08/12/2010',NULL,NULL,NULL,NULL,'40000003','2010-12-01 10:06:26','2010-12-01 10:31:57',8360,3220,'SOGM',NULL,'BG4474AN','1000000008','SENE','SENE08','1985',180,0,'APEN',5140,'','ptp.ma',NULL,'KG',NULL,NULL,'0','0','0',0,NULL,NULL,NULL,NULL,NULL,'0',NULL,NULL,NULL,0,0,NULL,0,0,'A000023',NULL),('A',51,000021,0,'',NULL,NULL,NULL,NULL,'40000003','2010-12-01 09:53:39','2010-12-01 10:33:26',10140,3280,'SOGM',NULL,'BE9783AH','1000000032',NULL,NULL,'1991',399,0,'',6860,'','ptp.ma',NULL,'KG',NULL,NULL,'0','0','0',0,NULL,NULL,NULL,NULL,NULL,'0',NULL,NULL,'',0,0,'',0,0,'A000021',NULL),('A',52,000027,1,'19161/SENE06/12/2010',NULL,NULL,NULL,NULL,'40000003','2010-12-01 10:35:49','0000-00-00 00:00:00',7820,0,'SOGM',NULL,'BG8138UA','1000000006','SENE','SENE06','',156,0,'',0,'','ptp.ma',NULL,'KG',NULL,NULL,'0','0','0',0,'',NULL,NULL,NULL,NULL,'0',NULL,NULL,NULL,0,0,NULL,0,0,'A000027',NULL),('A',53,000027,0,'191/SENE06/12/2010',NULL,NULL,NULL,NULL,'40000003','2010-12-01 10:35:49','2010-12-01 10:45:16',7820,3870,'SOGM',NULL,'BG8138UA','1000000006','SENE','SENE06','',156,0,'',3950,'','ptp.ma',NULL,'KG',NULL,NULL,'0','0','0',0,NULL,NULL,NULL,NULL,NULL,'0',NULL,NULL,NULL,0,0,NULL,0,0,'A000027',NULL),('A',54,000028,1,NULL,NULL,NULL,NULL,'','35100001','2010-12-01 10:53:02','0000-00-00 00:00:00',7320,0,'SOGM',NULL,'BG4842FB','1000000033',NULL,NULL,NULL,0,0,'',0,NULL,'ptp.ma',NULL,'KG','PTPMA',NULL,'0','0','0',0,NULL,NULL,NULL,NULL,NULL,'0',NULL,NULL,NULL,0,0,NULL,0,0,'A000028',NULL),('A',55,000029,1,'101763/SENE05/12/2010',NULL,NULL,NULL,NULL,'40000003','2010-12-01 10:55:44','0000-00-00 00:00:00',7620,0,'SOGM',NULL,'BG8794F','1000000005','SENE','SENE05','1985',215,0,'',0,'','ptp.ma',NULL,'KG',NULL,NULL,'0','0','0',0,'',NULL,NULL,NULL,NULL,'0',NULL,NULL,NULL,0,0,NULL,0,0,'A000029',NULL),('A',56,000030,1,'',NULL,NULL,NULL,NULL,'40000003','2010-12-01 10:57:28','0000-00-00 00:00:00',11920,0,'SOGM',NULL,'BE4637BE','1000000055',NULL,NULL,'2005',1186,0,'',0,'','ptp.ma',NULL,'KG',NULL,NULL,'0','0','0',0,NULL,NULL,NULL,NULL,NULL,'0',NULL,NULL,'',0,0,'',0,0,'A000030',NULL),('A',57,000029,0,'101/SENE05/12/2010',NULL,NULL,NULL,NULL,'40000003','2010-12-01 10:55:44','2010-12-01 11:00:41',7620,3620,'SOGM',NULL,'BG8794F','1000000005','SENE','SENE05','1985',215,0,'',4000,'','ptp.ma',NULL,'KG',NULL,NULL,'0','0','0',0,NULL,NULL,NULL,NULL,NULL,'0',NULL,NULL,NULL,0,0,NULL,0,0,'A000029',NULL),('A',58,000031,1,'',NULL,NULL,NULL,NULL,'40000003','2010-12-01 11:07:18','0000-00-00 00:00:00',10900,0,'SOGM',NULL,'BG4367EB','1000000055',NULL,NULL,'2005',1260,0,'',0,'','ptp.ma',NULL,'KG',NULL,NULL,'0','0','0',0,NULL,NULL,NULL,NULL,NULL,'0',NULL,NULL,'',0,0,'',0,0,'A000031',NULL),('A',59,000032,1,'14460/SOGE02/12/2010',NULL,NULL,NULL,NULL,'40000003','2010-12-01 11:08:49','0000-00-00 00:00:00',8870,0,'SOGM',NULL,'BG4197MA','1000000002','SOGE','SOGE02','1985',175,0,'ARYANI',0,'','ptp.ma',NULL,'KG',NULL,NULL,'0','0','0',0,'',NULL,NULL,NULL,NULL,'0',NULL,NULL,NULL,0,0,NULL,0,0,'A000032',NULL),('A',60,000033,1,'14218/SOGE02/12/2010',NULL,NULL,NULL,NULL,'40000003','2010-12-01 11:10:50','0000-00-00 00:00:00',7060,0,'SOGM',NULL,'BG8507UA','1000000002','SOGE','SOGE02','1985',115,0,'UDIN',0,'','ptp.ma',NULL,'KG',NULL,NULL,'0','0','0',0,'',NULL,NULL,NULL,NULL,'0',NULL,NULL,NULL,0,0,NULL,0,0,'A000033',NULL),('A',61,000034,1,'',NULL,NULL,NULL,NULL,'40000003','2010-12-01 11:13:38','0000-00-00 00:00:00',12570,0,'SOGM',NULL,'BE4276W','1000000021',NULL,NULL,'1990',602,0,'EKA',0,'','ptp.ma',NULL,'KG',NULL,NULL,'0','0','0',0,NULL,NULL,NULL,NULL,NULL,'0',NULL,NULL,'',0,0,'',0,0,'A000034',NULL),('A',62,000035,1,'18354/SOGE01/12/2010',NULL,NULL,NULL,NULL,'40000003','2010-12-01 11:15:25','0000-00-00 00:00:00',2440,0,'SOGM',NULL,'BG9933MB','1000000001','SOGE','SOGE01','1984',47,0,'MARWAN',0,'','ptp.ma',NULL,'KG',NULL,NULL,'0','0','0',0,'',NULL,NULL,NULL,NULL,'0',NULL,NULL,NULL,0,0,NULL,0,0,'A000035',NULL),('A',63,000033,0,'142/SOGE02/12/2010',NULL,NULL,NULL,NULL,'40000003','2010-12-01 11:10:50','2010-12-01 11:17:00',7060,4050,'SOGM',NULL,'BG8507UA','1000000002','SOGE','SOGE02','1985',115,0,'UDIN',3010,'','ptp.ma',NULL,'KG',NULL,NULL,'0','0','0',0,NULL,NULL,NULL,NULL,NULL,'0',NULL,NULL,NULL,0,0,NULL,0,0,'A000033',NULL),('A',64,000036,1,'14176/SOGE02/12/2010',NULL,NULL,NULL,NULL,'40000003','2010-12-01 11:19:01','0000-00-00 00:00:00',7350,0,'SOGM',NULL,'BG8991D','1000000002','SOGE','SOGE02','1987',150,0,'PEDI',0,'','ptp.ma',NULL,'KG',NULL,NULL,'0','0','0',0,'',NULL,NULL,NULL,NULL,'0',NULL,NULL,NULL,0,0,NULL,0,0,'A000036',NULL),('A',65,000035,0,'183/SOGE01/12/2010',NULL,NULL,NULL,NULL,'40000003','2010-12-01 11:15:25','2010-12-01 11:28:21',2440,960,'SOGM',NULL,'BG9933MB','1000000001','SOGE','SOGE01','1984',47,0,'MARWAN',1480,'','ptp.ma',NULL,'KG',NULL,NULL,'0','0','0',0,NULL,NULL,NULL,NULL,NULL,'0',NULL,NULL,NULL,0,0,NULL,0,0,'A000035',NULL),('A',66,000036,0,'141/SOGE02/12/2010',NULL,NULL,NULL,NULL,'40000003','2010-12-01 11:19:01','2010-12-01 11:30:15',7350,3680,'SOGM',NULL,'BG8991D','1000000002','SOGE','SOGE02','1987',150,0,'PEDI',3670,'','ptp.ma',NULL,'KG',NULL,NULL,'0','0','0',0,NULL,NULL,NULL,NULL,NULL,'0',NULL,NULL,NULL,0,0,NULL,0,0,'A000036',NULL),('A',67,000037,1,'19351/SOGE04/12/2010',NULL,NULL,NULL,NULL,'40000003','2010-12-01 11:32:52','0000-00-00 00:00:00',8130,0,'SOGM',NULL,'BG8850UA','1000000004','SOGE','SOGE04','1985',163,0,'yusi',0,'','ptp.ma',NULL,'KG',NULL,NULL,'0','0','0',0,'',NULL,NULL,NULL,NULL,'0',NULL,NULL,NULL,0,0,NULL,0,0,'A000037',NULL),('A',68,000038,1,'14083/SOGE03/12/2010',NULL,NULL,NULL,NULL,'40000003','2010-12-01 11:34:24','0000-00-00 00:00:00',5810,0,'SOGM',NULL,'BG8796F','1000000003','SOGE','SOGE03','1985',95,0,'saher',0,'','ptp.ma',NULL,'KG',NULL,NULL,'0','0','0',0,'',NULL,NULL,NULL,NULL,'0',NULL,NULL,NULL,0,0,NULL,0,0,'A000038',NULL),('A',69,000028,0,NULL,NULL,NULL,NULL,'','35100001','2010-12-01 10:53:02','2010-12-01 11:37:04',7320,3200,'SOGM',NULL,'BG4842FB','1000000033',NULL,NULL,NULL,0,0,'',4120,NULL,'ptp.ma',NULL,'KG','PTPMA',NULL,'0','0','0',0,NULL,NULL,NULL,NULL,NULL,'0',NULL,NULL,NULL,0,0,NULL,0,0,'A000028',NULL),('A',70,000039,1,'14078/SOGE03/12/2010',NULL,NULL,NULL,NULL,'40000003','2010-12-01 11:42:45','0000-00-00 00:00:00',8240,0,'SOGM',NULL,'BG8008XL','1000000003','SOGE','SOGE03','',152,0,'MULDIN',0,'','ptp.ma',NULL,'KG',NULL,NULL,'0','0','0',0,'',NULL,NULL,NULL,NULL,'0',NULL,NULL,NULL,0,0,NULL,0,0,'A000039',NULL),('A',71,000040,1,'19162/SENE06/12/2010',NULL,NULL,NULL,NULL,'40000003','2010-12-01 11:44:03','0000-00-00 00:00:00',8040,0,'SOGM',NULL,'BG8792F','1000000006','SENE','SENE06','1986',175,0,'AGUS W',0,'','ptp.ma',NULL,'KG',NULL,NULL,'0','0','0',0,'',NULL,NULL,NULL,NULL,'0',NULL,NULL,NULL,0,0,NULL,0,0,'A000040',NULL),('A',72,000041,1,'20031/SOGE01/12/2010',NULL,NULL,NULL,NULL,'40000003','2010-12-01 11:45:07','0000-00-00 00:00:00',7040,0,'SOGM',NULL,'BG8199F','1000000001','SOGE','SOGE01','1984',120,0,'LENDRA',0,'','ptp.ma',NULL,'KG',NULL,NULL,'0','0','0',0,'',NULL,NULL,NULL,NULL,'0',NULL,NULL,NULL,0,0,NULL,0,0,'A000041',NULL),('A',73,000042,1,'19163/SENE06/12/2010',NULL,NULL,NULL,NULL,'40000003','2010-12-01 11:46:29','0000-00-00 00:00:00',8690,0,'SOGM',NULL,'BG4840FB','1000000006','SENE','SENE06','',195,0,'DIDIK',0,'','ptp.ma',NULL,'KG',NULL,NULL,'0','0','0',0,'',NULL,NULL,NULL,NULL,'0',NULL,NULL,NULL,0,0,NULL,0,0,'A000042',NULL),('A',74,000043,1,'2543/SKNE07/12/2010',NULL,NULL,NULL,NULL,'40000003','2010-12-01 11:54:40','0000-00-00 00:00:00',7680,0,'SOGM',NULL,'BG8077D','1000000026','SKNE','SKNE07','2003',389,0,'KUSNADI',0,'','ptp.ma',NULL,'KG',NULL,NULL,'0','0','0',0,'',NULL,NULL,NULL,NULL,'0',NULL,NULL,NULL,0,0,NULL,0,0,'A000043',NULL),('A',75,000044,1,'14722/SOGE02/12/2010',NULL,NULL,NULL,NULL,'40000003','2010-12-01 11:56:56','0000-00-00 00:00:00',7430,0,'SOGM',NULL,'BG8505UA','1000000002','SOGE','SOGE02','1990',169,0,'juli',0,'','ptp.ma',NULL,'KG',NULL,NULL,'0','0','0',0,'',NULL,NULL,NULL,NULL,'0',NULL,NULL,NULL,0,0,NULL,0,0,'A000044',NULL),('A',76,000045,1,'101756/SENE05/12/2010',NULL,NULL,NULL,NULL,'40000003','2010-12-01 11:59:02','0000-00-00 00:00:00',8630,0,'SOGM',NULL,'BG8649UD','1000000005','SENE','SENE05','',210,0,'SLIM',0,'','ptp.ma',NULL,'KG',NULL,NULL,'0','0','0',0,'',NULL,NULL,NULL,NULL,'0',NULL,NULL,NULL,0,0,NULL,0,0,'A000045',NULL),('A',77,000032,0,'144/SOGE02/12/2010',NULL,NULL,NULL,NULL,'40000003','2010-12-01 11:08:49','2010-12-01 12:00:21',8870,3140,'SOGM',NULL,'BG4197MA','1000000002','SOGE','SOGE02','1985',175,0,'ARYANI',5730,'','ptp.ma',NULL,'KG',NULL,NULL,'0','0','0',0,NULL,NULL,NULL,NULL,NULL,'0',NULL,NULL,NULL,0,0,NULL,0,0,'A000032',NULL),('A',78,000030,0,'',NULL,NULL,NULL,NULL,'40000003','2010-12-01 10:57:28','2010-12-01 12:02:35',11920,3600,'SOGM',NULL,'BE4637BE','1000000055',NULL,NULL,'2005',1186,0,'',8320,'','ptp.ma',NULL,'KG',NULL,NULL,'0','0','0',0,NULL,NULL,NULL,NULL,NULL,'0',NULL,NULL,'',0,0,'',0,0,'A000030',NULL),('A',79,000031,0,'',NULL,NULL,NULL,NULL,'40000003','2010-12-01 11:07:18','2010-12-01 12:04:39',10900,3210,'SOGM',NULL,'BG4367EB','1000000055',NULL,NULL,'2005',1260,0,'',7690,'','ptp.ma',NULL,'KG',NULL,NULL,'0','0','0',0,NULL,NULL,NULL,NULL,NULL,'0',NULL,NULL,'',0,0,'',0,0,'A000031',NULL),('A',80,000037,0,'193/SOGE04/12/2010',NULL,NULL,NULL,NULL,'40000003','2010-12-01 11:32:52','2010-12-01 12:06:18',8130,3940,'SOGM',NULL,'BG8850UA','1000000004','SOGE','SOGE04','1985',163,0,'yusi',4190,'','ptp.ma',NULL,'KG',NULL,NULL,'0','0','0',0,NULL,NULL,NULL,NULL,NULL,'0',NULL,NULL,NULL,0,0,NULL,0,0,'A000037',NULL),('A',81,000038,0,'140/SOGE03/12/2010',NULL,NULL,NULL,NULL,'40000003','2010-12-01 11:34:24','2010-12-01 12:07:36',5810,3650,'SOGM',NULL,'BG8796F','1000000003','SOGE','SOGE03','1985',95,0,'saher',2160,'','ptp.ma',NULL,'KG',NULL,NULL,'0','0','0',0,NULL,NULL,NULL,NULL,NULL,'0',NULL,NULL,NULL,0,0,NULL,0,0,'A000038',NULL),('A',82,000039,0,'140/SOGE03/12/2010',NULL,NULL,NULL,NULL,'40000003','2010-12-01 11:42:45','2010-12-01 12:09:06',8240,3900,'SOGM',NULL,'BG8008XL','1000000003','SOGE','SOGE03','',152,0,'MULDIN',4340,'','ptp.ma',NULL,'KG',NULL,NULL,'0','0','0',0,NULL,NULL,NULL,NULL,NULL,'0',NULL,NULL,NULL,0,0,NULL,0,0,'A000039',NULL),('A',83,000040,0,'191/SENE06/12/2010',NULL,NULL,NULL,NULL,'40000003','2010-12-01 11:44:03','2010-12-01 12:10:43',8040,3580,'SOGM',NULL,'BG8792F','1000000006','SENE','SENE06','1986',175,0,'AGUS W',4460,'','ptp.ma',NULL,'KG',NULL,NULL,'0','0','0',0,NULL,NULL,NULL,NULL,NULL,'0',NULL,NULL,NULL,0,0,NULL,0,0,'A000040',NULL),('A',84,000041,0,'200/SOGE01/12/2010',NULL,NULL,NULL,NULL,'40000003','2010-12-01 11:45:07','2010-12-01 12:11:56',7040,3540,'SOGM',NULL,'BG8199F','1000000001','SOGE','SOGE01','1984',120,0,'LENDRA',3500,'','ptp.ma',NULL,'KG',NULL,NULL,'0','0','0',0,NULL,NULL,NULL,NULL,NULL,'0',NULL,NULL,NULL,0,0,NULL,0,0,'A000041',NULL),('A',85,000044,0,'147/SOGE02/12/2010',NULL,NULL,NULL,NULL,'40000003','2010-12-01 11:56:56','2010-12-01 12:13:26',7430,3930,'SOGM',NULL,'BG8505UA','1000000002','SOGE','SOGE02','1990',169,0,'juli',3500,'','ptp.ma',NULL,'KG',NULL,NULL,'0','0','0',0,NULL,NULL,NULL,NULL,NULL,'0',NULL,NULL,NULL,0,0,NULL,0,0,'A000044',NULL),('A',86,000045,0,'101/SENE05/12/2010',NULL,NULL,NULL,NULL,'40000003','2010-12-01 11:59:02','2010-12-01 12:14:56',8630,3810,'SOGM',NULL,'BG8649UD','1000000005','SENE','SENE05','',210,0,'SLIM',4820,'','ptp.ma',NULL,'KG',NULL,NULL,'0','0','0',0,NULL,NULL,NULL,NULL,NULL,'0',NULL,NULL,NULL,0,0,NULL,0,0,'A000045',NULL),('A',87,000042,0,'191/SENE06/12/2010',NULL,NULL,NULL,NULL,'40000003','2010-12-01 11:46:29','2010-12-01 12:16:27',8690,3220,'SOGM',NULL,'BG4840FB','1000000006','SENE','SENE06','',195,0,'DIDIK',5470,'','ptp.ma',NULL,'KG',NULL,NULL,'0','0','0',0,NULL,NULL,NULL,NULL,NULL,'0',NULL,NULL,NULL,0,0,NULL,0,0,'A000042',NULL),('A',88,000043,0,'254/SKNE07/12/2010',NULL,NULL,NULL,NULL,'40000003','2010-12-01 11:54:40','2010-12-01 12:18:28',7680,3090,'SOGM',NULL,'BG8077D','1000000026','SKNE','SKNE07','2003',389,0,'KUSNADI',4590,'','ptp.ma',NULL,'KG',NULL,NULL,'0','0','0',0,NULL,NULL,NULL,NULL,NULL,'0',NULL,NULL,NULL,0,0,NULL,0,0,'A000043',NULL),('A',89,000034,0,'',NULL,NULL,NULL,NULL,'40000003','2010-12-01 11:13:38','2010-12-01 12:20:35',12570,3180,'SOGM',NULL,'BE4276W','1000000021',NULL,NULL,'1990',602,0,'EKA',9390,'','ptp.ma',NULL,'KG',NULL,NULL,'0','0','0',0,NULL,NULL,NULL,NULL,NULL,'0',NULL,NULL,'',0,0,'',0,0,'A000034',NULL),('A',90,000046,1,'4614/SKSE04/12/2010',NULL,NULL,NULL,NULL,'40000003','2010-12-01 12:33:34','0000-00-00 00:00:00',10740,0,'SOGM',NULL,'BG8005JA','1000000025','SKSE','SKSE04','',513,0,'BURTIWI',0,'','ptp.ma',NULL,'KG',NULL,NULL,'0','0','0',0,'',NULL,NULL,NULL,NULL,'0',NULL,NULL,NULL,0,0,NULL,0,0,'A000046',NULL),('A',91,000047,1,'018866/SOGE01/12/2010',NULL,NULL,NULL,NULL,'40000003','2010-12-01 12:36:05','0000-00-00 00:00:00',8090,0,'SOGM',NULL,'BG8673F','1000000001','SOGE','SOGE01','1984',167,0,'MUTAMAT',0,'','ptp.ma',NULL,'KG',NULL,NULL,'0','0','0',0,'',NULL,NULL,NULL,NULL,'0',NULL,NULL,NULL,0,0,NULL,0,0,'A000047',NULL),('A',92,000048,1,'13706/SOGE03/12/2010',NULL,NULL,NULL,NULL,'40000003','2010-12-01 12:39:30','0000-00-00 00:00:00',8720,0,'SOGM',NULL,'BG8009XL','1000000003','SOGE','SOGE03','1985',169,0,'OMJALI',0,'','ptp.ma',NULL,'KG',NULL,NULL,'0','0','0',0,'',NULL,NULL,NULL,NULL,'0',NULL,NULL,NULL,0,0,NULL,0,0,'A000048',NULL),('A',93,000049,1,'018867/SOGE01/12/2010',NULL,NULL,NULL,NULL,'40000003','2010-12-01 12:41:40','0000-00-00 00:00:00',2130,0,'SOGM',NULL,'BG9933MB','1000000001','SOGE','SOGE01','1984',40,0,'MARWAN',0,'','ptp.ma',NULL,'KG',NULL,NULL,'0','0','0',0,'',NULL,NULL,NULL,NULL,'0',NULL,NULL,NULL,0,0,NULL,0,0,'A000049',NULL),('A',94,000050,1,'019352/SOGE04/12/2010',NULL,NULL,NULL,NULL,'40000003','2010-12-01 12:43:30','0000-00-00 00:00:00',7780,0,'SOGM',NULL,'BG8148MQ','1000000004','SOGE','SOGE04','',146,0,'MISNI',0,'','ptp.ma',NULL,'KG',NULL,NULL,'0','0','0',0,'',NULL,NULL,NULL,NULL,'0',NULL,NULL,NULL,0,0,NULL,0,0,'A000050',NULL),('A',95,000051,1,'018868/SOGE01/12/2010',NULL,NULL,NULL,NULL,'40000003','2010-12-01 12:45:03','0000-00-00 00:00:00',8100,0,'SOGM',NULL,'BG8672F','1000000001','SOGE','SOGE01','1984',152,0,'AGUS W',0,'','ptp.ma',NULL,'KG',NULL,NULL,'0','0','0',0,'',NULL,NULL,NULL,NULL,'0',NULL,NULL,NULL,0,0,NULL,0,0,'A000051',NULL),('A',96,000052,1,'0100082/SENE05/12/2010',NULL,NULL,NULL,NULL,'40000003','2010-12-01 12:46:31','0000-00-00 00:00:00',8300,0,'SOGM',NULL,'BG4078FB','1000000005','SENE','SENE05','1986',200,0,'IRAWAN',0,'','ptp.ma',NULL,'KG',NULL,NULL,'0','0','0',0,'',NULL,NULL,NULL,NULL,'0',NULL,NULL,NULL,0,0,NULL,0,0,'A000052',NULL),('A',97,000053,1,'013406/SENE08/12/2010',NULL,NULL,NULL,NULL,'40000003','2010-12-01 12:48:36','0000-00-00 00:00:00',7360,0,'SOGM',NULL,'BH8720AI','1000000008','SENE','SENE08','1984',220,0,'JOHAN',0,'','ptp.ma',NULL,'KG',NULL,NULL,'0','0','0',0,'',NULL,NULL,NULL,NULL,'0',NULL,NULL,NULL,0,0,NULL,0,0,'A000053',NULL),('A',98,000054,1,'19353/SOGE02/12/2010',NULL,NULL,NULL,NULL,'40000003','2010-12-01 12:52:22','0000-00-00 00:00:00',6750,0,'SOGM',NULL,'BG8109UB','1000000002','SOGE','SOGE02','1989',145,0,'ALI',0,'','ptp.ma',NULL,'KG',NULL,NULL,'0','0','0',0,'',NULL,NULL,NULL,NULL,'0',NULL,NULL,NULL,0,0,NULL,0,0,'A000054',NULL),('A',99,000055,1,'20041/SOGE01/12/2010',NULL,NULL,NULL,NULL,'40000003','2010-12-01 12:53:44','0000-00-00 00:00:00',7500,0,'SOGM',NULL,'BG8108F','1000000001','SOGE','SOGE01','1984',130,0,'UDIN',0,'','ptp.ma',NULL,'KG',NULL,NULL,'0','0','0',0,'',NULL,NULL,NULL,NULL,'0',NULL,NULL,NULL,0,0,NULL,0,0,'A000055',NULL),('A',100,000056,1,'19164/SENE06/12/2010',NULL,NULL,NULL,NULL,'40000003','2010-12-01 12:55:38','0000-00-00 00:00:00',8420,0,'SOGM',NULL,'BG8793F','1000000006','SENE','SENE06','',187,0,'SUNARDI',0,'','ptp.ma',NULL,'KG',NULL,NULL,'0','0','0',0,'',NULL,NULL,NULL,NULL,'0',NULL,NULL,NULL,0,0,NULL,0,0,'A000056',NULL),('A',101,000057,1,'2491/SKNE08/12/2010',NULL,NULL,NULL,NULL,'40000003','2010-12-01 12:57:35','0000-00-00 00:00:00',9190,0,'SOGM',NULL,'BG8043FM','1000000026','SKNE','SKNE08','2002',610,0,'RIDWAN',0,'','ptp.ma',NULL,'KG',NULL,NULL,'0','0','0',0,'',NULL,NULL,NULL,NULL,'0',NULL,NULL,NULL,0,0,NULL,0,0,'A000057',NULL),('A',102,000058,1,'1241/SKSE01/12/2010',NULL,NULL,NULL,NULL,'40000003','2010-12-01 12:59:25','0000-00-00 00:00:00',8280,0,'SOGM',NULL,'BG4446AP','1000000025','SKSE','SKSE01','1999',535,0,'SUGITOK',0,'','ptp.ma',NULL,'KG',NULL,NULL,'0','0','0',0,'',NULL,NULL,NULL,NULL,'0',NULL,NULL,NULL,0,0,NULL,0,0,'A000058',NULL),('A',103,000059,1,'3393/SKSE02/12/2010',NULL,NULL,NULL,NULL,'40000003','2010-12-01 13:00:45','0000-00-00 00:00:00',9250,0,'SOGM',NULL,'BG4794FB','1000000025','SKSE','SKSE02','',448,0,'ASDI',0,'','ptp.ma',NULL,'KG',NULL,NULL,'0','0','0',0,'',NULL,NULL,NULL,NULL,'0',NULL,NULL,NULL,0,0,NULL,0,0,'A000059',NULL),('A',104,000047,0,'018/SOGE01/12/2010',NULL,NULL,NULL,NULL,'40000003','2010-12-01 12:36:05','2010-12-01 13:01:49',8090,3970,'SOGM',NULL,'BG8673F','1000000001','SOGE','SOGE01','1984',167,0,'MUTAMAT',4120,'','ptp.ma',NULL,'KG',NULL,NULL,'0','0','0',0,NULL,NULL,NULL,NULL,NULL,'0',NULL,NULL,NULL,0,0,NULL,0,0,'A000047',NULL),('A',105,000048,0,'137/SOGE03/12/2010',NULL,NULL,NULL,NULL,'40000003','2010-12-01 12:39:30','2010-12-01 13:03:12',8720,3890,'SOGM',NULL,'BG8009XL','1000000003','SOGE','SOGE03','1985',169,0,'OMJALI',4830,'','ptp.ma',NULL,'KG',NULL,NULL,'0','0','0',0,NULL,NULL,NULL,NULL,NULL,'0',NULL,NULL,NULL,0,0,NULL,0,0,'A000048',NULL),('A',106,000050,0,'019/SOGE04/12/2010',NULL,NULL,NULL,NULL,'40000003','2010-12-01 12:43:30','2010-12-01 13:04:32',7780,3880,'SOGM',NULL,'BG8148MQ','1000000004','SOGE','SOGE04','',146,0,'MISNI',3900,'','ptp.ma',NULL,'KG',NULL,NULL,'0','0','0',0,NULL,NULL,NULL,NULL,NULL,'0',NULL,NULL,NULL,0,0,NULL,0,0,'A000050',NULL),('A',107,000049,0,'018/SOGE01/12/2010',NULL,NULL,NULL,NULL,'40000003','2010-12-01 12:41:40','2010-12-01 13:05:44',2130,960,'SOGM',NULL,'BG9933MB','1000000001','SOGE','SOGE01','1984',40,0,'MARWAN',1170,'','ptp.ma',NULL,'KG',NULL,NULL,'0','0','0',0,NULL,NULL,NULL,NULL,NULL,'0',NULL,NULL,NULL,0,0,NULL,0,0,'A000049',NULL),('A',108,000051,0,'018/SOGE01/12/2010',NULL,NULL,NULL,NULL,'40000003','2010-12-01 12:45:03','2010-12-01 13:06:56',8100,4040,'SOGM',NULL,'BG8672F','1000000001','SOGE','SOGE01','1984',152,0,'AGUS W',4060,'','ptp.ma',NULL,'KG',NULL,NULL,'0','0','0',0,NULL,NULL,NULL,NULL,NULL,'0',NULL,NULL,NULL,0,0,NULL,0,0,'A000051',NULL),('A',109,000054,0,'193/SOGE02/12/2010',NULL,NULL,NULL,NULL,'40000003','2010-12-01 12:52:22','2010-12-01 13:08:18',6750,3500,'SOGM',NULL,'BG8109UB','1000000002','SOGE','SOGE02','1989',145,0,'ALI',3250,'','ptp.ma',NULL,'KG',NULL,NULL,'0','0','0',0,NULL,NULL,NULL,NULL,NULL,'0',NULL,NULL,NULL,0,0,NULL,0,0,'A000054',NULL),('A',110,000055,0,'200/SOGE01/12/2010',NULL,NULL,NULL,NULL,'40000003','2010-12-01 12:53:44','2010-12-01 13:09:38',7500,3520,'SOGM',NULL,'BG8108F','1000000001','SOGE','SOGE01','1984',130,0,'UDIN',3980,'','ptp.ma',NULL,'KG',NULL,NULL,'0','0','0',0,NULL,NULL,NULL,NULL,NULL,'0',NULL,NULL,NULL,0,0,NULL,0,0,'A000055',NULL),('A',111,000056,0,'191/SENE06/12/2010',NULL,NULL,NULL,NULL,'40000003','2010-12-01 12:55:38','2010-12-01 13:11:01',8420,3640,'SOGM',NULL,'BG8793F','1000000006','SENE','SENE06','',187,0,'SUNARDI',4780,'','ptp.ma',NULL,'KG',NULL,NULL,'0','0','0',0,NULL,NULL,NULL,NULL,NULL,'0',NULL,NULL,NULL,0,0,NULL,0,0,'A000056',NULL),('A',112,000052,0,'010/SENE05/12/2010',NULL,NULL,NULL,NULL,'40000003','2010-12-01 12:46:31','2010-12-01 13:12:26',8300,3090,'SOGM',NULL,'BG4078FB','1000000005','SENE','SENE05','1986',200,0,'IRAWAN',5210,'','ptp.ma',NULL,'KG',NULL,NULL,'0','0','0',0,NULL,NULL,NULL,NULL,NULL,'0',NULL,NULL,NULL,0,0,NULL,0,0,'A000052',NULL),('A',113,000046,0,'461/SKSE04/12/2010',NULL,NULL,NULL,NULL,'40000003','2010-12-01 12:33:34','2010-12-01 13:13:42',10740,3390,'SOGM',NULL,'BG8005JA','1000000025','SKSE','SKSE04','',513,0,'BURTIWI',7350,'','ptp.ma',NULL,'KG',NULL,NULL,'0','0','0',0,NULL,NULL,NULL,NULL,NULL,'0',NULL,NULL,NULL,0,0,NULL,0,0,'A000046',NULL),('A',114,000053,0,'013/SENE08/12/2010',NULL,NULL,NULL,NULL,'40000003','2010-12-01 12:48:36','2010-12-01 13:15:17',7360,3250,'SOGM',NULL,'BH8720AI','1000000008','SENE','SENE08','1984',220,0,'JOHAN',4110,'','ptp.ma',NULL,'KG',NULL,NULL,'0','0','0',0,NULL,NULL,NULL,NULL,NULL,'0',NULL,NULL,NULL,0,0,NULL,0,0,'A000053',NULL),('A',115,000060,1,'',NULL,NULL,NULL,NULL,'40000003','2010-12-01 13:19:11','0000-00-00 00:00:00',9700,0,'SOGM',NULL,'B9725D','1000000042',NULL,NULL,'',333,0,'SAHROJI',0,'','ptp.ma',NULL,'KG',NULL,NULL,'0','0','0',0,NULL,NULL,NULL,NULL,NULL,'0',NULL,NULL,'',0,0,'',0,0,'A000060',NULL),('A',116,000061,1,'',NULL,NULL,NULL,NULL,'40000003','2010-12-01 13:21:09','0000-00-00 00:00:00',10190,0,'SOGM',NULL,'BG8709F','1000000042',NULL,NULL,'1993',356,0,'SLAMET',0,'','ptp.ma',NULL,'KG',NULL,NULL,'0','0','0',0,NULL,NULL,NULL,NULL,NULL,'0',NULL,NULL,'',0,0,'',0,0,'A000061',NULL),('A',117,000062,1,'14084/SOGE03/12/2010',NULL,NULL,NULL,NULL,'40000003','2010-12-01 13:23:17','0000-00-00 00:00:00',8170,0,'SOGM',NULL,'BG8350UE','1000000003','SOGE','SOGE03','1985',170,0,'FAUJI',0,'','ptp.ma',NULL,'KG',NULL,NULL,'0','0','0',0,'',NULL,NULL,NULL,NULL,'0',NULL,NULL,NULL,0,0,NULL,0,0,'A000062',NULL),('A',118,000063,1,'3740/SKSE03/12/2010',NULL,NULL,NULL,NULL,'40000003','2010-12-01 13:24:33','0000-00-00 00:00:00',11430,0,'SOGM',NULL,'BG4794MK','1000000025','SKSE','SKSE03','',530,0,'YANTO',0,'','ptp.ma',NULL,'KG',NULL,NULL,'0','0','0',0,'',NULL,NULL,NULL,NULL,'0',NULL,NULL,NULL,0,0,NULL,0,0,'A000063',NULL),('A',119,000064,1,'3171/SKNE07/12/2010',NULL,NULL,NULL,NULL,'40000003','2010-12-01 13:25:54','0000-00-00 00:00:00',8760,0,'SOGM',NULL,'BG9086Y','1000000026','SKNE','SKNE07','2004',650,0,'SAHRUDIN',0,'','ptp.ma',NULL,'KG',NULL,NULL,'0','0','0',0,'',NULL,NULL,NULL,NULL,'0',NULL,NULL,NULL,0,0,NULL,0,0,'A000064',NULL),('A',120,000065,1,NULL,NULL,NULL,NULL,'','35100001','2010-12-01 13:27:04','0000-00-00 00:00:00',7330,0,'SOGM',NULL,'BG4842FB','1000000033',NULL,NULL,NULL,0,0,'',0,NULL,'ptp.ma',NULL,'KG','PTPMA',NULL,'0','0','0',0,NULL,NULL,NULL,NULL,NULL,'0',NULL,NULL,NULL,0,0,NULL,0,0,'A000065',NULL),('A',121,000066,1,'4657/SKSE04/12/2010',NULL,NULL,NULL,NULL,'40000003','2010-12-01 13:28:44','0000-00-00 00:00:00',9440,0,'SOGM',NULL,'BG8586UA','1000000025','SKSE','SKSE04','',465,0,'KADIR',0,'','ptp.ma',NULL,'KG',NULL,NULL,'0','0','0',0,'',NULL,NULL,NULL,NULL,'0',NULL,NULL,NULL,0,0,NULL,0,0,'A000066',NULL),('A',122,000067,1,'',NULL,NULL,NULL,NULL,'40000003','2010-12-01 13:29:53','0000-00-00 00:00:00',10420,0,'SOGM',NULL,'BG8895MI','1000000047',NULL,NULL,'',694,0,'DENI',0,'','ptp.ma',NULL,'KG',NULL,NULL,'0','0','0',0,NULL,NULL,NULL,NULL,NULL,'0',NULL,NULL,'',0,0,'',0,0,'A000067',NULL),('A',123,000068,1,'/SKSE03/12/2010',NULL,NULL,NULL,NULL,'40000003','2010-12-01 13:32:11','0000-00-00 00:00:00',8260,0,'SOGM',NULL,'BG8542FM','1000000025','SKSE','SKSE03','',380,0,'ZAMRUDIN',0,'','ptp.ma',NULL,'KG',NULL,NULL,'0','0','0',0,'',NULL,NULL,NULL,NULL,'0',NULL,NULL,NULL,0,0,NULL,0,0,'A000068',NULL),('A',124,000069,1,'14918/SOGE02/12/2010',NULL,NULL,NULL,NULL,'40000003','2010-12-01 13:34:01','0000-00-00 00:00:00',8140,0,'SOGM',NULL,'BG8507UA','1000000002','SOGE','SOGE02','1985',150,0,'UDIN',0,'','ptp.ma',NULL,'KG',NULL,NULL,'0','0','0',0,'',NULL,NULL,NULL,NULL,'0',NULL,NULL,NULL,0,0,NULL,0,0,'A000069',NULL),('A',125,000070,1,'3005/SKNE05/12/2010',NULL,NULL,NULL,NULL,'40000003','2010-12-01 13:35:46','0000-00-00 00:00:00',9880,0,'SOGM',NULL,'BG9950LF','1000000026','SKNE','SKNE05','',445,0,'MIL',0,'','ptp.ma',NULL,'KG',NULL,NULL,'0','0','0',0,'',NULL,NULL,NULL,NULL,'0',NULL,NULL,NULL,0,0,NULL,0,0,'A000070',NULL),('A',126,000071,1,'3698/SKNE06/12/2010',NULL,NULL,NULL,NULL,'40000003','2010-12-01 13:37:01','0000-00-00 00:00:00',7580,0,'SOGM',NULL,'BG4814FB','1000000026','SKNE','SKNE06','2001',432,0,'SUGITOK',0,'','ptp.ma',NULL,'KG',NULL,NULL,'0','0','0',0,'',NULL,NULL,NULL,NULL,'0',NULL,NULL,NULL,0,0,NULL,0,0,'A000071',NULL),('A',127,000072,1,'3395/SKSE02/12/2010',NULL,NULL,NULL,NULL,'40000003','2010-12-01 13:38:25','0000-00-00 00:00:00',9230,0,'SOGM',NULL,'BG8763AJ','1000000025','SKSE','SKSE02','',253,0,'NARIM',0,'','ptp.ma',NULL,'KG',NULL,NULL,'0','0','0',0,'',NULL,NULL,NULL,NULL,'0',NULL,NULL,NULL,0,0,NULL,0,0,'A000072',NULL),('A',128,000073,1,'20032/SOGE01/12/2010',NULL,NULL,NULL,NULL,'40000003','2010-12-01 13:39:52','0000-00-00 00:00:00',7710,0,'SOGM',NULL,'BG8199F','1000000001','SOGE','SOGE01','1984',123,0,'LENDRA',0,'','ptp.ma',NULL,'KG',NULL,NULL,'0','0','0',0,'',NULL,NULL,NULL,NULL,'0',NULL,NULL,NULL,0,0,NULL,0,0,'A000073',NULL),('A',129,000059,0,'339/SKSE02/12/2010',NULL,NULL,NULL,NULL,'40000003','2010-12-01 13:00:45','2010-12-01 13:41:04',9250,3200,'SOGM',NULL,'BG4794FB','1000000025','SKSE','SKSE02','',448,0,'ASDI',6050,'','ptp.ma',NULL,'KG',NULL,NULL,'0','0','0',0,NULL,NULL,NULL,NULL,NULL,'0',NULL,NULL,NULL,0,0,NULL,0,0,'A000059',NULL),('A',130,000057,0,'249/SKNE08/12/2010',NULL,NULL,NULL,NULL,'40000003','2010-12-01 12:57:35','2010-12-01 13:42:45',9190,3380,'SOGM',NULL,'BG8043FM','1000000026','SKNE','SKNE08','2002',610,0,'RIDWAN',5810,'','ptp.ma',NULL,'KG',NULL,NULL,'0','0','0',0,NULL,NULL,NULL,NULL,NULL,'0',NULL,NULL,NULL,0,0,NULL,0,0,'A000057',NULL),('A',131,000058,0,'124/SKSE01/12/2010',NULL,NULL,NULL,NULL,'40000003','2010-12-01 12:59:25','2010-12-01 13:44:07',8280,3010,'SOGM',NULL,'BG4446AP','1000000025','SKSE','SKSE01','1999',535,0,'SUGITOK',5270,'','ptp.ma',NULL,'KG',NULL,NULL,'0','0','0',0,NULL,NULL,NULL,NULL,NULL,'0',NULL,NULL,NULL,0,0,NULL,0,0,'A000058',NULL),('A',132,000062,0,'140/SOGE03/12/2010',NULL,NULL,NULL,NULL,'40000003','2010-12-01 13:23:17','2010-12-01 13:45:49',8170,3910,'SOGM',NULL,'BG8350UE','1000000003','SOGE','SOGE03','1985',170,0,'FAUJI',4260,'','ptp.ma',NULL,'KG',NULL,NULL,'0','0','0',0,NULL,NULL,NULL,NULL,NULL,'0',NULL,NULL,NULL,0,0,NULL,0,0,'A000062',NULL),('A',133,000060,0,'',NULL,NULL,NULL,NULL,'40000003','2010-12-01 13:19:11','2010-12-01 13:47:30',9700,3320,'SOGM',NULL,'B9725D','1000000042',NULL,NULL,'',333,0,'SAHROJI',6380,'','ptp.ma',NULL,'KG',NULL,NULL,'0','0','0',0,NULL,NULL,NULL,NULL,NULL,'0',NULL,NULL,'',0,0,'',0,0,'A000060',NULL),('A',134,000061,0,'',NULL,NULL,NULL,NULL,'40000003','2010-12-01 13:21:09','2010-12-01 13:48:57',10190,3590,'SOGM',NULL,'BG8709F','1000000042',NULL,NULL,'1993',356,0,'SLAMET',6600,'','ptp.ma',NULL,'KG',NULL,NULL,'0','0','0',0,NULL,NULL,NULL,NULL,NULL,'0',NULL,NULL,'',0,0,'',0,0,'A000061',NULL),('A',135,000067,0,'',NULL,NULL,NULL,NULL,'40000003','2010-12-01 13:29:53','2010-12-01 13:50:26',10420,3810,'SOGM',NULL,'BG8895MI','1000000047',NULL,NULL,'',694,0,'DENI',6610,'','ptp.ma',NULL,'KG',NULL,NULL,'0','0','0',0,NULL,NULL,NULL,NULL,NULL,'0',NULL,NULL,'',0,0,'',0,0,'A000067',NULL),('A',136,000068,0,'/SK/SKSE03/12/2010',NULL,NULL,NULL,NULL,'40000003','2010-12-01 13:32:11','2010-12-01 13:52:17',8260,3750,'SOGM',NULL,'BG8542FM','1000000025','SKSE','SKSE03','',380,0,'ZAMRUDIN',4510,'','ptp.ma',NULL,'KG',NULL,NULL,'0','0','0',0,NULL,NULL,NULL,NULL,NULL,'0',NULL,NULL,NULL,0,0,NULL,0,0,'A000068',NULL),('A',137,000069,0,'149/SOGE02/12/2010',NULL,NULL,NULL,NULL,'40000003','2010-12-01 13:34:01','2010-12-01 13:53:34',8140,3980,'SOGM',NULL,'BG8507UA','1000000002','SOGE','SOGE02','1985',150,0,'UDIN',4160,'','ptp.ma',NULL,'KG',NULL,NULL,'0','0','0',0,NULL,NULL,NULL,NULL,NULL,'0',NULL,NULL,NULL,0,0,NULL,0,0,'A000069',NULL),('A',138,000073,0,'200/SOGE01/12/2010',NULL,NULL,NULL,NULL,'40000003','2010-12-01 13:39:52','2010-12-01 13:54:51',7710,3530,'SOGM',NULL,'BG8199F','1000000001','SOGE','SOGE01','1984',123,0,'LENDRA',4180,'','ptp.ma',NULL,'KG',NULL,NULL,'0','0','0',0,NULL,NULL,NULL,NULL,NULL,'0',NULL,NULL,NULL,0,0,NULL,0,0,'A000073',NULL),('A',139,000063,0,'374/SKSE03/12/2010',NULL,NULL,NULL,NULL,'40000003','2010-12-01 13:24:33','2010-12-01 13:55:56',11430,3360,'SOGM',NULL,'BG4794MK','1000000025','SKSE','SKSE03','',530,0,'YANTO',8070,'','ptp.ma',NULL,'KG',NULL,NULL,'0','0','0',0,NULL,NULL,NULL,NULL,NULL,'0',NULL,NULL,NULL,0,0,NULL,0,0,'A000063',NULL),('A',140,000064,0,'317/SKNE07/12/2010',NULL,NULL,NULL,NULL,'40000003','2010-12-01 13:25:54','2010-12-01 13:57:15',8760,3210,'SOGM',NULL,'BG9086Y','1000000026','SKNE','SKNE07','2004',650,0,'SAHRUDIN',5550,'','ptp.ma',NULL,'KG',NULL,NULL,'0','0','0',0,NULL,NULL,NULL,NULL,NULL,'0',NULL,NULL,NULL,0,0,NULL,0,0,'A000064',NULL),('A',141,000066,0,'465/SKSE04/12/2010',NULL,NULL,NULL,NULL,'40000003','2010-12-01 13:28:44','2010-12-01 13:58:32',9440,3190,'SOGM',NULL,'BG8586UA','1000000025','SKSE','SKSE04','',465,0,'KADIR',6250,'','ptp.ma',NULL,'KG',NULL,NULL,'0','0','0',0,NULL,NULL,NULL,NULL,NULL,'0',NULL,NULL,NULL,0,0,NULL,0,0,'A000066',NULL),('A',142,000070,0,'300/SKNE05/12/2010',NULL,NULL,NULL,NULL,'40000003','2010-12-01 13:35:46','2010-12-01 13:59:47',9880,3400,'SOGM',NULL,'BG9950LF','1000000026','SKNE','SKNE05','',445,0,'MIL',6480,'','ptp.ma',NULL,'KG',NULL,NULL,'0','0','0',0,NULL,NULL,NULL,NULL,NULL,'0',NULL,NULL,NULL,0,0,NULL,0,0,'A000070',NULL),('A',143,000071,0,'369/SKNE06/12/2010',NULL,NULL,NULL,NULL,'40000003','2010-12-01 13:37:01','2010-12-01 14:01:50',7580,3190,'SOGM',NULL,'BG4814FB','1000000026','SKNE','SKNE06','2001',432,0,'SUGITOK',4390,'','ptp.ma',NULL,'KG',NULL,NULL,'0','0','0',0,NULL,NULL,NULL,NULL,NULL,'0',NULL,NULL,NULL,0,0,NULL,0,0,'A000071',NULL),('A',144,000074,1,'14460/SENE07/12/2010',NULL,NULL,NULL,NULL,'40000003','2010-12-01 14:05:12','0000-00-00 00:00:00',7950,0,'SOGM',NULL,'BG8968D','1000000007','SENE','SENE07','1986',232,0,'AGUS',0,'','ptp.ma',NULL,'KG',NULL,NULL,'0','0','0',0,'',NULL,NULL,NULL,NULL,'0',NULL,NULL,NULL,0,0,NULL,0,0,'A000074',NULL),('A',145,000075,1,'3696/SKNE06/12/2010',NULL,NULL,NULL,NULL,'40000003','2010-12-01 14:06:47','0000-00-00 00:00:00',11770,0,'SOGM',NULL,'BG8118FS','1000000026','SKNE','SKNE06','2002',735,0,'AGUS',0,'','ptp.ma',NULL,'KG',NULL,NULL,'0','0','0',0,'',NULL,NULL,NULL,NULL,'0',NULL,NULL,NULL,0,0,NULL,0,0,'A000075',NULL),('A',146,000076,1,'3742`/SKSE03/12/2010',NULL,NULL,NULL,NULL,'40000003','2010-12-01 14:08:27','0000-00-00 00:00:00',10740,0,'SOGM',NULL,'BG8605AJ','1000000025','SKSE','SKSE03','2000',550,0,'HERI',0,'','ptp.ma',NULL,'KG',NULL,NULL,'0','0','0',0,'',NULL,NULL,NULL,NULL,'0',NULL,NULL,NULL,0,0,NULL,0,0,'A000076',NULL),('A',147,000077,1,'/WKNE02/12/2010',NULL,NULL,NULL,NULL,'40000003','2010-12-01 14:12:03','0000-00-00 00:00:00',9550,0,'SOGM',NULL,'BE4489W','1000000051','WKNE','WKNE02','1996',362,0,'PARTONO',0,'','ptp.ma',NULL,'KG',NULL,NULL,'0','0','0',0,'',NULL,NULL,NULL,NULL,'0',NULL,NULL,NULL,0,0,NULL,0,0,'A000077',NULL),('A',148,000078,1,'14789/SOGE02/12/2010',NULL,NULL,NULL,NULL,'40000003','2010-12-01 14:13:24','0000-00-00 00:00:00',7310,0,'SOGM',NULL,'BG8991D','1000000002','SOGE','SOGE02','1986',160,0,'PEDI',0,'','ptp.ma',NULL,'KG',NULL,NULL,'0','0','0',0,'',NULL,NULL,NULL,NULL,'0',NULL,NULL,NULL,0,0,NULL,0,0,'A000078',NULL),('A',149,000079,1,'4615/SKSE04/12/2010',NULL,NULL,NULL,NULL,'40000003','2010-12-01 14:14:58','0000-00-00 00:00:00',10890,0,'SOGM',NULL,'BG8497AJ','1000000025','SKSE','SKSE04','',428,0,'MUBASRI',0,'','ptp.ma',NULL,'KG',NULL,NULL,'0','0','0',0,'',NULL,NULL,NULL,NULL,'0',NULL,NULL,NULL,0,0,NULL,0,0,'A000079',NULL),('A',150,000080,1,'4146/SKSE03/12/2010',NULL,NULL,NULL,NULL,'40000003','2010-12-01 14:16:13','0000-00-00 00:00:00',10530,0,'SOGM',NULL,'BG8881F','1000000025','SKSE','SKSE03','',520,0,'BAMBANG',0,'','ptp.ma',NULL,'KG',NULL,NULL,'0','0','0',0,'',NULL,NULL,NULL,NULL,'0',NULL,NULL,NULL,0,0,NULL,0,0,'A000080',NULL),('A',151,000081,1,'14459/SENE07/12/2010',NULL,NULL,NULL,NULL,'40000003','2010-12-01 14:17:42','0000-00-00 00:00:00',8230,0,'SOGM',NULL,'BG8348F','1000000007','SENE','SENE07','1986',250,0,'AMRIL',0,'','ptp.ma',NULL,'KG',NULL,NULL,'0','0','0',0,'',NULL,NULL,NULL,NULL,'0',NULL,NULL,NULL,0,0,NULL,0,0,'A000081',NULL),('A',152,000082,1,'3710/SKSE01/12/2010',NULL,NULL,NULL,NULL,'40000003','2010-12-01 14:19:03','0000-00-00 00:00:00',8390,0,'SOGM',NULL,'BG8405F','1000000025','SKSE','SKSE01','1999',465,0,'EVAN',0,'','ptp.ma',NULL,'KG',NULL,NULL,'0','0','0',0,'',NULL,NULL,NULL,NULL,'0',NULL,NULL,NULL,0,0,NULL,0,0,'A000082',NULL),('A',153,000083,1,'/WKNE02/12/2010',NULL,NULL,NULL,NULL,'40000003','2010-12-01 14:24:13','0000-00-00 00:00:00',10450,0,'SOGM',NULL,'BG8404YA','1000000051','WKNE','WKNE02','1996',384,0,'IMAM',0,'','ptp.ma',NULL,'KG',NULL,NULL,'0','0','0',0,'',NULL,NULL,NULL,NULL,'0',NULL,NULL,NULL,0,0,NULL,0,0,'A000083',NULL),('A',154,000084,1,'18871/SOGE01/12/2010',NULL,NULL,NULL,NULL,'40000003','2010-12-01 14:25:26','0000-00-00 00:00:00',8710,0,'SOGM',NULL,'BG8673F','1000000001','SOGE','SOGE01','1984',174,0,'MUTAMAT',0,'','ptp.ma',NULL,'KG',NULL,NULL,'0','0','0',0,'',NULL,NULL,NULL,NULL,'0',NULL,NULL,NULL,0,0,NULL,0,0,'A000084',NULL),('A',155,000085,1,'14883/SOGE04/12/2010',NULL,NULL,NULL,NULL,'40000003','2010-12-01 14:26:53','0000-00-00 00:00:00',10770,0,'SOGM',NULL,'BG4908FB','1000000004','SOGE','SOGE04','1985',256,0,'YANTO',0,'','ptp.ma',NULL,'KG',NULL,NULL,'0','0','0',0,'',NULL,NULL,NULL,NULL,'0',NULL,NULL,NULL,0,0,NULL,0,0,'A000085',NULL),('A',156,000086,1,'19362/SOGE01/12/2010',NULL,NULL,NULL,NULL,'40000003','2010-12-01 14:28:14','0000-00-00 00:00:00',7850,0,'SOGM',NULL,'BG8108F','1000000001','SOGE','SOGE01','1984',125,0,'UDIN',0,'','ptp.ma',NULL,'KG',NULL,NULL,'0','0','0',0,'',NULL,NULL,NULL,NULL,'0',NULL,NULL,NULL,0,0,NULL,0,0,'A000086',NULL),('A',157,000087,1,'17766/SOGE01/12/2010',NULL,NULL,NULL,NULL,'40000003','2010-12-01 14:29:36','0000-00-00 00:00:00',6030,0,'SOGM',NULL,'BG8345LN','1000000001','SOGE','SOGE01','1984',140,0,'SUMARNA',0,'','ptp.ma',NULL,'KG',NULL,NULL,'0','0','0',0,'',NULL,NULL,NULL,NULL,'0',NULL,NULL,NULL,0,0,NULL,0,0,'A000087',NULL),('A',158,000088,1,'19146/SOGE01/12/2010',NULL,NULL,NULL,NULL,'40000003','2010-12-01 14:31:15','0000-00-00 00:00:00',2420,0,'SOGM',NULL,'BG9933MB','1000000001','SOGE','SOGE01','',48,0,'MARWAN',0,'','ptp.ma',NULL,'KG',NULL,NULL,'0','0','0',0,'',NULL,NULL,NULL,NULL,'0',NULL,NULL,NULL,0,0,NULL,0,0,'A000088',NULL),('A',159,000089,1,'13336/SENE08/12/2010',NULL,NULL,NULL,NULL,'40000003','2010-12-01 14:32:24','0000-00-00 00:00:00',8850,0,'SOGM',NULL,'BG8197FM','1000000008','SENE','SENE08','1985',193,0,'KUNDUS',0,'','ptp.ma',NULL,'KG',NULL,NULL,'0','0','0',0,'',NULL,NULL,NULL,NULL,'0',NULL,NULL,NULL,0,0,NULL,0,0,'A000089',NULL),('A',160,000090,1,'4656/SKSE04/12/2010',NULL,NULL,NULL,NULL,'40000003','2010-12-01 14:33:54','0000-00-00 00:00:00',10410,0,'SOGM',NULL,'BG8480FM','1000000025','SKSE','SKSE04','',401,0,'YADI',0,'','ptp.ma',NULL,'KG',NULL,NULL,'0','0','0',0,'',NULL,NULL,NULL,NULL,'0',NULL,NULL,NULL,0,0,NULL,0,0,'A000090',NULL),('A',161,000091,1,'3691/SKSE01/12/2010',NULL,NULL,NULL,NULL,'40000003','2010-12-01 14:35:21','0000-00-00 00:00:00',10760,0,'SOGM',NULL,'BG8146AO','1000000025','SKSE','SKSE01','',431,0,'PITRA',0,'','ptp.ma',NULL,'KG',NULL,NULL,'0','0','0',0,'',NULL,NULL,NULL,NULL,'0',NULL,NULL,NULL,0,0,NULL,0,0,'A000091',NULL),('A',162,000072,0,'339/SKSE02/12/2010',NULL,NULL,NULL,NULL,'40000003','2010-12-01 13:38:25','2010-12-01 14:36:31',9230,3320,'SOGM',NULL,'BG8763AJ','1000000025','SKSE','SKSE02','',253,0,'NARIM',5910,'','ptp.ma',NULL,'KG',NULL,NULL,'0','0','0',0,NULL,NULL,NULL,NULL,NULL,'0',NULL,NULL,NULL,0,0,NULL,0,0,'A000072',NULL),('A',163,000078,0,'147/SOGE02/12/2010',NULL,NULL,NULL,NULL,'40000003','2010-12-01 14:13:24','2010-12-01 14:38:10',7310,3680,'SOGM',NULL,'BG8991D','1000000002','SOGE','SOGE02','1986',160,0,'PEDI',3630,'','ptp.ma',NULL,'KG',NULL,NULL,'0','0','0',0,NULL,NULL,NULL,NULL,NULL,'0',NULL,NULL,NULL,0,0,NULL,0,0,'A000078',NULL),('A',164,000074,0,'144/SENE07/12/2010',NULL,NULL,NULL,NULL,'40000003','2010-12-01 14:05:12','2010-12-01 14:39:34',7950,3100,'SOGM',NULL,'BG8968D','1000000007','SENE','SENE07','1986',232,0,'AGUS',4850,'','ptp.ma',NULL,'KG',NULL,NULL,'0','0','0',0,NULL,NULL,NULL,NULL,NULL,'0',NULL,NULL,NULL,0,0,NULL,0,0,'A000074',NULL),('A',165,000082,0,'371/SKSE01/12/2010',NULL,NULL,NULL,NULL,'40000003','2010-12-01 14:19:03','2010-12-01 14:41:31',8390,3520,'SOGM',NULL,'BG8405F','1000000025','SKSE','SKSE01','1999',465,0,'EVAN',4870,'','ptp.ma',NULL,'KG',NULL,NULL,'0','0','0',0,NULL,NULL,NULL,NULL,NULL,'0',NULL,NULL,NULL,0,0,NULL,0,0,'A000082',NULL),('A',166,000081,0,'144/SENE07/12/2010',NULL,NULL,NULL,NULL,'40000003','2010-12-01 14:17:42','2010-12-01 14:42:53',8230,3270,'SOGM',NULL,'BG8348F','1000000007','SENE','SENE07','1986',250,0,'AMRIL',4960,'','ptp.ma',NULL,'KG',NULL,NULL,'0','0','0',0,NULL,NULL,NULL,NULL,NULL,'0',NULL,NULL,NULL,0,0,NULL,0,0,'A000081',NULL),('A',167,000076,0,'374/SKSE03/12/2010',NULL,NULL,NULL,NULL,'40000003','2010-12-01 14:08:27','2010-12-01 14:44:21',10740,3500,'SOGM',NULL,'BG8605AJ','1000000025','SKSE','SKSE03','2000',550,0,'HERI',7240,'','ptp.ma',NULL,'KG',NULL,NULL,'0','0','0',0,NULL,NULL,NULL,NULL,NULL,'0',NULL,NULL,NULL,0,0,NULL,0,0,'A000076',NULL),('A',168,000065,0,NULL,NULL,NULL,NULL,'','35100001','2010-12-01 13:27:04','2010-12-01 14:45:46',7330,3260,'SOGM',NULL,'BG4842FB','1000000033',NULL,NULL,NULL,0,0,'',4070,NULL,'ptp.ma',NULL,'KG','PTPMA',NULL,'0','0','0',0,NULL,NULL,NULL,NULL,NULL,'0',NULL,NULL,NULL,0,0,NULL,0,0,'A000065',NULL),('A',169,000084,0,'188/SOGE01/12/2010',NULL,NULL,NULL,NULL,'40000003','2010-12-01 14:25:26','2010-12-01 14:47:07',8710,4000,'SOGM',NULL,'BG8673F','1000000001','SOGE','SOGE01','1984',174,0,'MUTAMAT',4710,'','ptp.ma',NULL,'KG',NULL,NULL,'0','0','0',0,NULL,NULL,NULL,NULL,NULL,'0',NULL,NULL,NULL,0,0,NULL,0,0,'A000084',NULL),('A',170,000086,0,'193/SOGE01/12/2010',NULL,NULL,NULL,NULL,'40000003','2010-12-01 14:28:14','2010-12-01 14:48:43',7850,3530,'SOGM',NULL,'BG8108F','1000000001','SOGE','SOGE01','1984',125,0,'UDIN',4320,'','ptp.ma',NULL,'KG',NULL,NULL,'0','0','0',0,NULL,NULL,NULL,NULL,NULL,'0',NULL,NULL,NULL,0,0,NULL,0,0,'A000086',NULL),('A',171,000077,0,'/WK/WKNE02/12/2010',NULL,NULL,NULL,NULL,'40000003','2010-12-01 14:12:03','2010-12-01 14:50:09',9550,3270,'SOGM',NULL,'BE4489W','1000000051','WKNE','WKNE02','1996',362,0,'PARTONO',6280,'','ptp.ma',NULL,'KG',NULL,NULL,'0','0','0',0,NULL,NULL,NULL,NULL,NULL,'0',NULL,NULL,NULL,0,0,NULL,0,0,'A000077',NULL),('A',172,000079,0,'461/SKSE04/12/2010',NULL,NULL,NULL,NULL,'40000003','2010-12-01 14:14:58','2010-12-01 14:51:39',10890,3210,'SOGM',NULL,'BG8497AJ','1000000025','SKSE','SKSE04','',428,0,'MUBASRI',7680,'','ptp.ma',NULL,'KG',NULL,NULL,'0','0','0',0,NULL,NULL,NULL,NULL,NULL,'0',NULL,NULL,NULL,0,0,NULL,0,0,'A000079',NULL),('A',173,000080,0,'414/SKSE03/12/2010',NULL,NULL,NULL,NULL,'40000003','2010-12-01 14:16:13','2010-12-01 14:53:11',10530,3210,'SOGM',NULL,'BG8881F','1000000025','SKSE','SKSE03','',520,0,'BAMBANG',7320,'','ptp.ma',NULL,'KG',NULL,NULL,'0','0','0',0,NULL,NULL,NULL,NULL,NULL,'0',NULL,NULL,NULL,0,0,NULL,0,0,'A000080',NULL),('A',174,000075,0,'369/SKNE06/12/2010',NULL,NULL,NULL,NULL,'40000003','2010-12-01 14:06:47','2010-12-01 14:54:39',11770,3590,'SOGM',NULL,'BG8118FS','1000000026','SKNE','SKNE06','2002',735,0,'AGUS',8180,'','ptp.ma',NULL,'KG',NULL,NULL,'0','0','0',0,NULL,NULL,NULL,NULL,NULL,'0',NULL,NULL,NULL,0,0,NULL,0,0,'A000075',NULL),('A',175,000087,0,'177/SOGE01/12/2010',NULL,NULL,NULL,NULL,'40000003','2010-12-01 14:29:36','2010-12-01 14:56:02',6030,3280,'SOGM',NULL,'BG8345LN','1000000001','SOGE','SOGE01','1984',140,0,'SUMARNA',2750,'','ptp.ma',NULL,'KG',NULL,NULL,'0','0','0',0,NULL,NULL,NULL,NULL,NULL,'0',NULL,NULL,NULL,0,0,NULL,0,0,'A000087',NULL),('A',176,000083,0,'/WK/WKNE02/12/2010',NULL,NULL,NULL,NULL,'40000003','2010-12-01 14:24:13','2010-12-01 14:57:22',10450,3350,'SOGM',NULL,'BG8404YA','1000000051','WKNE','WKNE02','1996',384,0,'IMAM',7100,'','ptp.ma',NULL,'KG',NULL,NULL,'0','0','0',0,NULL,NULL,NULL,NULL,NULL,'0',NULL,NULL,NULL,0,0,NULL,0,0,'A000083',NULL),('A',177,000088,0,'191/SOGE01/12/2010',NULL,NULL,NULL,NULL,'40000003','2010-12-01 14:31:15','2010-12-01 14:58:38',2420,950,'SOGM',NULL,'BG9933MB','1000000001','SOGE','SOGE01','',48,0,'MARWAN',1470,'','ptp.ma',NULL,'KG',NULL,NULL,'0','0','0',0,NULL,NULL,NULL,NULL,NULL,'0',NULL,NULL,NULL,0,0,NULL,0,0,'A000088',NULL),('A',178,000089,0,'133/SENE08/12/2010',NULL,NULL,NULL,NULL,'40000003','2010-12-01 14:32:24','2010-12-01 14:59:49',8850,3260,'SOGM',NULL,'BG8197FM','1000000008','SENE','SENE08','1985',193,0,'KUNDUS',5590,'','ptp.ma',NULL,'KG',NULL,NULL,'0','0','0',0,NULL,NULL,NULL,NULL,NULL,'0',NULL,NULL,NULL,0,0,NULL,0,0,'A000089',NULL),('A',179,000085,0,'148/SOGE04/12/2010',NULL,NULL,NULL,NULL,'40000003','2010-12-01 14:26:53','2010-12-01 15:01:12',10770,3320,'SOGM',NULL,'BG4908FB','1000000004','SOGE','SOGE04','1985',256,0,'YANTO',7450,'','ptp.ma',NULL,'KG',NULL,NULL,'0','0','0',0,NULL,NULL,NULL,NULL,NULL,'0',NULL,NULL,NULL,0,0,NULL,0,0,'A000085',NULL),('A',180,000090,0,'465/SKSE04/12/2010',NULL,NULL,NULL,NULL,'40000003','2010-12-01 14:33:54','2010-12-01 15:02:46',10410,2910,'SOGM',NULL,'BG8480FM','1000000025','SKSE','SKSE04','',401,0,'YADI',7500,'','ptp.ma',NULL,'KG',NULL,NULL,'0','0','0',0,NULL,NULL,NULL,NULL,NULL,'0',NULL,NULL,NULL,0,0,NULL,0,0,'A000090',NULL),('A',181,000092,1,'15257/SOGE03/12/2010',NULL,NULL,NULL,NULL,'40000003','2010-12-01 15:04:54','0000-00-00 00:00:00',7560,0,'SOGM',NULL,'BG8796F','1000000003','SOGE','SOGE03','1985',160,0,'SAHER',0,'','ptp.ma',NULL,'KG',NULL,NULL,'0','0','0',0,'',NULL,NULL,NULL,NULL,'0',NULL,NULL,NULL,0,0,NULL,0,0,'A000092',NULL),('A',182,000093,1,'3708/SKSE01/12/2010',NULL,NULL,NULL,NULL,'40000003','2010-12-01 15:06:06','0000-00-00 00:00:00',11550,0,'SOGM',NULL,'BG4653FB','1000000025','SKSE','SKSE01','1997',468,0,'AJIS',0,'','ptp.ma',NULL,'KG',NULL,NULL,'0','0','0',0,'',NULL,NULL,NULL,NULL,'0',NULL,NULL,NULL,0,0,NULL,0,0,'A000093',NULL),('A',183,000094,1,'',NULL,NULL,NULL,NULL,'40000003','2010-12-01 15:07:46','0000-00-00 00:00:00',9580,0,'SOGM',NULL,'BG9632C','1000000042',NULL,NULL,'1993',339,0,'HUMAIDI',0,'','ptp.ma',NULL,'KG',NULL,NULL,'0','0','0',0,NULL,NULL,NULL,NULL,NULL,'0',NULL,NULL,'',0,0,'',0,0,'A000094',NULL),('A',184,000095,1,'18872/SOGE01/12/2010',NULL,NULL,NULL,NULL,'40000003','2010-12-01 15:09:15','0000-00-00 00:00:00',7770,0,'SOGM',NULL,'BG8990D','1000000001','SOGE','SOGE01','1984',137,0,'ABU',0,'','ptp.ma',NULL,'KG',NULL,NULL,'0','0','0',0,'',NULL,NULL,NULL,NULL,'0',NULL,NULL,NULL,0,0,NULL,0,0,'A000095',NULL),('A',185,000096,1,'101766/SENE05/12/2010',NULL,NULL,NULL,NULL,'40000003','2010-12-01 15:10:37','0000-00-00 00:00:00',8260,0,'SOGM',NULL,'BG4130AP','1000000005','SENE','SENE05','1985',200,0,'FERI',0,'','ptp.ma',NULL,'KG',NULL,NULL,'0','0','0',0,'',NULL,NULL,NULL,NULL,'0',NULL,NULL,NULL,0,0,NULL,0,0,'A000096',NULL),('A',186,000097,1,'20033/SOGE01/12/2010',NULL,NULL,NULL,NULL,'40000003','2010-12-01 15:11:41','0000-00-00 00:00:00',7770,0,'SOGM',NULL,'BG8199F','1000000001','SOGE','SOGE01','1984',124,0,'LENDRA',0,'','ptp.ma',NULL,'KG',NULL,NULL,'0','0','0',0,'',NULL,NULL,NULL,NULL,'0',NULL,NULL,NULL,0,0,NULL,0,0,'A000097',NULL),('A',187,000098,1,'1245/MRKE01/12/2010',NULL,NULL,NULL,NULL,'40000003','2010-12-01 15:13:46','0000-00-00 00:00:00',9260,0,'SOGM',NULL,'BG8369F','1000000038','MRKE','MRKE01','2007',1838,0,'BAMBANG',0,'','ptp.ma',NULL,'KG',NULL,NULL,'0','0','0',0,'',NULL,NULL,NULL,NULL,'0',NULL,NULL,NULL,0,0,NULL,0,0,'A000098',NULL),('A',188,000099,1,'/WKNE02/12/2010',NULL,NULL,NULL,NULL,'40000003','2010-12-01 15:15:47','0000-00-00 00:00:00',9420,0,'SOGM',NULL,'H1583VW','1000000051','WKNE','WKNE02','1996',332,0,'SUTRIS',0,'','ptp.ma',NULL,'KG',NULL,NULL,'0','0','0',0,'',NULL,NULL,NULL,NULL,'0',NULL,NULL,NULL,0,0,NULL,0,0,'A000099',NULL),('A',189,000100,1,'/WKNE01/12/2010',NULL,NULL,NULL,NULL,'40000003','2010-12-01 15:16:56','0000-00-00 00:00:00',9650,0,'SOGM',NULL,'BE9274EQ','1000000051','WKNE','WKNE01','1999',303,0,'USMAN',0,'','ptp.ma',NULL,'KG',NULL,NULL,'0','0','0',0,'',NULL,NULL,NULL,NULL,'0',NULL,NULL,NULL,0,0,NULL,0,0,'A000100',NULL),('A',190,000101,1,'17773/SOGE01/12/2010',NULL,NULL,NULL,NULL,'40000003','2010-12-01 15:18:15','0000-00-00 00:00:00',8730,0,'SOGM',NULL,'BG8672F','1000000001','SOGE','SOGE01','1984',156,0,'AGUS',0,'','ptp.ma',NULL,'KG',NULL,NULL,'0','0','0',0,'',NULL,NULL,NULL,NULL,'0',NULL,NULL,NULL,0,0,NULL,0,0,'A000101',NULL),('A',191,000102,1,'/WKNE02/12/2010',NULL,NULL,NULL,NULL,'40000003','2010-12-01 15:20:31','0000-00-00 00:00:00',8310,0,'SOGM',NULL,'BE4780AS','1000000051','WKNE','WKNE02','1996',298,0,'WAHYU',0,'','ptp.ma',NULL,'KG',NULL,NULL,'0','0','0',0,'',NULL,NULL,NULL,NULL,'0',NULL,NULL,NULL,0,0,NULL,0,0,'A000102',NULL),('A',192,000103,1,'/WKNE01/12/2010',NULL,NULL,NULL,NULL,'40000003','2010-12-01 15:21:44','0000-00-00 00:00:00',9710,0,'SOGM',NULL,'BG9202K','1000000051','WKNE','WKNE01','1995',315,0,'MUHTAR',0,'','ptp.ma',NULL,'KG',NULL,NULL,'0','0','0',0,'',NULL,NULL,NULL,NULL,'0',NULL,NULL,NULL,0,0,NULL,0,0,'A000103',NULL),('A',193,000104,1,'/WKNE01/12/2010',NULL,NULL,NULL,NULL,'40000003','2010-12-01 15:23:06','0000-00-00 00:00:00',10280,0,'SOGM',NULL,'BE9097WA','1000000051','WKNE','WKNE01','1995',350,0,'COKRO',0,'','ptp.ma',NULL,'KG',NULL,NULL,'0','0','0',0,'',NULL,NULL,NULL,NULL,'0',NULL,NULL,NULL,0,0,NULL,0,0,'A000104',NULL),('A',194,000105,1,'/WKNE03/12/2010',NULL,NULL,NULL,NULL,'40000003','2010-12-01 15:25:07','0000-00-00 00:00:00',8740,0,'SOGM',NULL,'D8504CH','1000000051','WKNE','WKNE03','1997',652,0,'TRIONO',0,'','ptp.ma',NULL,'KG',NULL,NULL,'0','0','0',0,'',NULL,NULL,NULL,NULL,'0',NULL,NULL,NULL,0,0,NULL,0,0,'A000105',NULL),('A',195,000106,1,'/WKNE02/12/2010',NULL,NULL,NULL,NULL,'40000003','2010-12-01 15:26:20','0000-00-00 00:00:00',9160,0,'SOGM',NULL,'Z8627DB','1000000051','WKNE','WKNE02','1996',312,0,'PANGAT',0,'','ptp.ma',NULL,'KG',NULL,NULL,'0','0','0',0,'',NULL,NULL,NULL,NULL,'0',NULL,NULL,NULL,0,0,NULL,0,0,'A000106',NULL),('A',196,000107,1,'/WKNE02/12/2010',NULL,NULL,NULL,NULL,'40000003','2010-12-01 15:27:43','0000-00-00 00:00:00',9520,0,'SOGM',NULL,'BE9079W','1000000051','WKNE','WKNE02','1996',322,0,'SUPENA',0,'','ptp.ma',NULL,'KG',NULL,NULL,'0','0','0',0,'',NULL,NULL,NULL,NULL,'0',NULL,NULL,NULL,0,0,NULL,0,0,'A000107',NULL),('A',197,000108,1,'',NULL,NULL,NULL,NULL,'40000003','2010-12-01 15:29:13','0000-00-00 00:00:00',10520,0,'SOGM',NULL,'BG8101Y','1000000032',NULL,NULL,'1990',443,0,'EKA',0,'','ptp.ma',NULL,'KG',NULL,NULL,'0','0','0',0,NULL,NULL,NULL,NULL,NULL,'0',NULL,NULL,'',0,0,'',0,0,'A000108',NULL),('A',198,000109,1,'2498/SKNE08/12/2010',NULL,NULL,NULL,NULL,'40000003','2010-12-01 15:31:00','0000-00-00 00:00:00',8720,0,'SOGM',NULL,'BG8163V','1000000026','SKNE','SKNE08','2004',625,0,'IJAL',0,'','ptp.ma',NULL,'KG',NULL,NULL,'0','0','0',0,'',NULL,NULL,NULL,NULL,'0',NULL,NULL,NULL,0,0,NULL,0,0,'A000109',NULL),('A',199,000110,1,'',NULL,NULL,NULL,NULL,'40000003','2010-12-01 15:32:17','0000-00-00 00:00:00',9220,0,'SOGM',NULL,'BG8910FM','1000000032',NULL,NULL,'1996',376,0,'LIMI',0,'','ptp.ma',NULL,'KG',NULL,NULL,'0','0','0',0,NULL,NULL,NULL,NULL,NULL,'0',NULL,NULL,'',0,0,'',0,0,'A000110',NULL),('A',200,000092,0,'152/SOGE03/12/2010',NULL,NULL,NULL,NULL,'40000003','2010-12-01 15:04:54','2010-12-01 15:33:14',7560,3640,'SOGM',NULL,'BG8796F','1000000003','SOGE','SOGE03','1985',160,0,'SAHER',3920,'','ptp.ma',NULL,'KG',NULL,NULL,'0','0','0',0,NULL,NULL,NULL,NULL,NULL,'0',NULL,NULL,NULL,0,0,NULL,0,0,'A000092',NULL),('A',201,000095,0,'188/SOGE01/12/2010',NULL,NULL,NULL,NULL,'40000003','2010-12-01 15:09:15','2010-12-01 15:34:39',7770,3680,'SOGM',NULL,'BG8990D','1000000001','SOGE','SOGE01','1984',137,0,'ABU',4090,'','ptp.ma',NULL,'KG',NULL,NULL,'0','0','0',0,NULL,NULL,NULL,NULL,NULL,'0',NULL,NULL,NULL,0,0,NULL,0,0,'A000095',NULL),('A',202,000097,0,'200/SOGE01/12/2010',NULL,NULL,NULL,NULL,'40000003','2010-12-01 15:11:41','2010-12-01 15:35:59',7770,3530,'SOGM',NULL,'BG8199F','1000000001','SOGE','SOGE01','1984',124,0,'LENDRA',4240,'','ptp.ma',NULL,'KG',NULL,NULL,'0','0','0',0,NULL,NULL,NULL,NULL,NULL,'0',NULL,NULL,NULL,0,0,NULL,0,0,'A000097',NULL),('A',203,000101,0,'177/SOGE01/12/2010',NULL,NULL,NULL,NULL,'40000003','2010-12-01 15:18:15','2010-12-01 15:37:20',8730,4030,'SOGM',NULL,'BG8672F','1000000001','SOGE','SOGE01','1984',156,0,'AGUS',4700,'','ptp.ma',NULL,'KG',NULL,NULL,'0','0','0',0,NULL,NULL,NULL,NULL,NULL,'0',NULL,NULL,NULL,0,0,NULL,0,0,'A000101',NULL),('A',204,000091,0,'369/SKSE01/12/2010',NULL,NULL,NULL,NULL,'40000003','2010-12-01 14:35:21','2010-12-01 15:38:39',10760,3270,'SOGM',NULL,'BG8146AO','1000000025','SKSE','SKSE01','',431,0,'PITRA',7490,'','ptp.ma',NULL,'KG',NULL,NULL,'0','0','0',0,NULL,NULL,NULL,NULL,NULL,'0',NULL,NULL,NULL,0,0,NULL,0,0,'A000091',NULL),('A',205,000096,0,'101/SENE05/12/2010',NULL,NULL,NULL,NULL,'40000003','2010-12-01 15:10:37','2010-12-01 15:40:04',8260,3080,'SOGM',NULL,'BG4130AP','1000000005','SENE','SENE05','1985',200,0,'FERI',5180,'','ptp.ma',NULL,'KG',NULL,NULL,'0','0','0',0,NULL,NULL,NULL,NULL,NULL,'0',NULL,NULL,NULL,0,0,NULL,0,0,'A000096',NULL),('A',206,000094,0,'',NULL,NULL,NULL,NULL,'40000003','2010-12-01 15:07:46','2010-12-01 15:42:00',9580,3280,'SOGM',NULL,'BG9632C','1000000042',NULL,NULL,'1993',339,0,'HUMAIDI',6300,'','ptp.ma',NULL,'KG',NULL,NULL,'0','0','0',0,NULL,NULL,NULL,NULL,NULL,'0',NULL,NULL,'',0,0,'',0,0,'A000094',NULL),('A',207,000100,0,'/WK/WKNE01/12/2010',NULL,NULL,NULL,NULL,'40000003','2010-12-01 15:16:56','2010-12-01 15:54:41',9650,3250,'SOGM',NULL,'BE9274EQ','1000000051','WKNE','WKNE01','1999',303,0,'USMAN',6400,'','ptp.ma',NULL,'KG',NULL,NULL,'0','0','0',0,NULL,NULL,NULL,NULL,NULL,'0',NULL,NULL,NULL,0,0,NULL,0,0,'A000100',NULL),('A',208,000102,0,'/WK/WKNE02/12/2010',NULL,NULL,NULL,NULL,'40000003','2010-12-01 15:20:31','2010-12-01 15:56:46',8310,3230,'SOGM',NULL,'BE4780AS','1000000051','WKNE','WKNE02','1996',298,0,'WAHYU',5080,'','ptp.ma',NULL,'KG',NULL,NULL,'0','0','0',0,NULL,NULL,NULL,NULL,NULL,'0',NULL,NULL,NULL,0,0,NULL,0,0,'A000102',NULL),('A',209,000093,0,'370/SKSE01/12/2010',NULL,NULL,NULL,NULL,'40000003','2010-12-01 15:06:06','2010-12-01 15:59:47',11550,3470,'SOGM',NULL,'BG4653FB','1000000025','SKSE','SKSE01','1997',468,0,'AJIS',8080,'','ptp.ma',NULL,'KG',NULL,NULL,'0','0','0',0,NULL,NULL,NULL,NULL,NULL,'0',NULL,NULL,NULL,0,0,NULL,0,0,'A000093',NULL),('A',210,000099,0,'/WK/WKNE02/12/2010',NULL,NULL,NULL,NULL,'40000003','2010-12-01 15:15:47','2010-12-01 17:09:26',9420,3220,'SOGM',NULL,'H1583VW','1000000051','WKNE','WKNE02','1996',332,0,'SUTRIS',6200,'','ptp.ma',NULL,'KG',NULL,NULL,'0','0','0',0,NULL,NULL,NULL,NULL,NULL,'0',NULL,NULL,NULL,0,0,NULL,0,0,'A000099',NULL),('A',211,000105,0,'/WK/WKNE03/12/2010',NULL,NULL,NULL,NULL,'40000003','2010-12-01 15:25:07','2010-12-01 17:11:21',8740,3490,'SOGM',NULL,'D8504CH','1000000051','WKNE','WKNE03','1997',652,0,'TRIONO',5250,'','ptp.ma',NULL,'KG',NULL,NULL,'0','0','0',0,NULL,NULL,NULL,NULL,NULL,'0',NULL,NULL,NULL,0,0,NULL,0,0,'A000105',NULL),('A',212,000104,0,'/WK/WKNE01/12/2010',NULL,NULL,NULL,NULL,'40000003','2010-12-01 15:23:06','2010-12-01 17:12:53',10280,3420,'SOGM',NULL,'BE9097WA','1000000051','WKNE','WKNE01','1995',350,0,'COKRO',6860,'','ptp.ma',NULL,'KG',NULL,NULL,'0','0','0',0,NULL,NULL,NULL,NULL,NULL,'0',NULL,NULL,NULL,0,0,NULL,0,0,'A000104',NULL),('A',213,000106,0,'/WK/WKNE02/12/2010',NULL,NULL,NULL,NULL,'40000003','2010-12-01 15:26:20','2010-12-01 17:14:49',9160,3240,'SOGM',NULL,'Z8627DB','1000000051','WKNE','WKNE02','1996',312,0,'PANGAT',5920,'','ptp.ma',NULL,'KG',NULL,NULL,'0','0','0',0,NULL,NULL,NULL,NULL,NULL,'0',NULL,NULL,NULL,0,0,NULL,0,0,'A000106',NULL),('A',214,000103,0,'/WK/WKNE01/12/2010',NULL,NULL,NULL,NULL,'40000003','2010-12-01 15:21:44','2010-12-01 17:16:21',9710,3270,'SOGM',NULL,'BG9202K','1000000051','WKNE','WKNE01','1995',315,0,'MUHTAR',6440,'','ptp.ma',NULL,'KG',NULL,NULL,'0','0','0',0,NULL,NULL,NULL,NULL,NULL,'0',NULL,NULL,NULL,0,0,NULL,0,0,'A000103',NULL),('A',215,000110,0,'',NULL,NULL,NULL,NULL,'40000003','2010-12-01 15:32:17','2010-12-01 17:18:28',9220,3380,'SOGM',NULL,'BG8910FM','1000000032',NULL,NULL,'1996',376,0,'LIMI',5840,'','ptp.ma',NULL,'KG',NULL,NULL,'0','0','0',0,NULL,NULL,NULL,NULL,NULL,'0',NULL,NULL,'',0,0,'',0,0,'A000110',NULL),('A',216,000107,0,'/WK/WKNE02/12/2010',NULL,NULL,NULL,NULL,'40000003','2010-12-01 15:27:43','2010-12-01 17:20:24',9520,3310,'SOGM',NULL,'BE9079W','1000000051','WKNE','WKNE02','1996',322,0,'SUPENA',6210,'','ptp.ma',NULL,'KG',NULL,NULL,'0','0','0',0,NULL,NULL,NULL,NULL,NULL,'0',NULL,NULL,NULL,0,0,NULL,0,0,'A000107',NULL),('A',217,000109,0,'249/SKNE08/12/2010',NULL,NULL,NULL,NULL,'40000003','2010-12-01 15:31:00','2010-12-01 17:22:09',8720,3160,'SOGM',NULL,'BG8163V','1000000026','SKNE','SKNE08','2004',625,0,'IJAL',5560,'','ptp.ma',NULL,'KG',NULL,NULL,'0','0','0',0,NULL,NULL,NULL,NULL,NULL,'0',NULL,NULL,NULL,0,0,NULL,0,0,'A000109',NULL),('A',218,000108,0,'',NULL,NULL,NULL,NULL,'40000003','2010-12-01 15:29:13','2010-12-01 17:24:18',10520,3630,'SOGM',NULL,'BG8101Y','1000000032',NULL,NULL,'1990',443,0,'EKA',6890,'','ptp.ma',NULL,'KG',NULL,NULL,'0','0','0',0,NULL,NULL,NULL,NULL,NULL,'0',NULL,NULL,'',0,0,'',0,0,'A000108',NULL),('A',219,000098,0,'124/MRKE01/12/2010',NULL,NULL,NULL,NULL,'40000003','2010-12-01 15:13:46','2010-12-01 17:26:06',9260,3310,'SOGM',NULL,'BG8369F','1000000038','MRKE','MRKE01','2007',1838,0,'BAMBANG',5950,'','ptp.ma',NULL,'KG',NULL,NULL,'0','0','0',0,NULL,NULL,NULL,NULL,NULL,'0',NULL,NULL,NULL,0,0,NULL,0,0,'A000098',NULL),('A',220,000111,1,'14802/SOGE02/12/2010',NULL,NULL,NULL,NULL,'40000003','2010-12-01 17:30:09','0000-00-00 00:00:00',7780,0,'SOGM',NULL,'BG8507UA','1000000002','SOGE','SOGE02','',170,0,'UDIN',0,'','ptp.ma',NULL,'KG',NULL,NULL,'0','0','0',0,'',NULL,NULL,NULL,NULL,'0',NULL,NULL,NULL,0,0,NULL,0,0,'A000111',NULL),('A',221,000112,1,'18357/SOGE01/12/2010',NULL,NULL,NULL,NULL,'40000003','2010-12-01 17:32:10','0000-00-00 00:00:00',2390,0,'SOGM',NULL,'BG9933MB','1000000001','SOGE','SOGE01','1985',51,0,'MARWAN',0,'','ptp.ma',NULL,'KG',NULL,NULL,'0','0','0',0,'',NULL,NULL,NULL,NULL,'0',NULL,NULL,NULL,0,0,NULL,0,0,'A000112',NULL),('A',222,000113,1,'3172/SKNE07/12/2010',NULL,NULL,NULL,NULL,'40000003','2010-12-01 17:34:38','0000-00-00 00:00:00',8550,0,'SOGM',NULL,'BE4637AW','1000000026','SKNE','SKNE07','2002',611,0,'ADI',0,'','ptp.ma',NULL,'KG',NULL,NULL,'0','0','0',0,'',NULL,NULL,NULL,NULL,'0',NULL,NULL,NULL,0,0,NULL,0,0,'A000113',NULL),('A',223,000114,1,'4623/SKSE04/12/2010',NULL,NULL,NULL,NULL,'40000003','2010-12-01 17:50:01','0000-00-00 00:00:00',9640,0,'SOGM',NULL,'BG4891FB','1000000025','SKSE','SKSE04','1998',450,0,'sur',0,'','ptp.ma',NULL,'KG',NULL,NULL,'0','0','0',0,'',NULL,NULL,NULL,NULL,'0',NULL,NULL,NULL,0,0,NULL,0,0,'A000114',NULL),('A',224,000115,1,'3517/SKSE01/12/2010',NULL,NULL,NULL,NULL,'40000003','2010-12-01 18:42:55','0000-00-00 00:00:00',9430,0,'SOGM',NULL,'BG8790F','1000000025','SKSE','SKSE01','1999',356,0,'hendri',0,'','ptp.ma',NULL,'KG',NULL,NULL,'0','0','0',0,'',NULL,NULL,NULL,NULL,'0',NULL,NULL,NULL,0,0,NULL,0,0,'A000115',NULL),('A',225,000116,1,'3437/SKSE01/12/2010',NULL,NULL,NULL,NULL,'40000003','2010-12-01 18:45:06','0000-00-00 00:00:00',10890,0,'SOGM',NULL,'BG8544FM','1000000025','SKSE','SKSE01','1999',476,0,'SANTO',0,'','ptp.ma',NULL,'KG',NULL,NULL,'0','0','0',0,'',NULL,NULL,NULL,NULL,'0',NULL,NULL,NULL,0,0,NULL,0,0,'A000116',NULL),('A',226,000117,1,'19165/SENE06/12/2010',NULL,NULL,NULL,NULL,'40000003','2010-12-01 18:46:36','0000-00-00 00:00:00',9060,0,'SOGM',NULL,'BG8792F','1000000006','SENE','SENE06','',197,0,'AGUS',0,'','ptp.ma',NULL,'KG',NULL,NULL,'0','0','0',0,'',NULL,NULL,NULL,NULL,'0',NULL,NULL,NULL,0,0,NULL,0,0,'A000117',NULL),('A',227,000118,1,'13461/SENE08/12/2010',NULL,NULL,NULL,NULL,'40000003','2010-12-01 18:48:37','0000-00-00 00:00:00',7290,0,'SOGM',NULL,'BG4474AN','1000000008','SENE','SENE08','1985',191,0,'AFEN',0,'','ptp.ma',NULL,'KG',NULL,NULL,'0','0','0',0,'',NULL,NULL,NULL,NULL,'0',NULL,NULL,NULL,0,0,NULL,0,0,'A000118',NULL),('A',228,000119,1,'',NULL,NULL,NULL,NULL,'40000003','2010-12-01 18:51:05','0000-00-00 00:00:00',8470,0,'SOGM',NULL,'BG4604FB','1000000032',NULL,NULL,'1995',324,0,'AJIS',0,'','ptp.ma',NULL,'KG',NULL,NULL,'0','0','0',0,NULL,NULL,NULL,NULL,NULL,'0',NULL,NULL,'',0,0,'',0,0,'A000119',NULL),('A',229,000120,1,'',NULL,NULL,NULL,NULL,'40000003','2010-12-01 18:53:07','0000-00-00 00:00:00',8100,0,'SOGM',NULL,'BG9011FL','1000000042',NULL,NULL,'1991',235,0,'KIRUN',0,'','ptp.ma',NULL,'KG',NULL,NULL,'0','0','0',0,NULL,NULL,NULL,NULL,NULL,'0',NULL,NULL,'',0,0,'',0,0,'A000120',NULL),('A',230,000121,1,'023/WKNE01/12/2010',NULL,NULL,NULL,NULL,'40000003','2010-12-01 18:55:11','0000-00-00 00:00:00',9990,0,'SOGM',NULL,'BE4503WA','1000000051','WKNE','WKNE01','1995',355,0,'BAHARUDIN',0,'','ptp.ma',NULL,'KG',NULL,NULL,'0','0','0',0,'',NULL,NULL,NULL,NULL,'0',NULL,NULL,NULL,0,0,NULL,0,0,'A000121',NULL),('A',231,000122,1,'025/WKNE01/12/2010',NULL,NULL,NULL,NULL,'40000003','2010-12-01 19:00:09','0000-00-00 00:00:00',9910,0,'SOGM',NULL,'BE9671WA','1000000051','WKNE','WKNE01','1995',305,0,'RASIT',0,'','ptp.ma',NULL,'KG',NULL,NULL,'0','0','0',0,'',NULL,NULL,NULL,NULL,'0',NULL,NULL,NULL,0,0,NULL,0,0,'A000122',NULL),('A',232,000123,1,'',NULL,NULL,NULL,NULL,'40000003','2010-12-01 19:02:08','0000-00-00 00:00:00',9170,0,'SOGM',NULL,'BG4856MH','1000000042',NULL,NULL,'1993',277,0,'BAHRIN',0,'','ptp.ma',NULL,'KG',NULL,NULL,'0','0','0',0,NULL,NULL,NULL,NULL,NULL,'0',NULL,NULL,'',0,0,'',0,0,'A000123',NULL),('A',233,000124,1,'030/WKNE01/12/2010',NULL,NULL,NULL,NULL,'40000003','2010-12-01 19:07:19','0000-00-00 00:00:00',9880,0,'SOGM',NULL,'BG8667MQ','1000000051','WKNE','WKNE01','1994',321,0,'SUDAR',0,'','ptp.ma',NULL,'KG',NULL,NULL,'0','0','0',0,'',NULL,NULL,NULL,NULL,'0',NULL,NULL,NULL,0,0,NULL,0,0,'A000124',NULL),('A',234,000125,1,'19239/SENE06/12/2010',NULL,NULL,NULL,NULL,'40000003','2010-12-01 19:09:07','0000-00-00 00:00:00',8020,0,'SOGM',NULL,'BG8793F','1000000006','SENE','SENE06','',176,0,'SUNARDI',0,'','ptp.ma',NULL,'KG',NULL,NULL,'0','0','0',0,'',NULL,NULL,NULL,NULL,'0',NULL,NULL,NULL,0,0,NULL,0,0,'A000125',NULL),('A',235,000126,1,'19166/SENE06/12/2010',NULL,NULL,NULL,NULL,'40000003','2010-12-01 19:10:46','0000-00-00 00:00:00',8700,0,'SOGM',NULL,'BG4840FB','1000000006','SENE','SENE06','',193,0,'DIDIK',0,'','ptp.ma',NULL,'KG',NULL,NULL,'0','0','0',0,'',NULL,NULL,NULL,NULL,'0',NULL,NULL,NULL,0,0,NULL,0,0,'A000126',NULL),('A',236,000127,1,'016/WKNE02/12/2010',NULL,NULL,NULL,NULL,'40000003','2010-12-01 19:13:33','0000-00-00 00:00:00',9870,0,'SOGM',NULL,'BG4827FB','1000000051','WKNE','WKNE02','1996',344,0,'ARI',0,'','ptp.ma',NULL,'KG',NULL,NULL,'0','0','0',0,'',NULL,NULL,NULL,NULL,'0',NULL,NULL,NULL,0,0,NULL,0,0,'A000127',NULL),('A',237,000128,1,'14791/SOGE02/12/2010',NULL,NULL,NULL,NULL,'40000003','2010-12-01 19:15:13','0000-00-00 00:00:00',7120,0,'SOGM',NULL,'BG8991D','1000000002','SOGE','SOGE02','',155,0,'FEDI',0,'','ptp.ma',NULL,'KG',NULL,NULL,'0','0','0',0,'',NULL,NULL,NULL,NULL,'0',NULL,NULL,NULL,0,0,NULL,0,0,'A000128',NULL),('A',238,000129,1,'3115/SKSE03/12/2010',NULL,NULL,NULL,NULL,'40000003','2010-12-01 19:16:53','0000-00-00 00:00:00',8410,0,'SOGM',NULL,'BG4794MK','1000000025','SKSE','SKSE03','',370,0,'YANTO',0,'','ptp.ma',NULL,'KG',NULL,NULL,'0','0','0',0,'',NULL,NULL,NULL,NULL,'0',NULL,NULL,NULL,0,0,NULL,0,0,'A000129',NULL),('A',239,000130,1,'1269/SOGE01/12/2010',NULL,NULL,NULL,NULL,'40000003','2010-12-01 19:34:22','0000-00-00 00:00:00',8270,0,'SOGM',NULL,'BG8795F','1000000009','SOGE','SOGE01','',225,0,'kudus',0,'','ptp.ma',NULL,'KG',NULL,NULL,'0','0','0',0,'',NULL,NULL,NULL,NULL,'0',NULL,NULL,NULL,0,0,NULL,0,0,'A000130',NULL),('A',240,000131,1,'02494/SKNE08/12/2010',NULL,NULL,NULL,NULL,'40000003','2010-12-01 19:36:17','0000-00-00 00:00:00',8470,0,'SOGM',NULL,'BG8190RS','1000000026','SKNE','SKNE08','2004',548,0,'hailit',0,'','ptp.ma',NULL,'KG',NULL,NULL,'0','0','0',0,'',NULL,NULL,NULL,NULL,'0',NULL,NULL,NULL,0,0,NULL,0,0,'A000131',NULL),('A',241,000132,1,'14885/SOGE04/12/2010',NULL,NULL,NULL,NULL,'40000003','2010-12-01 19:38:08','0000-00-00 00:00:00',5450,0,'SOGM',NULL,'BG8109UB','1000000004','SOGE','SOGE04','',75,0,'ali',0,'','ptp.ma',NULL,'KG',NULL,NULL,'0','0','0',0,'',NULL,NULL,NULL,NULL,'0',NULL,NULL,NULL,0,0,NULL,0,0,'A000132',NULL),('A',242,000133,1,'18331/SOGE01/12/2010',NULL,NULL,NULL,NULL,'40000003','2010-12-01 19:39:40','0000-00-00 00:00:00',8480,0,'SOGM',NULL,'BG8108F','1000000001','SOGE','SOGE01','1984',165,0,'saparudin',0,'','ptp.ma',NULL,'KG',NULL,NULL,'0','0','0',0,'',NULL,NULL,NULL,NULL,'0',NULL,NULL,NULL,0,0,NULL,0,0,'A000133',NULL),('A',243,000134,1,'101768/SENE05/12/2010',NULL,NULL,NULL,NULL,'40000003','2010-12-01 19:41:37','0000-00-00 00:00:00',7430,0,'SOGM',NULL,'BG8794F','1000000005','SENE','SENE05','1984',220,0,'heriyadi',0,'','ptp.ma',NULL,'KG',NULL,NULL,'0','0','0',0,'',NULL,NULL,NULL,NULL,'0',NULL,NULL,NULL,0,0,NULL,0,0,'A000134',NULL),('A',244,000135,1,'14007/SOGE04/12/2010',NULL,NULL,NULL,NULL,'40000003','2010-12-01 19:43:03','0000-00-00 00:00:00',8520,0,'SOGM',NULL,'BG8850UA','1000000004','SOGE','SOGE04','1985',180,0,'yuli',0,'','ptp.ma',NULL,'KG',NULL,NULL,'0','0','0',0,'',NULL,NULL,NULL,NULL,'0',NULL,NULL,NULL,0,0,NULL,0,0,'A000135',NULL),('A',245,000136,1,'15258/SOGE03/12/2010',NULL,NULL,NULL,NULL,'40000003','2010-12-01 19:44:36','0000-00-00 00:00:00',8060,0,'SOGM',NULL,'BG8008XL','1000000003','SOGE','SOGE03','1985',155,0,'muidin',0,'','ptp.ma',NULL,'KG',NULL,NULL,'0','0','0',0,'',NULL,NULL,NULL,NULL,'0',NULL,NULL,NULL,0,0,NULL,0,0,'A000136',NULL),('A',246,000137,1,'3164/SKNE05/12/2010',NULL,NULL,NULL,NULL,'40000003','2010-12-01 19:46:47','0000-00-00 00:00:00',9850,0,'SOGM',NULL,'BG8464F','1000000026','SKNE','SKNE05','',532,0,'india',0,'','ptp.ma',NULL,'KG',NULL,NULL,'0','0','0',0,'',NULL,NULL,NULL,NULL,'0',NULL,NULL,NULL,0,0,NULL,0,0,'A000137',NULL),('A',247,000138,1,'14884/SOGE04/12/2010',NULL,NULL,NULL,NULL,'40000003','2010-12-01 19:48:07','0000-00-00 00:00:00',5770,0,'SOGM',NULL,'BG8148MQ','1000000004','SOGE','SOGE04','',80,0,'misni',0,'','ptp.ma',NULL,'KG',NULL,NULL,'0','0','0',0,'',NULL,NULL,NULL,NULL,'0',NULL,NULL,NULL,0,0,NULL,0,0,'A000138',NULL),('A',248,000139,1,'005/WKNE03/12/2010',NULL,NULL,NULL,NULL,'40000003','2010-12-01 19:50:03','0000-00-00 00:00:00',9400,0,'SOGM',NULL,'BG8136F','1000000051','WKNE','WKNE03','',540,0,'mulyono',0,'','ptp.ma',NULL,'KG',NULL,NULL,'0','0','0',0,'',NULL,NULL,NULL,NULL,'0',NULL,NULL,NULL,0,0,NULL,0,0,'A000139',NULL),('A',249,000140,1,'',NULL,NULL,NULL,NULL,'40000003','2010-12-01 19:51:50','0000-00-00 00:00:00',9780,0,'SOGM',NULL,'BG4726MG','1000000032',NULL,NULL,'',0,0,'limi',0,'','ptp.ma',NULL,'KG',NULL,NULL,'0','0','0',0,NULL,NULL,NULL,NULL,NULL,'0',NULL,NULL,'',0,0,'',0,0,'A000140',NULL),('A',250,000141,1,'',NULL,NULL,NULL,NULL,'40000003','2010-12-01 19:55:19','0000-00-00 00:00:00',10090,0,'SOGM',NULL,'BG8729YA','1000000032',NULL,NULL,'1993',418,0,'eka',0,'','ptp.ma',NULL,'KG',NULL,NULL,'0','0','0',0,NULL,NULL,NULL,NULL,NULL,'0',NULL,NULL,'',0,0,'',0,0,'A000141',NULL),('A',251,000142,1,'',NULL,NULL,NULL,NULL,'40000003','2010-12-01 19:57:31','0000-00-00 00:00:00',11520,0,'SOGM',NULL,'BG4985FB','1000000016',NULL,NULL,'1994',524,0,'busroni',0,'','ptp.ma',NULL,'KG',NULL,NULL,'0','0','0',0,NULL,NULL,NULL,NULL,NULL,'0',NULL,NULL,'',0,0,'',0,0,'A000142',NULL),('A',252,000143,1,'14800/SOGE02/12/2010',NULL,NULL,NULL,NULL,'40000003','2010-12-01 19:59:17','0000-00-00 00:00:00',9810,0,'SOGM',NULL,'BG4197MA','1000000002','SOGE','SOGE02','1985',195,0,'ruani',0,'','ptp.ma',NULL,'KG',NULL,NULL,'0','0','0',0,'',NULL,NULL,NULL,NULL,'0',NULL,NULL,NULL,0,0,NULL,0,0,'A000143',NULL),('A',253,000144,1,'14803/SOGE02/12/2010',NULL,NULL,NULL,NULL,'40000003','2010-12-01 20:01:20','0000-00-00 00:00:00',6880,0,'SOGM',NULL,'BG8505UA','1000000002','SOGE','SOGE02','1985',155,0,'juli',0,'','ptp.ma',NULL,'KG',NULL,NULL,'0','0','0',0,'',NULL,NULL,NULL,NULL,'0',NULL,NULL,NULL,0,0,NULL,0,0,'A000144',NULL),('A',254,000145,1,'17787/SOGE01/12/2010',NULL,NULL,NULL,NULL,'40000003','2010-12-01 20:04:18','0000-00-00 00:00:00',6700,0,'SOGM',NULL,'BG8672F','1000000001','SOGE','SOGE01','1984',98,0,'agus',0,'','ptp.ma',NULL,'KG',NULL,NULL,'0','0','0',0,'',NULL,NULL,NULL,NULL,'0',NULL,NULL,NULL,0,0,NULL,0,0,'A000145',NULL),('A',255,000146,1,'15253/SOGE01/12/2010',NULL,NULL,NULL,NULL,'40000003','2010-12-01 20:06:06','0000-00-00 00:00:00',7850,0,'SOGM',NULL,'BG8009XL','1000000001','SOGE','SOGE01','1985',148,0,'omjali',0,'','ptp.ma',NULL,'KG',NULL,NULL,'0','0','0',0,'',NULL,NULL,NULL,NULL,'0',NULL,NULL,NULL,0,0,NULL,0,0,'A000146',NULL),('A',256,000111,0,'148/SOGE02/12/2010',NULL,NULL,NULL,NULL,'40000003','2010-12-01 17:30:09','2010-12-01 20:07:27',7780,4000,'SOGM',NULL,'BG8507UA','1000000002','SOGE','SOGE02','',170,0,'UDIN',3780,'','ptp.ma',NULL,'KG',NULL,NULL,'0','0','0',0,NULL,NULL,NULL,NULL,NULL,'0',NULL,NULL,NULL,0,0,NULL,0,0,'A000111',NULL),('A',257,000113,0,'317/SKNE07/12/2010',NULL,NULL,NULL,NULL,'40000003','2010-12-01 17:34:38','2010-12-01 20:09:15',8550,3220,'SOGM',NULL,'BE4637AW','1000000026','SKNE','SKNE07','2002',611,0,'ADI',5330,'','ptp.ma',NULL,'KG',NULL,NULL,'0','0','0',0,NULL,NULL,NULL,NULL,NULL,'0',NULL,NULL,NULL,0,0,NULL,0,0,'A000113',NULL),('A',258,000114,0,'462/SKSE04/12/2010',NULL,NULL,NULL,NULL,'40000003','2010-12-01 17:50:01','2010-12-01 20:11:01',9640,3150,'SOGM',NULL,'BG4891FB','1000000025','SKSE','SKSE04','1998',450,0,'sur',6490,'','ptp.ma',NULL,'KG',NULL,NULL,'0','0','0',0,NULL,NULL,NULL,NULL,NULL,'0',NULL,NULL,NULL,0,0,NULL,0,0,'A000114',NULL),('A',259,000115,0,'351/SKSE01/12/2010',NULL,NULL,NULL,NULL,'40000003','2010-12-01 18:42:55','2010-12-01 20:12:32',9430,3660,'SOGM',NULL,'BG8790F','1000000025','SKSE','SKSE01','1999',356,0,'hendri',5770,'','ptp.ma',NULL,'KG',NULL,NULL,'0','0','0',0,NULL,NULL,NULL,NULL,NULL,'0',NULL,NULL,NULL,0,0,NULL,0,0,'A000115',NULL),('A',260,000116,0,'343/SKSE01/12/2010',NULL,NULL,NULL,NULL,'40000003','2010-12-01 18:45:06','2010-12-01 20:14:01',10890,3780,'SOGM',NULL,'BG8544FM','1000000025','SKSE','SKSE01','1999',476,0,'SANTO',7110,'','ptp.ma',NULL,'KG',NULL,NULL,'0','0','0',0,NULL,NULL,NULL,NULL,NULL,'0',NULL,NULL,NULL,0,0,NULL,0,0,'A000116',NULL),('A',261,000117,0,'191/SENE06/12/2010',NULL,NULL,NULL,NULL,'40000003','2010-12-01 18:46:36','2010-12-01 20:16:02',9060,3580,'SOGM',NULL,'BG8792F','1000000006','SENE','SENE06','',197,0,'AGUS',5480,'','ptp.ma',NULL,'KG',NULL,NULL,'0','0','0',0,NULL,NULL,NULL,NULL,NULL,'0',NULL,NULL,NULL,0,0,NULL,0,0,'A000117',NULL),('A',262,000119,0,'',NULL,NULL,NULL,NULL,'40000003','2010-12-01 18:51:05','2010-12-01 20:17:35',8470,3370,'SOGM',NULL,'BG4604FB','1000000032',NULL,NULL,'1995',324,0,'AJIS',5100,'','ptp.ma',NULL,'KG',NULL,NULL,'0','0','0',0,NULL,NULL,NULL,NULL,NULL,'0',NULL,NULL,'',0,0,'',0,0,'A000119',NULL),('A',263,000118,0,'134/SENE08/12/2010',NULL,NULL,NULL,NULL,'40000003','2010-12-01 18:48:37','2010-12-01 20:19:38',7290,3240,'SOGM',NULL,'BG4474AN','1000000008','SENE','SENE08','1985',191,0,'AFEN',4050,'','ptp.ma',NULL,'KG',NULL,NULL,'0','0','0',0,NULL,NULL,NULL,NULL,NULL,'0',NULL,NULL,NULL,0,0,NULL,0,0,'A000118',NULL),('A',264,000120,0,'',NULL,NULL,NULL,NULL,'40000003','2010-12-01 18:53:07','2010-12-01 20:21:28',8100,3220,'SOGM',NULL,'BG9011FL','1000000042',NULL,NULL,'1991',235,0,'KIRUN',4880,'','ptp.ma',NULL,'KG',NULL,NULL,'0','0','0',0,NULL,NULL,NULL,NULL,NULL,'0',NULL,NULL,'',0,0,'',0,0,'A000120',NULL),('A',265,000125,0,'192/SENE06/12/2010',NULL,NULL,NULL,NULL,'40000003','2010-12-01 19:09:07','2010-12-01 20:23:13',8020,3620,'SOGM',NULL,'BG8793F','1000000006','SENE','SENE06','',176,0,'SUNARDI',4400,'','ptp.ma',NULL,'KG',NULL,NULL,'0','0','0',0,NULL,NULL,NULL,NULL,NULL,'0',NULL,NULL,NULL,0,0,NULL,0,0,'A000125',NULL),('A',266,000122,0,'025/WKNE01/12/2010',NULL,NULL,NULL,NULL,'40000003','2010-12-01 19:00:09','2010-12-01 20:24:43',9910,3600,'SOGM',NULL,'BE9671WA','1000000051','WKNE','WKNE01','1995',305,0,'RASIT',6310,'','ptp.ma',NULL,'KG',NULL,NULL,'0','0','0',0,NULL,NULL,NULL,NULL,NULL,'0',NULL,NULL,NULL,0,0,NULL,0,0,'A000122',NULL),('A',267,000128,0,'147/SOGE02/12/2010',NULL,NULL,NULL,NULL,'40000003','2010-12-01 19:15:13','2010-12-01 20:26:11',7120,3680,'SOGM',NULL,'BG8991D','1000000002','SOGE','SOGE02','',155,0,'FEDI',3440,'','ptp.ma',NULL,'KG',NULL,NULL,'0','0','0',0,NULL,NULL,NULL,NULL,NULL,'0',NULL,NULL,NULL,0,0,NULL,0,0,'A000128',NULL),('A',268,000121,0,'023/WKNE01/12/2010',NULL,NULL,NULL,NULL,'40000003','2010-12-01 18:55:11','2010-12-01 20:28:01',9990,3340,'SOGM',NULL,'BE4503WA','1000000051','WKNE','WKNE01','1995',355,0,'BAHARUDIN',6650,'','ptp.ma',NULL,'KG',NULL,NULL,'0','0','0',0,NULL,NULL,NULL,NULL,NULL,'0',NULL,NULL,NULL,0,0,NULL,0,0,'A000121',NULL),('A',269,000123,0,'',NULL,NULL,NULL,NULL,'40000003','2010-12-01 19:02:08','2010-12-01 20:30:18',9170,3400,'SOGM',NULL,'BG4856MH','1000000042',NULL,NULL,'1993',277,0,'BAHRIN',5770,'','ptp.ma',NULL,'KG',NULL,NULL,'0','0','0',0,NULL,NULL,NULL,NULL,NULL,'0',NULL,NULL,'',0,0,'',0,0,'A000123',NULL),('A',270,000126,0,'191/SENE06/12/2010',NULL,NULL,NULL,NULL,'40000003','2010-12-01 19:10:46','2010-12-01 20:33:18',8700,3220,'SOGM',NULL,'BG4840FB','1000000006','SENE','SENE06','',193,0,'DIDIK',5480,'','ptp.ma',NULL,'KG',NULL,NULL,'0','0','0',0,NULL,NULL,NULL,NULL,NULL,'0',NULL,NULL,NULL,0,0,NULL,0,0,'A000126',NULL),('A',271,000129,0,'311/SKSE03/12/2010',NULL,NULL,NULL,NULL,'40000003','2010-12-01 19:16:53','2010-12-01 20:35:10',8410,3410,'SOGM',NULL,'BG4794MK','1000000025','SKSE','SKSE03','',370,0,'YANTO',5000,'','ptp.ma',NULL,'KG',NULL,NULL,'0','0','0',0,NULL,NULL,NULL,NULL,NULL,'0',NULL,NULL,NULL,0,0,NULL,0,0,'A000129',NULL),('A',272,000124,0,'030/WKNE01/12/2010',NULL,NULL,NULL,NULL,'40000003','2010-12-01 19:07:19','2010-12-01 20:36:49',9880,3420,'SOGM',NULL,'BG8667MQ','1000000051','WKNE','WKNE01','1994',321,0,'SUDAR',6460,'','ptp.ma',NULL,'KG',NULL,NULL,'0','0','0',0,NULL,NULL,NULL,NULL,NULL,'0',NULL,NULL,NULL,0,0,NULL,0,0,'A000124',NULL),('A',273,000130,0,'126/SOGE01/12/2010',NULL,NULL,NULL,NULL,'40000003','2010-12-01 19:34:22','2010-12-01 20:38:38',8270,3640,'SOGM',NULL,'BG8795F','1000000009','SOGE','SOGE01','',225,0,'kudus',4630,'','ptp.ma',NULL,'KG',NULL,NULL,'0','0','0',0,NULL,NULL,NULL,NULL,NULL,'0',NULL,NULL,NULL,0,0,NULL,0,0,'A000130',NULL),('A',274,000132,0,'148/SOGE04/12/2010',NULL,NULL,NULL,NULL,'40000003','2010-12-01 19:38:08','2010-12-01 20:40:23',5450,3500,'SOGM',NULL,'BG8109UB','1000000004','SOGE','SOGE04','',75,0,'ali',1950,'','ptp.ma',NULL,'KG',NULL,NULL,'0','0','0',0,NULL,NULL,NULL,NULL,NULL,'0',NULL,NULL,NULL,0,0,NULL,0,0,'A000132',NULL),('A',275,000133,0,'183/SOGE01/12/2010',NULL,NULL,NULL,NULL,'40000003','2010-12-01 19:39:40','2010-12-01 20:42:14',8480,3520,'SOGM',NULL,'BG8108F','1000000001','SOGE','SOGE01','1984',165,0,'saparudin',4960,'','ptp.ma',NULL,'KG',NULL,NULL,'0','0','0',0,NULL,NULL,NULL,NULL,NULL,'0',NULL,NULL,NULL,0,0,NULL,0,0,'A000133',NULL),('A',276,000134,0,'101/SENE05/12/2010',NULL,NULL,NULL,NULL,'40000003','2010-12-01 19:41:37','2010-12-01 20:44:00',7430,3640,'SOGM',NULL,'BG8794F','1000000005','SENE','SENE05','1984',220,0,'heriyadi',3790,'','ptp.ma',NULL,'KG',NULL,NULL,'0','0','0',0,NULL,NULL,NULL,NULL,NULL,'0',NULL,NULL,NULL,0,0,NULL,0,0,'A000134',NULL),('A',277,000144,0,'148/SOGE02/12/2010',NULL,NULL,NULL,NULL,'40000003','2010-12-01 20:01:20','2010-12-01 20:45:59',6880,3960,'SOGM',NULL,'BG8505UA','1000000002','SOGE','SOGE02','1985',155,0,'juli',2920,'','ptp.ma',NULL,'KG',NULL,NULL,'0','0','0',0,NULL,NULL,NULL,NULL,NULL,'0',NULL,NULL,NULL,0,0,NULL,0,0,'A000144',NULL),('A',278,000135,0,'140/SOGE04/12/2010',NULL,NULL,NULL,NULL,'40000003','2010-12-01 19:43:03','2010-12-01 20:47:57',8520,3940,'SOGM',NULL,'BG8850UA','1000000004','SOGE','SOGE04','1985',180,0,'yuli',4580,'','ptp.ma',NULL,'KG',NULL,NULL,'0','0','0',0,NULL,NULL,NULL,NULL,NULL,'0',NULL,NULL,NULL,0,0,NULL,0,0,'A000135',NULL),('A',279,000136,0,'152/SOGE03/12/2010',NULL,NULL,NULL,NULL,'40000003','2010-12-01 19:44:36','2010-12-01 20:56:55',8060,3880,'SOGM',NULL,'BG8008XL','1000000003','SOGE','SOGE03','1985',155,0,'muidin',4180,'','ptp.ma',NULL,'KG',NULL,NULL,'0','0','0',0,NULL,NULL,NULL,NULL,NULL,'0',NULL,NULL,NULL,0,0,NULL,0,0,'A000136',NULL),('A',280,000127,0,'016/WKNE02/12/2010',NULL,NULL,NULL,NULL,'40000003','2010-12-01 19:13:33','2010-12-01 20:58:36',9870,3100,'SOGM',NULL,'BG4827FB','1000000051','WKNE','WKNE02','1996',344,0,'ARI',6770,'','ptp.ma',NULL,'KG',NULL,NULL,'0','0','0',0,NULL,NULL,NULL,NULL,NULL,'0',NULL,NULL,NULL,0,0,NULL,0,0,'A000127',NULL),('A',281,000138,0,'148/SOGE04/12/2010',NULL,NULL,NULL,NULL,'40000003','2010-12-01 19:48:07','2010-12-01 21:00:21',5770,3880,'SOGM',NULL,'BG8148MQ','1000000004','SOGE','SOGE04','',80,0,'misni',1890,'','ptp.ma',NULL,'KG',NULL,NULL,'0','0','0',0,NULL,NULL,NULL,NULL,NULL,'0',NULL,NULL,NULL,0,0,NULL,0,0,'A000138',NULL),('A',282,000131,0,'024/SKNE08/12/2010',NULL,NULL,NULL,NULL,'40000003','2010-12-01 19:36:17','2010-12-01 21:02:10',8470,2980,'SOGM',NULL,'BG8190RS','1000000026','SKNE','SKNE08','2004',548,0,'hailit',5490,'','ptp.ma',NULL,'KG',NULL,NULL,'0','0','0',0,NULL,NULL,NULL,NULL,NULL,'0',NULL,NULL,NULL,0,0,NULL,0,0,'A000131',NULL),('A',283,000145,0,'177/SOGE01/12/2010',NULL,NULL,NULL,NULL,'40000003','2010-12-01 20:04:18','2010-12-01 21:03:42',6700,4040,'SOGM',NULL,'BG8672F','1000000001','SOGE','SOGE01','1984',98,0,'agus',2660,'','ptp.ma',NULL,'KG',NULL,NULL,'0','0','0',0,NULL,NULL,NULL,NULL,NULL,'0',NULL,NULL,NULL,0,0,NULL,0,0,'A000145',NULL),('A',284,000146,0,'152/SOGE01/12/2010',NULL,NULL,NULL,NULL,'40000003','2010-12-01 20:06:06','2010-12-01 21:05:21',7850,3880,'SOGM',NULL,'BG8009XL','1000000001','SOGE','SOGE01','1985',148,0,'omjali',3970,'','ptp.ma',NULL,'KG',NULL,NULL,'0','0','0',0,NULL,NULL,NULL,NULL,NULL,'0',NULL,NULL,NULL,0,0,NULL,0,0,'A000146',NULL),('A',285,000137,0,'316/SKNE05/12/2010',NULL,NULL,NULL,NULL,'40000003','2010-12-01 19:46:47','2010-12-01 21:07:31',9850,3020,'SOGM',NULL,'BG8464F','1000000026','SKNE','SKNE05','',532,0,'india',6830,'','ptp.ma',NULL,'KG',NULL,NULL,'0','0','0',0,NULL,NULL,NULL,NULL,NULL,'0',NULL,NULL,NULL,0,0,NULL,0,0,'A000137',NULL),('A',286,000141,0,'',NULL,NULL,NULL,NULL,'40000003','2010-12-01 19:55:19','2010-12-01 21:09:29',10090,3860,'SOGM',NULL,'BG8729YA','1000000032',NULL,NULL,'1993',418,0,'eka',6230,'','ptp.ma',NULL,'KG',NULL,NULL,'0','0','0',0,NULL,NULL,NULL,NULL,NULL,'0',NULL,NULL,'',0,0,'',0,0,'A000141',NULL),('A',287,000140,0,'',NULL,NULL,NULL,NULL,'40000003','2010-12-01 19:51:50','2010-12-01 21:11:42',9780,3150,'SOGM',NULL,'BG4726MG','1000000032',NULL,NULL,'',0,0,'limi',6630,'','ptp.ma',NULL,'KG',NULL,NULL,'0','0','0',0,NULL,NULL,NULL,NULL,NULL,'0',NULL,NULL,'',0,0,'',0,0,'A000140',NULL),('A',288,000139,0,'005/WKNE03/12/2010',NULL,NULL,NULL,NULL,'40000003','2010-12-01 19:50:03','2010-12-01 21:13:33',9400,3100,'SOGM',NULL,'BG8136F','1000000051','WKNE','WKNE03','',540,0,'mulyono',6300,'','ptp.ma',NULL,'KG',NULL,NULL,'0','0','0',0,NULL,NULL,NULL,NULL,NULL,'0',NULL,NULL,NULL,0,0,NULL,0,0,'A000139',NULL),('A',289,000143,0,'148/SOGE02/12/2010',NULL,NULL,NULL,NULL,'40000003','2010-12-01 19:59:17','2010-12-01 21:15:45',9810,3140,'SOGM',NULL,'BG4197MA','1000000002','SOGE','SOGE02','1985',195,0,'ruani',6670,'','ptp.ma',NULL,'KG',NULL,NULL,'0','0','0',0,NULL,NULL,NULL,NULL,NULL,'0',NULL,NULL,NULL,0,0,NULL,0,0,'A000143',NULL),('A',290,000142,0,'',NULL,NULL,NULL,NULL,'40000003','2010-12-01 19:57:31','2010-12-01 21:17:25',11520,3440,'SOGM',NULL,'BG4985FB','1000000016',NULL,NULL,'1994',524,0,'busroni',8080,'','ptp.ma',NULL,'KG',NULL,NULL,'0','0','0',0,NULL,NULL,NULL,NULL,NULL,'0',NULL,NULL,'',0,0,'',0,0,'A000142',NULL),('A',291,000147,1,'018/WKNE02/12/2010',NULL,NULL,NULL,NULL,'40000003','2010-12-01 21:20:22','0000-00-00 00:00:00',7550,0,'SOGM',NULL,'BG4365FB','1000000051','WKNE','WKNE02','1996',266,0,'kandar',0,'','ptp.ma',NULL,'KG',NULL,NULL,'0','0','0',0,'',NULL,NULL,NULL,NULL,'0',NULL,NULL,NULL,0,0,NULL,0,0,'A000147',NULL),('A',292,000148,1,'017/WKNE02/12/2010',NULL,NULL,NULL,NULL,'40000003','2010-12-01 21:22:26','0000-00-00 00:00:00',8240,0,'SOGM',NULL,'Z8575DB','1000000051','WKNE','WKNE02','1996',288,0,'eko',0,'','ptp.ma',NULL,'KG',NULL,NULL,'0','0','0',0,'',NULL,NULL,NULL,NULL,'0',NULL,NULL,NULL,0,0,NULL,0,0,'A000148',NULL),('A',293,000149,1,'00087/SENE05/12/2010',NULL,NULL,NULL,NULL,'40000003','2010-12-01 21:24:01','0000-00-00 00:00:00',8930,0,'SOGM',NULL,'BG4078FB','1000000005','SENE','SENE05','',254,0,'irawan',0,'','ptp.ma',NULL,'KG',NULL,NULL,'0','0','0',0,'',NULL,NULL,NULL,NULL,'0',NULL,NULL,NULL,0,0,NULL,0,0,'A000149',NULL),('A',294,000150,1,'19166/SENE06/12/2010',NULL,NULL,NULL,NULL,'40000003','2010-12-01 21:25:48','0000-00-00 00:00:00',8550,0,'SOGM',NULL,'BG8138UA','1000000006','SENE','SENE06','',184,0,'rahmat',0,'','ptp.ma',NULL,'KG',NULL,NULL,'0','0','0',0,'',NULL,NULL,NULL,NULL,'0',NULL,NULL,NULL,0,0,NULL,0,0,'A000150',NULL),('A',295,000151,1,'3006/SKNE05/12/2010',NULL,NULL,NULL,NULL,'40000003','2010-12-01 21:27:27','0000-00-00 00:00:00',8640,0,'SOGM',NULL,'BG9950LF','1000000026','SKNE','SKNE05','',322,0,'mil',0,'','ptp.ma',NULL,'KG',NULL,NULL,'0','0','0',0,'',NULL,NULL,NULL,NULL,'0',NULL,NULL,NULL,0,0,NULL,0,0,'A000151',NULL),('A',296,000152,1,'',NULL,NULL,NULL,NULL,'40000003','2010-12-01 21:31:01','0000-00-00 00:00:00',9610,0,'SOGM',NULL,'BG8897MI','1000000047',NULL,NULL,'',698,0,'budiman',0,'','ptp.ma',NULL,'KG',NULL,NULL,'0','0','0',0,NULL,NULL,NULL,NULL,NULL,'0',NULL,NULL,'',0,0,'',0,0,'A000152',NULL),('A',297,000153,1,'3265/SKNE05/12/2010',NULL,NULL,NULL,NULL,'40000003','2010-12-01 21:33:40','0000-00-00 00:00:00',7280,0,'SOGM',NULL,'BG8791F','1000000026','SKNE','SKNE05','',280,0,'jumadi',0,'','ptp.ma',NULL,'KG',NULL,NULL,'0','0','0',0,'',NULL,NULL,NULL,NULL,'0',NULL,NULL,NULL,0,0,NULL,0,0,'A000153',NULL),('A',298,000154,1,'4147/SKSE03/12/2010',NULL,NULL,NULL,NULL,'40000003','2010-12-01 21:42:21','0000-00-00 00:00:00',9380,0,'SOGM',NULL,'BG8545FM','1000000025','SKSE','SKSE03','',386,0,'endang',0,'','ptp.ma',NULL,'KG',NULL,NULL,'0','0','0',0,'',NULL,NULL,NULL,NULL,'0',NULL,NULL,NULL,0,0,NULL,0,0,'A000154',NULL),('A',299,000155,1,'14475/SENE08/12/2010',NULL,NULL,NULL,NULL,'40000003','2010-12-01 21:43:49','0000-00-00 00:00:00',10980,0,'SOGM',NULL,'BG4217LF','1000000008','SENE','SENE08','',267,0,'soleh',0,'','ptp.ma',NULL,'KG',NULL,NULL,'0','0','0',0,'',NULL,NULL,NULL,NULL,'0',NULL,NULL,NULL,0,0,NULL,0,0,'A000155',NULL),('A',300,000156,1,'4612/SKSE04/12/2010',NULL,NULL,NULL,NULL,'40000003','2010-12-01 21:45:33','0000-00-00 00:00:00',8760,0,'SOGM',NULL,'BG8542FM','1000000025','SKSE','SKSE04','1998',300,0,'zamrudin',0,'','ptp.ma',NULL,'KG',NULL,NULL,'0','0','0',0,'',NULL,NULL,NULL,NULL,'0',NULL,NULL,NULL,0,0,NULL,0,0,'A000156',NULL),('A',301,000157,1,'019/WKNE02/12/2010',NULL,NULL,NULL,NULL,'40000003','2010-12-01 21:47:14','0000-00-00 00:00:00',7390,0,'SOGM',NULL,'BE9170WA','1000000051','WKNE','WKNE02','1996',253,0,'jupri',0,'','ptp.ma',NULL,'KG',NULL,NULL,'0','0','0',0,'',NULL,NULL,NULL,NULL,'0',NULL,NULL,NULL,0,0,NULL,0,0,'A000157',NULL),('A',302,000158,1,'14804/SOGE02/12/2010',NULL,NULL,NULL,NULL,'40000003','2010-12-01 21:48:54','0000-00-00 00:00:00',7670,0,'SOGM',NULL,'BG4617FA','1000000002','SOGE','SOGE02','',175,0,'fatimah',0,'','ptp.ma',NULL,'KG',NULL,NULL,'0','0','0',0,'',NULL,NULL,NULL,NULL,'0',NULL,NULL,NULL,0,0,NULL,0,0,'A000158',NULL),('A',303,000159,1,'3278/SKSE04/12/2010',NULL,NULL,NULL,NULL,'40000003','2010-12-01 21:51:38','0000-00-00 00:00:00',4610,0,'SOGM',NULL,'B9294QB','1000000025','SKSE','SKSE04','',50,0,'udin',0,'','ptp.ma',NULL,'KG',NULL,NULL,'0','0','0',0,'',NULL,NULL,NULL,NULL,'0',NULL,NULL,NULL,0,0,NULL,0,0,'A000159',NULL),('A',304,000160,1,'07/WKNE03/12/2010',NULL,NULL,NULL,NULL,'40000003','2010-12-01 21:53:42','0000-00-00 00:00:00',7920,0,'SOGM',NULL,'BG8406F','1000000051','WKNE','WKNE03','',671,0,'amrudin',0,'','ptp.ma',NULL,'KG',NULL,NULL,'0','0','0',0,'',NULL,NULL,NULL,NULL,'0',NULL,NULL,NULL,0,0,NULL,0,0,'A000160',NULL),('A',305,000161,1,'',NULL,NULL,NULL,NULL,'40000003','2010-12-01 21:55:55','0000-00-00 00:00:00',9500,0,'SOGM',NULL,'BG8709F','1000000042',NULL,NULL,'',270,0,'selamet',0,'','ptp.ma',NULL,'KG',NULL,NULL,'0','0','0',0,NULL,NULL,NULL,NULL,NULL,'0',NULL,NULL,'',0,0,'',0,0,'A000161',NULL),('A',306,000162,1,'15260/SOGE03/12/2010',NULL,NULL,NULL,NULL,'40000003','2010-12-01 21:58:08','0000-00-00 00:00:00',8740,0,'SOGM',NULL,'BG8350UE','1000000003','SOGE','SOGE03','',170,0,'fauzi',0,'','ptp.ma',NULL,'KG',NULL,NULL,'0','0','0',0,'',NULL,NULL,NULL,NULL,'0',NULL,NULL,NULL,0,0,NULL,0,0,'A000162',NULL),('A',307,000163,1,'4417/SKSE04/12/2010',NULL,NULL,NULL,NULL,'40000003','2010-12-01 21:59:57','0000-00-00 00:00:00',7950,0,'SOGM',NULL,'BG8480FM','1000000025','SKSE','SKSE04','',232,0,'yadi',0,'','ptp.ma',NULL,'KG',NULL,NULL,'0','0','0',0,'',NULL,NULL,NULL,NULL,'0',NULL,NULL,NULL,0,0,NULL,0,0,'A000163',NULL),('A',308,000164,1,'101769/SENE05/12/2010',NULL,NULL,NULL,NULL,'40000003','2010-12-01 22:02:39','0000-00-00 00:00:00',8230,0,'SOGM',NULL,'BG8649UD','1000000005','SENE','SENE05','',198,0,'suilip',0,'','ptp.ma',NULL,'KG',NULL,NULL,'0','0','0',0,'',NULL,NULL,NULL,NULL,'0',NULL,NULL,NULL,0,0,NULL,0,0,'A000164',NULL),('A',309,000165,1,'15261/SOGE03/12/2010',NULL,NULL,NULL,NULL,'40000003','2010-12-01 22:03:59','0000-00-00 00:00:00',8200,0,'SOGM',NULL,'BG8796F','1000000003','SOGE','SOGE03','',172,0,'saher',0,'','ptp.ma',NULL,'KG',NULL,NULL,'0','0','0',0,'',NULL,NULL,NULL,NULL,'0',NULL,NULL,NULL,0,0,NULL,0,0,'A000165',NULL),('A',310,000166,1,'4616/SKSE04/12/2010',NULL,NULL,NULL,NULL,'40000003','2010-12-01 22:05:53','0000-00-00 00:00:00',11390,0,'SOGM',NULL,'BG8005JA','1000000025','SKSE','SKSE04','',516,0,'burtowi',0,'','ptp.ma',NULL,'KG',NULL,NULL,'0','0','0',0,'',NULL,NULL,NULL,NULL,'0',NULL,NULL,NULL,0,0,NULL,0,0,'A000166',NULL),('A',311,000167,1,'3700/SKNE06/12/2010',NULL,NULL,NULL,NULL,'40000003','2010-12-01 22:07:27','0000-00-00 00:00:00',8280,0,'SOGM',NULL,'BG4814FB','1000000026','SKNE','SKNE06','',417,0,'sugito',0,'','ptp.ma',NULL,'KG',NULL,NULL,'0','0','0',0,'',NULL,NULL,NULL,NULL,'0',NULL,NULL,NULL,0,0,NULL,0,0,'A000167',NULL),('A',312,000168,1,'',NULL,NULL,NULL,NULL,'40000003','2010-12-01 22:10:15','0000-00-00 00:00:00',11860,0,'SOGM',NULL,'BE9689WA','1000000049',NULL,NULL,'',1700,0,'davit',0,'','ptp.ma',NULL,'KG',NULL,NULL,'0','0','0',0,NULL,NULL,NULL,NULL,NULL,'0',NULL,NULL,'',0,0,'',0,0,'A000168',NULL),('A',313,000169,1,'',NULL,NULL,NULL,NULL,'40000003','2010-12-01 22:13:27','0000-00-00 00:00:00',11660,0,'SOGM',NULL,'BE4192AV','1000000055',NULL,NULL,'',1030,0,'likin',0,'','ptp.ma',NULL,'KG',NULL,NULL,'0','0','0',0,NULL,NULL,NULL,NULL,NULL,'0',NULL,NULL,'',0,0,'',0,0,'A000169',NULL),('A',314,000170,1,'',NULL,NULL,NULL,NULL,'40000003','2010-12-01 22:15:54','0000-00-00 00:00:00',10250,0,'SOGM',NULL,'BE8171W','1000000055',NULL,NULL,'',1150,0,'sutio',0,'','ptp.ma',NULL,'KG',NULL,NULL,'0','0','0',0,NULL,NULL,NULL,NULL,NULL,'0',NULL,NULL,'',0,0,'',0,0,'A000170',NULL),('A',315,000171,1,'3694/SKSE01/12/2010',NULL,NULL,NULL,NULL,'40000003','2010-12-01 22:17:30','0000-00-00 00:00:00',10800,0,'SOGM',NULL,'BE9930BK','1000000025','SKSE','SKSE01','',380,0,'wahyu',0,'','ptp.ma',NULL,'KG',NULL,NULL,'0','0','0',0,'',NULL,NULL,NULL,NULL,'0',NULL,NULL,NULL,0,0,NULL,0,0,'A000171',NULL),('A',316,000172,1,'3398/SKSE02/12/2010',NULL,NULL,NULL,NULL,'40000003','2010-12-01 22:19:21','0000-00-00 00:00:00',9700,0,'SOGM',NULL,'BG4957FB','1000000025','SKSE','SKSE02','',289,0,'kamsiri',0,'','ptp.ma',NULL,'KG',NULL,NULL,'0','0','0',0,'',NULL,NULL,NULL,NULL,'0',NULL,NULL,NULL,0,0,NULL,0,0,'A000172',NULL),('A',317,000173,1,'2488/SKNE08/12/2010',NULL,NULL,NULL,NULL,'40000003','2010-12-01 22:20:49','0000-00-00 00:00:00',8810,0,'SOGM',NULL,'BG8043FM','1000000026','SKNE','SKNE08','',386,0,'ridwan',0,'','ptp.ma',NULL,'KG',NULL,NULL,'0','0','0',0,'',NULL,NULL,NULL,NULL,'0',NULL,NULL,NULL,0,0,NULL,0,0,'A000173',NULL),('A',318,000174,1,'3397/SKSE02/12/2010',NULL,NULL,NULL,NULL,'40000003','2010-12-01 22:23:06','0000-00-00 00:00:00',10100,0,'SOGM',NULL,'BG9821LF','1000000025','SKSE','SKSE02','',411,0,'alex',0,'','ptp.ma',NULL,'KG',NULL,NULL,'0','0','0',0,'',NULL,NULL,NULL,NULL,'0',NULL,NULL,NULL,0,0,NULL,0,0,'A000174',NULL),('A',319,000175,1,'3396/SKSE02/12/2010',NULL,NULL,NULL,NULL,'40000003','2010-12-01 22:24:37','0000-00-00 00:00:00',9800,0,'SOGM',NULL,'BG8225LM','1000000025','SKSE','SKSE02','',430,0,'ridi',0,'','ptp.ma',NULL,'KG',NULL,NULL,'0','0','0',0,'',NULL,NULL,NULL,NULL,'0',NULL,NULL,NULL,0,0,NULL,0,0,'A000175',NULL),('A',320,000176,1,'4626/SKSE04/12/2010',NULL,NULL,NULL,NULL,'40000003','2010-12-01 22:26:55','0000-00-00 00:00:00',8690,0,'SOGM',NULL,'BG8497AJ','1000000025','SKSE','SKSE04','',329,0,'mubasri',0,'','ptp.ma',NULL,'KG',NULL,NULL,'0','0','0',0,'',NULL,NULL,NULL,NULL,'0',NULL,NULL,NULL,0,0,NULL,0,0,'A000176',NULL),('A',321,000150,0,'191/SENE06/12/2010',NULL,NULL,NULL,NULL,'40000003','2010-12-01 21:25:48','2010-12-01 22:28:50',8550,3890,'SOGM',NULL,'BG8138UA','1000000006','SENE','SENE06','',184,0,'rahmat',4660,'','ptp.ma',NULL,'KG',NULL,NULL,'0','0','0',0,NULL,NULL,NULL,NULL,NULL,'0',NULL,NULL,NULL,0,0,NULL,0,0,'A000150',NULL),('A',322,000152,0,'',NULL,NULL,NULL,NULL,'40000003','2010-12-01 21:31:01','2010-12-01 22:30:42',9610,3860,'SOGM',NULL,'BG8897MI','1000000047',NULL,NULL,'',698,0,'budiman',5750,'','ptp.ma',NULL,'KG',NULL,NULL,'0','0','0',0,NULL,NULL,NULL,NULL,NULL,'0',NULL,NULL,'',0,0,'',0,0,'A000152',NULL),('A',323,000153,0,'326/SKNE05/12/2010',NULL,NULL,NULL,NULL,'40000003','2010-12-01 21:33:40','2010-12-01 22:33:30',7280,3780,'SOGM',NULL,'BG8791F','1000000026','SKNE','SKNE05','',280,0,'jumadi',3500,'','ptp.ma',NULL,'KG',NULL,NULL,'0','0','0',0,NULL,NULL,NULL,NULL,NULL,'0',NULL,NULL,NULL,0,0,NULL,0,0,'A000153',NULL),('A',324,000147,0,'018/WKNE02/12/2010',NULL,NULL,NULL,NULL,'40000003','2010-12-01 21:20:22','2010-12-01 22:35:27',7550,3230,'SOGM',NULL,'BG4365FB','1000000051','WKNE','WKNE02','1996',266,0,'kandar',4320,'','ptp.ma',NULL,'KG',NULL,NULL,'0','0','0',0,NULL,NULL,NULL,NULL,NULL,'0',NULL,NULL,NULL,0,0,NULL,0,0,'A000147',NULL),('A',325,000149,0,'000/SENE05/12/2010',NULL,NULL,NULL,NULL,'40000003','2010-12-01 21:24:01','2010-12-01 22:37:25',8930,3100,'SOGM',NULL,'BG4078FB','1000000005','SENE','SENE05','',254,0,'irawan',5830,'','ptp.ma',NULL,'KG',NULL,NULL,'0','0','0',0,NULL,NULL,NULL,NULL,NULL,'0',NULL,NULL,NULL,0,0,NULL,0,0,'A000149',NULL),('A',326,000163,0,'441/SKSE04/12/2010',NULL,NULL,NULL,NULL,'40000003','2010-12-01 21:59:57','2010-12-01 22:39:16',7950,3030,'SOGM',NULL,'BG8480FM','1000000025','SKSE','SKSE04','',232,0,'yadi',4920,'','ptp.ma',NULL,'KG',NULL,NULL,'0','0','0',0,NULL,NULL,NULL,NULL,NULL,'0',NULL,NULL,NULL,0,0,NULL,0,0,'A000163',NULL),('A',327,000154,0,'414/SKSE03/12/2010',NULL,NULL,NULL,NULL,'40000003','2010-12-01 21:42:21','2010-12-01 22:41:18',9380,3760,'SOGM',NULL,'BG8545FM','1000000025','SKSE','SKSE03','',386,0,'endang',5620,'','ptp.ma',NULL,'KG',NULL,NULL,'0','0','0',0,NULL,NULL,NULL,NULL,NULL,'0',NULL,NULL,NULL,0,0,NULL,0,0,'A000154',NULL),('A',328,000151,0,'300/SKNE05/12/2010',NULL,NULL,NULL,NULL,'40000003','2010-12-01 21:27:27','2010-12-01 22:43:14',8640,3420,'SOGM',NULL,'BG9950LF','1000000026','SKNE','SKNE05','',322,0,'mil',5220,'','ptp.ma',NULL,'KG',NULL,NULL,'0','0','0',0,NULL,NULL,NULL,NULL,NULL,'0',NULL,NULL,NULL,0,0,NULL,0,0,'A000151',NULL),('A',329,000156,0,'461/SKSE04/12/2010',NULL,NULL,NULL,NULL,'40000003','2010-12-01 21:45:33','2010-12-01 22:44:48',8760,3810,'SOGM',NULL,'BG8542FM','1000000025','SKSE','SKSE04','1998',300,0,'zamrudin',4950,'','ptp.ma',NULL,'KG',NULL,NULL,'0','0','0',0,NULL,NULL,NULL,NULL,NULL,'0',NULL,NULL,NULL,0,0,NULL,0,0,'A000156',NULL),('A',330,000148,0,'017/WKNE02/12/2010',NULL,NULL,NULL,NULL,'40000003','2010-12-01 21:22:26','2010-12-01 22:46:36',8240,3200,'SOGM',NULL,'Z8575DB','1000000051','WKNE','WKNE02','1996',288,0,'eko',5040,'','ptp.ma',NULL,'KG',NULL,NULL,'0','0','0',0,NULL,NULL,NULL,NULL,NULL,'0',NULL,NULL,NULL,0,0,NULL,0,0,'A000148',NULL),('A',331,000159,0,'327/SKSE04/12/2010',NULL,NULL,NULL,NULL,'40000003','2010-12-01 21:51:38','2010-12-01 22:48:35',4610,3140,'SOGM',NULL,'B9294QB','1000000025','SKSE','SKSE04','',50,0,'udin',1470,'','ptp.ma',NULL,'KG',NULL,NULL,'0','0','0',0,NULL,NULL,NULL,NULL,NULL,'0',NULL,NULL,NULL,0,0,NULL,0,0,'A000159',NULL),('A',332,000160,0,'07//WKNE03/12/2010',NULL,NULL,NULL,NULL,'40000003','2010-12-01 21:53:42','2010-12-01 22:50:26',7920,3480,'SOGM',NULL,'BG8406F','1000000051','WKNE','WKNE03','',671,0,'amrudin',4440,'','ptp.ma',NULL,'KG',NULL,NULL,'0','0','0',0,NULL,NULL,NULL,NULL,NULL,'0',NULL,NULL,NULL,0,0,NULL,0,0,'A000160',NULL),('A',333,000162,0,'152/SOGE03/12/2010',NULL,NULL,NULL,NULL,'40000003','2010-12-01 21:58:08','2010-12-01 22:52:11',8740,3890,'SOGM',NULL,'BG8350UE','1000000003','SOGE','SOGE03','',170,0,'fauzi',4850,'','ptp.ma',NULL,'KG',NULL,NULL,'0','0','0',0,NULL,NULL,NULL,NULL,NULL,'0',NULL,NULL,NULL,0,0,NULL,0,0,'A000162',NULL),('A',334,000164,0,'101/SENE05/12/2010',NULL,NULL,NULL,NULL,'40000003','2010-12-01 22:02:39','2010-12-01 22:53:54',8230,3800,'SOGM',NULL,'BG8649UD','1000000005','SENE','SENE05','',198,0,'suilip',4430,'','ptp.ma',NULL,'KG',NULL,NULL,'0','0','0',0,NULL,NULL,NULL,NULL,NULL,'0',NULL,NULL,NULL,0,0,NULL,0,0,'A000164',NULL),('A',335,000165,0,'152/SOGE03/12/2010',NULL,NULL,NULL,NULL,'40000003','2010-12-01 22:03:59','2010-12-01 23:05:30',8200,3610,'SOGM',NULL,'BG8796F','1000000003','SOGE','SOGE03','',172,0,'saher',4590,'','ptp.ma',NULL,'KG',NULL,NULL,'0','0','0',0,NULL,NULL,NULL,NULL,NULL,'0',NULL,NULL,NULL,0,0,NULL,0,0,'A000165',NULL),('A',336,000161,0,'',NULL,NULL,NULL,NULL,'40000003','2010-12-01 21:55:55','2010-12-01 23:07:26',9500,3580,'SOGM',NULL,'BG8709F','1000000042',NULL,NULL,'',270,0,'selamet',5920,'','ptp.ma',NULL,'KG',NULL,NULL,'0','0','0',0,NULL,NULL,NULL,NULL,NULL,'0',NULL,NULL,'',0,0,'',0,0,'A000161',NULL),('A',337,000112,0,'183/SOGE01/12/2010',NULL,NULL,NULL,NULL,'40000003','2010-12-01 17:32:10','2010-12-01 23:09:21',2390,960,'SOGM',NULL,'BG9933MB','1000000001','SOGE','SOGE01','1985',51,0,'MARWAN',1430,'','ptp.ma',NULL,'KG',NULL,NULL,'0','0','0',0,NULL,NULL,NULL,NULL,NULL,'0',NULL,NULL,NULL,0,0,NULL,0,0,'A000112',NULL),('A',338,000158,0,'148/SOGE02/12/2010',NULL,NULL,NULL,NULL,'40000003','2010-12-01 21:48:54','2010-12-01 23:11:02',7670,2990,'SOGM',NULL,'BG4617FA','1000000002','SOGE','SOGE02','',175,0,'fatimah',4680,'','ptp.ma',NULL,'KG',NULL,NULL,'0','0','0',0,NULL,NULL,NULL,NULL,NULL,'0',NULL,NULL,NULL,0,0,NULL,0,0,'A000158',NULL),('A',339,000155,0,'144/SENE08/12/2010',NULL,NULL,NULL,NULL,'40000003','2010-12-01 21:43:49','2010-12-01 23:12:34',10980,3530,'SOGM',NULL,'BG4217LF','1000000008','SENE','SENE08','',267,0,'soleh',7450,'','ptp.ma',NULL,'KG',NULL,NULL,'0','0','0',0,NULL,NULL,NULL,NULL,NULL,'0',NULL,NULL,NULL,0,0,NULL,0,0,'A000155',NULL),('A',340,000157,0,'019/WKNE02/12/2010',NULL,NULL,NULL,NULL,'40000003','2010-12-01 21:47:14','2010-12-01 23:14:10',7390,3310,'SOGM',NULL,'BE9170WA','1000000051','WKNE','WKNE02','1996',253,0,'jupri',4080,'','ptp.ma',NULL,'KG',NULL,NULL,'0','0','0',0,NULL,NULL,NULL,NULL,NULL,'0',NULL,NULL,NULL,0,0,NULL,0,0,'A000157',NULL),('A',341,000167,0,'370/SKNE06/12/2010',NULL,NULL,NULL,NULL,'40000003','2010-12-01 22:07:27','2010-12-01 23:15:58',8280,3170,'SOGM',NULL,'BG4814FB','1000000026','SKNE','SKNE06','',417,0,'sugito',5110,'','ptp.ma',NULL,'KG',NULL,NULL,'0','0','0',0,NULL,NULL,NULL,NULL,NULL,'0',NULL,NULL,NULL,0,0,NULL,0,0,'A000167',NULL),('A',342,000174,0,'339/SKSE02/12/2010',NULL,NULL,NULL,NULL,'40000003','2010-12-01 22:23:06','2010-12-01 23:17:32',10100,3210,'SOGM',NULL,'BG9821LF','1000000025','SKSE','SKSE02','',411,0,'alex',6890,'','ptp.ma',NULL,'KG',NULL,NULL,'0','0','0',0,NULL,NULL,NULL,NULL,NULL,'0',NULL,NULL,NULL,0,0,NULL,0,0,'A000174',NULL),('A',343,000177,1,'',NULL,NULL,NULL,NULL,'40000003','2010-12-01 23:21:37','0000-00-00 00:00:00',10490,0,'SOGM',NULL,'BK9843SF','1000000055',NULL,NULL,'',1310,0,'candra',0,'','ptp.ma',NULL,'KG',NULL,NULL,'0','0','0',0,NULL,NULL,NULL,NULL,NULL,'0',NULL,NULL,'',0,0,'',0,0,'A000177',NULL),('A',344,000178,1,'',NULL,NULL,NULL,NULL,'40000003','2010-12-01 23:24:55','0000-00-00 00:00:00',11200,0,'SOGM',NULL,'BK9711BI','1000000055',NULL,NULL,'',1134,0,'herman',0,'','ptp.ma',NULL,'KG',NULL,NULL,'0','0','0',0,NULL,NULL,NULL,NULL,NULL,'0',NULL,NULL,'',0,0,'',0,0,'A000178',NULL),('A',345,000179,1,'106/WKNE03/12/2010',NULL,NULL,NULL,NULL,'40000003','2010-12-01 23:26:32','0000-00-00 00:00:00',8040,0,'SOGM',NULL,'BG8789F','1000000051','WKNE','WKNE03','',385,0,'amrudin',0,'','ptp.ma',NULL,'KG',NULL,NULL,'0','0','0',0,'',NULL,NULL,NULL,NULL,'0',NULL,NULL,NULL,0,0,NULL,0,0,'A000179',NULL),('A',346,000180,1,'14239/SENE07/12/2010',NULL,NULL,NULL,NULL,'40000003','2010-12-01 23:28:24','0000-00-00 00:00:00',9420,0,'SOGM',NULL,'BG8348FT','1000000007','SENE','SENE07','1988',243,0,'heri',0,'','ptp.ma',NULL,'KG',NULL,NULL,'0','0','0',0,'',NULL,NULL,NULL,NULL,'0',NULL,NULL,NULL,0,0,NULL,0,0,'A000180',NULL),('A',347,000181,1,'14792/SOGE02/12/2010',NULL,NULL,NULL,NULL,'40000003','2010-12-01 23:30:22','0000-00-00 00:00:00',8710,0,'SOGM',NULL,'BG8369RR','1000000002','SOGE','SOGE02','',204,0,'eni',0,'','ptp.ma',NULL,'KG',NULL,NULL,'0','0','0',0,'',NULL,NULL,NULL,NULL,'0',NULL,NULL,NULL,0,0,NULL,0,0,'A000181',NULL),('A',348,000182,1,'',NULL,NULL,NULL,NULL,'40000003','2010-12-01 23:32:28','0000-00-00 00:00:00',11620,0,'SOGM',NULL,'BE9038W','1000000055',NULL,NULL,'',1255,0,'harnoto',0,'','ptp.ma',NULL,'KG',NULL,NULL,'0','0','0',0,NULL,NULL,NULL,NULL,NULL,'0',NULL,NULL,'',0,0,'',0,0,'A000182',NULL),('A',349,000183,1,'4418/SKSE04/12/2010',NULL,NULL,NULL,NULL,'40000003','2010-12-01 23:35:25','0000-00-00 00:00:00',6090,0,'SOGM',NULL,'BG8299FM','1000000025','SKSE','SKSE04','',235,0,'yadi',0,'','ptp.ma',NULL,'KG',NULL,NULL,'0','0','0',0,'',NULL,NULL,NULL,NULL,'0',NULL,NULL,NULL,0,0,NULL,0,0,'A000183',NULL),('A',350,000184,1,'4617/SKSE04/12/2010',NULL,NULL,NULL,NULL,'40000003','2010-12-01 23:36:56','0000-00-00 00:00:00',10870,0,'SOGM',NULL,'BG8881F','1000000025','SKSE','SKSE04','',521,0,'bambang',0,'','ptp.ma',NULL,'KG',NULL,NULL,'0','0','0',0,'',NULL,NULL,NULL,NULL,'0',NULL,NULL,NULL,0,0,NULL,0,0,'A000184',NULL),('A',351,000185,1,'3699/SKNE06/12/2010',NULL,NULL,NULL,NULL,'40000003','2010-12-01 23:38:30','0000-00-00 00:00:00',8450,0,'SOGM',NULL,'BG8595AC','1000000026','SKNE','SKNE06','',368,0,'pardi',0,'','ptp.ma',NULL,'KG',NULL,NULL,'0','0','0',0,'',NULL,NULL,NULL,NULL,'0',NULL,NULL,NULL,0,0,NULL,0,0,'A000185',NULL),('A',352,000186,1,'028/WKNE01/12/2010',NULL,NULL,NULL,NULL,'40000003','2010-12-01 23:40:01','0000-00-00 00:00:00',10410,0,'SOGM',NULL,'BG8522FM','1000000051','WKNE','WKNE01','',351,0,'sihar',0,'','ptp.ma',NULL,'KG',NULL,NULL,'0','0','0',0,'',NULL,NULL,NULL,NULL,'0',NULL,NULL,NULL,0,0,NULL,0,0,'A000186',NULL),('A',353,000187,1,'17774/SOGE01/12/2010',NULL,NULL,NULL,NULL,'40000003','2010-12-01 23:41:51','0000-00-00 00:00:00',5700,0,'SOGM',NULL,'BG8199F','1000000001','SOGE','SOGE01','',82,0,'lendra',0,'','ptp.ma',NULL,'KG',NULL,NULL,'0','0','0',0,'',NULL,NULL,NULL,NULL,'0',NULL,NULL,NULL,0,0,NULL,0,0,'A000187',NULL),('A',354,000188,1,'032/WKNE01/12/2010',NULL,NULL,NULL,NULL,'40000003','2010-12-01 23:43:36','0000-00-00 00:00:00',11210,0,'SOGM',NULL,'BG8521FM','1000000051','WKNE','WKNE01','',400,0,'mali',0,'','ptp.ma',NULL,'KG',NULL,NULL,'0','0','0',0,'',NULL,NULL,NULL,NULL,'0',NULL,NULL,NULL,0,0,NULL,0,0,'A000188',NULL),('A',355,000189,1,'027/WKNE01/12/2010',NULL,NULL,NULL,NULL,'40000003','2010-12-01 23:45:19','0000-00-00 00:00:00',10190,0,'SOGM',NULL,'BE9860BR','1000000051','WKNE','WKNE01','',330,0,'mamo',0,'','ptp.ma',NULL,'KG',NULL,NULL,'0','0','0',0,'',NULL,NULL,NULL,NULL,'0',NULL,NULL,NULL,0,0,NULL,0,0,'A000189',NULL),('A',356,000190,1,'029/WKNE01/12/2010',NULL,NULL,NULL,NULL,'40000003','2010-12-01 23:46:47','0000-00-00 00:00:00',10320,0,'SOGM',NULL,'BG8860MQ','1000000051','WKNE','WKNE01','',350,0,'barul',0,'','ptp.ma',NULL,'KG',NULL,NULL,'0','0','0',0,'',NULL,NULL,NULL,NULL,'0',NULL,NULL,NULL,0,0,NULL,0,0,'A000190',NULL),('A',357,000191,1,'02/WKNE04/12/2010',NULL,NULL,NULL,NULL,'40000003','2010-12-01 23:49:31','0000-00-00 00:00:00',11850,0,'SOGM',NULL,'D9602VA','1000000051','WKNE','WKNE04','',800,0,'saimar',0,'','ptp.ma',NULL,'KG',NULL,NULL,'0','0','0',0,'',NULL,NULL,NULL,NULL,'0',NULL,NULL,NULL,0,0,NULL,0,0,'A000191',NULL),('A',358,000192,1,'01/WKNE04/12/2010',NULL,NULL,NULL,NULL,'40000003','2010-12-01 23:51:57','0000-00-00 00:00:00',10770,0,'SOGM',NULL,'BG4924FB','1000000051','WKNE','WKNE04','',778,0,'dedi',0,'','ptp.ma',NULL,'KG',NULL,NULL,'0','0','0',0,'',NULL,NULL,NULL,NULL,'0',NULL,NULL,NULL,0,0,NULL,0,0,'A000192',NULL),('A',359,000193,1,'4658/SKSE04/12/2010',NULL,NULL,NULL,NULL,'40000003','2010-12-01 23:54:19','0000-00-00 00:00:00',5940,0,'SOGM',NULL,'BG8405F','1000000025','SKSE','SKSE04','',200,0,'epan',0,'','ptp.ma',NULL,'KG',NULL,NULL,'0','0','0',0,'',NULL,NULL,NULL,NULL,'0',NULL,NULL,NULL,0,0,NULL,0,0,'A000193',NULL),('A',360,000194,1,'14793/SOGE02/12/2010',NULL,NULL,NULL,NULL,'40000003','2010-12-01 23:56:42','0000-00-00 00:00:00',6660,0,'SOGM',NULL,'BG8672F','1000000002','SOGE','SOGE02','',167,0,'hengki',0,'','ptp.ma',NULL,'KG',NULL,NULL,'0','0','0',0,'',NULL,NULL,NULL,NULL,'0',NULL,NULL,NULL,0,0,NULL,0,0,'A000194',NULL),('A',361,000195,1,'18332/SOGE01/12/2010',NULL,NULL,NULL,NULL,'40000003','2010-12-01 23:58:19','0000-00-00 00:00:00',8470,0,'SOGM',NULL,'BG8673F','1000000001','SOGE','SOGE01','',159,0,'mutamat',0,'','ptp.ma',NULL,'KG',NULL,NULL,'0','0','0',0,'',NULL,NULL,NULL,NULL,'0',NULL,NULL,NULL,0,0,NULL,0,0,'A000195',NULL),('A',362,000170,0,'',NULL,NULL,NULL,NULL,'40000003','2010-12-01 22:15:54','2010-12-02 00:00:26',10250,3140,'SOGM',NULL,'BE8171W','1000000055',NULL,NULL,'',1150,0,'sutio',7110,'','ptp.ma',NULL,'KG',NULL,NULL,'0','0','0',0,NULL,NULL,NULL,NULL,NULL,'0',NULL,NULL,'',0,0,'',0,0,'A000170',NULL),('A',363,000171,0,'369/SKSE01/12/2010',NULL,NULL,NULL,NULL,'40000003','2010-12-01 22:17:30','2010-12-02 00:19:24',10800,3310,'SOGM',NULL,'BE9930BK','1000000025','SKSE','SKSE01','',380,0,'wahyu',7490,'','ptp.ma',NULL,'KG',NULL,NULL,'0','0','0',0,NULL,NULL,NULL,NULL,NULL,'0',NULL,NULL,NULL,0,0,NULL,0,0,'A000171',NULL),('A',364,000172,0,'339/SKSE02/12/2010',NULL,NULL,NULL,NULL,'40000003','2010-12-01 22:19:21','2010-12-02 00:21:29',9700,3450,'SOGM',NULL,'BG4957FB','1000000025','SKSE','SKSE02','',289,0,'kamsiri',6250,'','ptp.ma',NULL,'KG',NULL,NULL,'0','0','0',0,NULL,NULL,NULL,NULL,NULL,'0',NULL,NULL,NULL,0,0,NULL,0,0,'A000172',NULL),('A',365,000166,0,'461/SKSE04/12/2010',NULL,NULL,NULL,NULL,'40000003','2010-12-01 22:05:53','2010-12-02 00:23:08',11390,3380,'SOGM',NULL,'BG8005JA','1000000025','SKSE','SKSE04','',516,0,'burtowi',8010,'','ptp.ma',NULL,'KG',NULL,NULL,'0','0','0',0,NULL,NULL,NULL,NULL,NULL,'0',NULL,NULL,NULL,0,0,NULL,0,0,'A000166',NULL),('A',366,000173,0,'248/SKNE08/12/2010',NULL,NULL,NULL,NULL,'40000003','2010-12-01 22:20:49','2010-12-02 00:25:57',8810,3380,'SOGM',NULL,'BG8043FM','1000000026','SKNE','SKNE08','',386,0,'ridwan',5430,'','ptp.ma',NULL,'KG',NULL,NULL,'0','0','0',0,NULL,NULL,NULL,NULL,NULL,'0',NULL,NULL,NULL,0,0,NULL,0,0,'A000173',NULL),('A',367,000183,0,'441/SKSE04/12/2010',NULL,NULL,NULL,NULL,'40000003','2010-12-01 23:35:25','2010-12-02 00:29:17',6090,3030,'SOGM',NULL,'BG8299FM','1000000025','SKSE','SKSE04','',235,0,'yadi',3060,'','ptp.ma',NULL,'KG',NULL,NULL,'0','0','0',0,NULL,NULL,NULL,NULL,NULL,'0',NULL,NULL,NULL,0,0,NULL,0,0,'A000183',NULL),('A',368,000176,0,'462/SKSE04/12/2010',NULL,NULL,NULL,NULL,'40000003','2010-12-01 22:26:55','2010-12-02 00:31:40',8690,3230,'SOGM',NULL,'BG8497AJ','1000000025','SKSE','SKSE04','',329,0,'mubasri',5460,'','ptp.ma',NULL,'KG',NULL,NULL,'0','0','0',0,NULL,NULL,NULL,NULL,NULL,'0',NULL,NULL,NULL,0,0,NULL,0,0,'A000176',NULL),('A',369,000168,0,'',NULL,NULL,NULL,NULL,'40000003','2010-12-01 22:10:15','2010-12-02 00:33:55',11860,3720,'SOGM',NULL,'BE9689WA','1000000049',NULL,NULL,'',1700,0,'davit',8140,'','ptp.ma',NULL,'KG',NULL,NULL,'0','0','0',0,NULL,NULL,NULL,NULL,NULL,'0',NULL,NULL,'',0,0,'',0,0,'A000168',NULL),('A',370,000169,0,'',NULL,NULL,NULL,NULL,'40000003','2010-12-01 22:13:27','2010-12-02 00:36:24',11660,3250,'SOGM',NULL,'BE4192AV','1000000055',NULL,NULL,'',1030,0,'likin',8410,'','ptp.ma',NULL,'KG',NULL,NULL,'0','0','0',0,NULL,NULL,NULL,NULL,NULL,'0',NULL,NULL,'',0,0,'',0,0,'A000169',NULL),('A',371,000175,0,'339/SKSE02/12/2010',NULL,NULL,NULL,NULL,'40000003','2010-12-01 22:24:37','2010-12-02 00:38:26',9800,3640,'SOGM',NULL,'BG8225LM','1000000025','SKSE','SKSE02','',430,0,'ridi',6160,'','ptp.ma',NULL,'KG',NULL,NULL,'0','0','0',0,NULL,NULL,NULL,NULL,NULL,'0',NULL,NULL,NULL,0,0,NULL,0,0,'A000175',NULL),('A',372,000179,0,'106/WKNE03/12/2010',NULL,NULL,NULL,NULL,'40000003','2010-12-01 23:26:32','2010-12-02 00:40:57',8040,3610,'SOGM',NULL,'BG8789F','1000000051','WKNE','WKNE03','',385,0,'amrudin',4430,'','ptp.ma',NULL,'KG',NULL,NULL,'0','0','0',0,NULL,NULL,NULL,NULL,NULL,'0',NULL,NULL,NULL,0,0,NULL,0,0,'A000179',NULL),('A',373,000180,0,'142/SENE07/12/2010',NULL,NULL,NULL,NULL,'40000003','2010-12-01 23:28:24','2010-12-02 00:43:53',9420,3740,'SOGM',NULL,'BG8348FT','1000000007','SENE','SENE07','1988',243,0,'heri',5680,'','ptp.ma',NULL,'KG',NULL,NULL,'0','0','0',0,NULL,NULL,NULL,NULL,NULL,'0',NULL,NULL,NULL,0,0,NULL,0,0,'A000180',NULL),('A',374,000181,0,'147/SOGE02/12/2010',NULL,NULL,NULL,NULL,'40000003','2010-12-01 23:30:22','2010-12-02 00:45:49',8710,2810,'SOGM',NULL,'BG8369RR','1000000002','SOGE','SOGE02','',204,0,'eni',5900,'','ptp.ma',NULL,'KG',NULL,NULL,'0','0','0',0,NULL,NULL,NULL,NULL,NULL,'0',NULL,NULL,NULL,0,0,NULL,0,0,'A000181',NULL),('A',375,000178,0,'',NULL,NULL,NULL,NULL,'40000003','2010-12-01 23:24:55','2010-12-02 00:48:11',11200,3330,'SOGM',NULL,'BK9711BI','1000000055',NULL,NULL,'',1134,0,'herman',7870,'','ptp.ma',NULL,'KG',NULL,NULL,'0','0','0',0,NULL,NULL,NULL,NULL,NULL,'0',NULL,NULL,'',0,0,'',0,0,'A000178',NULL),('A',376,000182,0,'',NULL,NULL,NULL,NULL,'40000003','2010-12-01 23:32:28','2010-12-02 00:52:40',11620,3550,'SOGM',NULL,'BE9038W','1000000055',NULL,NULL,'',1255,0,'harnoto',8070,'','ptp.ma',NULL,'KG',NULL,NULL,'0','0','0',0,NULL,NULL,NULL,NULL,NULL,'0',NULL,NULL,'',0,0,'',0,0,'A000182',NULL),('A',377,000184,0,'461/SKSE04/12/2010',NULL,NULL,NULL,NULL,'40000003','2010-12-01 23:36:56','2010-12-02 00:55:21',10870,3230,'SOGM',NULL,'BG8881F','1000000025','SKSE','SKSE04','',521,0,'bambang',7640,'','ptp.ma',NULL,'KG',NULL,NULL,'0','0','0',0,NULL,NULL,NULL,NULL,NULL,'0',NULL,NULL,NULL,0,0,NULL,0,0,'A000184',NULL),('A',378,000177,0,'',NULL,NULL,NULL,NULL,'40000003','2010-12-01 23:21:37','2010-12-02 00:57:17',10490,3300,'SOGM',NULL,'BK9843SF','1000000055',NULL,NULL,'',1310,0,'candra',7190,'','ptp.ma',NULL,'KG',NULL,NULL,'0','0','0',0,NULL,NULL,NULL,NULL,NULL,'0',NULL,NULL,'',0,0,'',0,0,'A000177',NULL),('A',379,000193,0,'465/SKSE04/12/2010',NULL,NULL,NULL,NULL,'40000003','2010-12-01 23:54:19','2010-12-02 00:59:42',5940,3530,'SOGM',NULL,'BG8405F','1000000025','SKSE','SKSE04','',200,0,'epan',2410,'','ptp.ma',NULL,'KG',NULL,NULL,'0','0','0',0,NULL,NULL,NULL,NULL,NULL,'0',NULL,NULL,NULL,0,0,NULL,0,0,'A000193',NULL),('A',380,000194,0,'147/SOGE02/12/2010',NULL,NULL,NULL,NULL,'40000003','2010-12-01 23:56:42','2010-12-02 01:01:19',6660,4030,'SOGM',NULL,'BG8672F','1000000002','SOGE','SOGE02','',167,0,'hengki',2630,'','ptp.ma',NULL,'KG',NULL,NULL,'0','0','0',0,NULL,NULL,NULL,NULL,NULL,'0',NULL,NULL,NULL,0,0,NULL,0,0,'A000194',NULL),('A',381,000187,0,'177/SOGE01/12/2010',NULL,NULL,NULL,NULL,'40000003','2010-12-01 23:41:51','2010-12-02 01:02:50',5700,4030,'SOGM',NULL,'BG8199F','1000000001','SOGE','SOGE01','',82,0,'lendra',1670,'','ptp.ma',NULL,'KG',NULL,NULL,'0','0','0',0,NULL,NULL,NULL,NULL,NULL,'0',NULL,NULL,NULL,0,0,NULL,0,0,'A000187',NULL),('A',382,000186,0,'028/WKNE01/12/2010',NULL,NULL,NULL,NULL,'40000003','2010-12-01 23:40:01','2010-12-02 01:04:29',10410,3480,'SOGM',NULL,'BG8522FM','1000000051','WKNE','WKNE01','',351,0,'sihar',6930,'','ptp.ma',NULL,'KG',NULL,NULL,'0','0','0',0,NULL,NULL,NULL,NULL,NULL,'0',NULL,NULL,NULL,0,0,NULL,0,0,'A000186',NULL),('A',383,000195,0,'183/SOGE01/12/2010',NULL,NULL,NULL,NULL,'40000003','2010-12-01 23:58:19','2010-12-02 01:06:03',8470,4020,'SOGM',NULL,'BG8673F','1000000001','SOGE','SOGE01','',159,0,'mutamat',4450,'','ptp.ma',NULL,'KG',NULL,NULL,'0','0','0',0,NULL,NULL,NULL,NULL,NULL,'0',NULL,NULL,NULL,0,0,NULL,0,0,'A000195',NULL),('A',384,000185,0,'369/SKNE06/12/2010',NULL,NULL,NULL,NULL,'40000003','2010-12-01 23:38:30','2010-12-02 01:07:59',8450,3260,'SOGM',NULL,'BG8595AC','1000000026','SKNE','SKNE06','',368,0,'pardi',5190,'','ptp.ma',NULL,'KG',NULL,NULL,'0','0','0',0,NULL,NULL,NULL,NULL,NULL,'0',NULL,NULL,NULL,0,0,NULL,0,0,'A000185',NULL),('A',385,000189,0,'027/WKNE01/12/2010',NULL,NULL,NULL,NULL,'40000003','2010-12-01 23:45:19','2010-12-02 01:09:55',10190,3580,'SOGM',NULL,'BE9860BR','1000000051','WKNE','WKNE01','',330,0,'mamo',6610,'','ptp.ma',NULL,'KG',NULL,NULL,'0','0','0',0,NULL,NULL,NULL,NULL,NULL,'0',NULL,NULL,NULL,0,0,NULL,0,0,'A000189',NULL),('A',386,000190,0,'029/WKNE01/12/2010',NULL,NULL,NULL,NULL,'40000003','2010-12-01 23:46:47','2010-12-02 01:11:36',10320,3470,'SOGM',NULL,'BG8860MQ','1000000051','WKNE','WKNE01','',350,0,'barul',6850,'','ptp.ma',NULL,'KG',NULL,NULL,'0','0','0',0,NULL,NULL,NULL,NULL,NULL,'0',NULL,NULL,NULL,0,0,NULL,0,0,'A000190',NULL),('A',387,000188,0,'032/WKNE01/12/2010',NULL,NULL,NULL,NULL,'40000003','2010-12-01 23:43:36','2010-12-02 01:13:07',11210,3570,'SOGM',NULL,'BG8521FM','1000000051','WKNE','WKNE01','',400,0,'mali',7640,'','ptp.ma',NULL,'KG',NULL,NULL,'0','0','0',0,NULL,NULL,NULL,NULL,NULL,'0',NULL,NULL,NULL,0,0,NULL,0,0,'A000188',NULL),('A',388,000191,0,'02//WKNE04/12/2010',NULL,NULL,NULL,NULL,'40000003','2010-12-01 23:49:31','2010-12-02 01:14:59',11850,3370,'SOGM',NULL,'D9602VA','1000000051','WKNE','WKNE04','',800,0,'saimar',8480,'','ptp.ma',NULL,'KG',NULL,NULL,'0','0','0',0,NULL,NULL,NULL,NULL,NULL,'0',NULL,NULL,NULL,0,0,NULL,0,0,'A000191',NULL),('A',389,000192,0,'01//WKNE04/12/2010',NULL,NULL,NULL,NULL,'40000003','2010-12-01 23:51:57','2010-12-02 01:16:42',10770,3200,'SOGM',NULL,'BG4924FB','1000000051','WKNE','WKNE04','',778,0,'dedi',7570,'','ptp.ma',NULL,'KG',NULL,NULL,'0','0','0',0,NULL,NULL,NULL,NULL,NULL,'0',NULL,NULL,NULL,0,0,NULL,0,0,'A000192',NULL),('A',390,000196,1,'14805/SOGE02/12/2010',NULL,NULL,NULL,NULL,'40000003','2010-12-02 01:19:26','0000-00-00 00:00:00',7590,0,'SOGM',NULL,'BG8108F','1000000002','SOGE','SOGE02','',177,0,'yandri',0,'','ptp.ma',NULL,'KG',NULL,NULL,'0','0','0',0,'',NULL,NULL,NULL,NULL,'0',NULL,NULL,NULL,0,0,NULL,0,0,'A000196',NULL),('A',391,000197,1,'14240/SENE07/12/2010',NULL,NULL,NULL,NULL,'40000003','2010-12-02 01:21:10','0000-00-00 00:00:00',9070,0,'SOGM',NULL,'BG8895F','1000000007','SENE','SENE07','',241,0,'mkasuadi',0,'','ptp.ma',NULL,'KG',NULL,NULL,'0','0','0',0,'',NULL,NULL,NULL,NULL,'0',NULL,NULL,NULL,0,0,NULL,0,0,'A000197',NULL),('A',392,000198,1,'14242/SENE07/12/2010',NULL,NULL,NULL,NULL,'40000003','2010-12-02 01:22:52','0000-00-00 00:00:00',7660,0,'SOGM',NULL,'BG8144FM','1000000007','SENE','SENE07','',167,0,'indra',0,'','ptp.ma',NULL,'KG',NULL,NULL,'0','0','0',0,'',NULL,NULL,NULL,NULL,'0',NULL,NULL,NULL,0,0,NULL,0,0,'A000198',NULL),('A',393,000196,0,'148/SOGE02/12/2010',NULL,NULL,NULL,NULL,'40000003','2010-12-02 01:19:26','2010-12-02 01:26:15',7590,3510,'SOGM',NULL,'BG8108F','1000000002','SOGE','SOGE02','',177,0,'yandri',4080,'','ptp.ma',NULL,'KG',NULL,NULL,'0','0','0',0,NULL,NULL,NULL,NULL,NULL,'0',NULL,NULL,NULL,0,0,NULL,0,0,'A000196',NULL),('A',394,000197,0,'142/SENE07/12/2010',NULL,NULL,NULL,NULL,'40000003','2010-12-02 01:21:10','2010-12-02 01:28:25',9070,3710,'SOGM',NULL,'BG8895F','1000000007','SENE','SENE07','',241,0,'mkasuadi',5360,'','ptp.ma',NULL,'KG',NULL,NULL,'0','0','0',0,NULL,NULL,NULL,NULL,NULL,'0',NULL,NULL,NULL,0,0,NULL,0,0,'A000197',NULL),('A',395,000198,0,'142/SENE07/12/2010',NULL,NULL,NULL,NULL,'40000003','2010-12-02 01:22:52','2010-12-02 01:40:24',7660,4150,'SOGM',NULL,'BG8144FM','1000000007','SENE','SENE07','',167,0,'indra',3510,'','ptp.ma',NULL,'KG',NULL,NULL,'0','0','0',0,NULL,NULL,NULL,NULL,NULL,'0',NULL,NULL,NULL,0,0,NULL,0,0,'A000198',NULL),('A',396,000199,1,'4619/SKSE04/12/2010',NULL,NULL,NULL,NULL,'40000003','2010-12-02 02:28:26','0000-00-00 00:00:00',5090,0,'SOGM',NULL,'BG8543FM','1000000025','SKSE','SKSE04','',41,0,'DIRWAN',0,'','ptp.ma',NULL,'KG',NULL,NULL,'0','0','0',0,'',NULL,NULL,NULL,NULL,'0',NULL,NULL,NULL,0,0,NULL,0,0,'A000199',NULL),('A',397,000199,0,'461/SKSE04/12/2010',NULL,NULL,NULL,NULL,'40000003','2010-12-02 02:28:26','2010-12-02 02:33:54',5090,3790,'SOGM',NULL,'BG8543FM','1000000025','SKSE','SKSE04','',41,0,'DIRWAN',1300,'','ptp.ma',NULL,'KG',NULL,NULL,'0','0','0',0,NULL,NULL,NULL,NULL,NULL,'0',NULL,NULL,NULL,0,0,NULL,0,0,'A000199',NULL),('A',398,000200,1,'3717/SKSE03/12/2010',NULL,NULL,NULL,NULL,'40000003','2010-12-23 17:59:46','0000-00-00 00:00:00',7350,0,'SOGM',NULL,'B9294QB','1000000025','SKSE','SKSE03','',418,0,'ahyudin',0,'','ptp.ma',NULL,'KG',NULL,NULL,'0','0','0',0,'',NULL,NULL,NULL,NULL,'0',NULL,NULL,NULL,0,0,NULL,0,0,'A000200',NULL),('A',399,000201,1,'20720/SOGE01/12/2010',NULL,NULL,NULL,NULL,'40000003','2010-12-23 18:02:06','0000-00-00 00:00:00',6970,0,'SOGM',NULL,'TRB01','1000000001','SOGE','SOGE01','1984',46,0,'junet',0,'','ptp.ma',NULL,'KG',NULL,NULL,'0','0','0',0,'',NULL,NULL,NULL,NULL,'0',NULL,NULL,NULL,0,0,NULL,0,0,'A000201',NULL),('A',400,000202,1,'15152/SOGE02/12/2010',NULL,NULL,NULL,NULL,'40000003','2010-12-23 18:04:09','0000-00-00 00:00:00',8580,0,'SOGM',NULL,'BG8746MJ','1000000002','SOGE','SOGE02','',170,0,'reza',0,'','ptp.ma',NULL,'KG',NULL,NULL,'0','0','0',0,'',NULL,NULL,NULL,NULL,'0',NULL,NULL,NULL,0,0,NULL,0,0,'A000202',NULL),('A',401,000202,0,'151/SOGE02/12/2010',NULL,NULL,NULL,NULL,'40000003','2010-12-23 18:04:09','2010-12-23 18:17:07',8580,3880,'SOGM',NULL,'BG8746MJ','1000000002','SOGE','SOGE02','',170,0,'reza',4700,'','ptp.ma',NULL,'KG',NULL,NULL,'0','0','0',0,NULL,NULL,NULL,NULL,NULL,'0',NULL,NULL,NULL,0,0,NULL,0,0,'A000202',NULL),('A',402,000201,0,'207/SOGE01/12/2010',NULL,NULL,NULL,NULL,'40000003','2010-12-23 18:02:06','2010-12-23 18:18:52',6970,5290,'SOGM',NULL,'TRB01','1000000001','SOGE','SOGE01','1984',46,0,'junet',1680,'','ptp.ma',NULL,'KG',NULL,NULL,'0','0','0',0,NULL,NULL,NULL,NULL,NULL,'0',NULL,NULL,NULL,0,0,NULL,0,0,'A000201',NULL),('A',403,000200,0,'371/SKSE03/12/2010',NULL,NULL,NULL,NULL,'40000003','2010-12-23 17:59:46','2010-12-23 18:24:58',7350,3160,'SOGM',NULL,'B9294QB','1000000025','SKSE','SKSE03','',418,0,'ahyudin',4190,'','ptp.ma',NULL,'KG',NULL,NULL,'0','0','0',0,NULL,NULL,NULL,NULL,NULL,'0',NULL,NULL,NULL,0,0,NULL,0,0,'A000200',NULL),('A',404,000203,1,'318/WKNE01/12/2010',NULL,NULL,NULL,NULL,'40000003','2010-12-23 18:34:19','0000-00-00 00:00:00',10240,0,'SOGM',NULL,'BG9202K','1000000051','WKNE','WKNE01','',360,0,'muhtar',0,'','ptp.ma',NULL,'KG',NULL,NULL,'0','0','0',0,'',NULL,NULL,NULL,NULL,'0',NULL,NULL,NULL,0,0,NULL,0,0,'A000203',NULL),('A',405,000203,0,'318/WKNE01/12/2010',NULL,NULL,NULL,NULL,'40000003','2010-12-23 18:34:19','2010-12-23 19:16:42',10240,3240,'SOGM',NULL,'BG9202K','1000000051','WKNE','WKNE01','',360,0,'muhtar',7000,'','ptp.ma',NULL,'KG',NULL,NULL,'0','0','0',0,NULL,NULL,NULL,NULL,NULL,'0',NULL,NULL,NULL,0,0,NULL,0,0,'A000203',NULL),('A',406,000204,1,'3456/SKSE02/12/2010',NULL,NULL,NULL,NULL,'40000003','2010-12-23 19:57:12','0000-00-00 00:00:00',6260,0,'SOGM',NULL,'BG8790F','1000000025','SKSE','SKSE02','',121,0,'SAMANI',0,'','ptp.ma',NULL,'KG',NULL,NULL,'0','0','0',0,'',NULL,NULL,NULL,NULL,'0',NULL,NULL,NULL,0,0,NULL,0,0,'A000204',NULL),('A',407,000204,0,'345/SKSE02/12/2010',NULL,NULL,NULL,NULL,'40000003','2010-12-23 19:57:12','2010-12-23 20:03:25',6260,3670,'SOGM',NULL,'BG8790F','1000000025','SKSE','SKSE02','',121,0,'SAMANI',2590,'','ptp.ma',NULL,'KG',NULL,NULL,'0','0','0',0,NULL,NULL,NULL,NULL,NULL,'0',NULL,NULL,NULL,0,0,NULL,0,0,'A000204',NULL);
/*!40000 ALTER TABLE `mstrxtbs` ENABLE KEYS */;
UNLOCK TABLES;

--
-- Table structure for table `mstrxtbslogdel`
--

DROP TABLE IF EXISTS `mstrxtbslogdel`;
SET @saved_cs_client     = @@character_set_client;
SET character_set_client = utf8;
CREATE TABLE `mstrxtbslogdel` (
  `IDWB` char(2) NOT NULL,
  `id` int(11) NOT NULL auto_increment,
  `TICKETNO` int(6) unsigned zerofill NOT NULL,
  `OUTIN` tinyint(1) NOT NULL COMMENT '1=masuk;0=keluar',
  `SPBNO` char(20) default NULL,
  `CTRNO` char(30) default NULL,
  `SIPBNO` char(30) default NULL,
  `SIPBQTY` int(11) default NULL,
  `SPNO` char(30) default NULL,
  `PRODUCTCODE` char(8) default NULL,
  `DATEIN` datetime default NULL,
  `DATEOUT` datetime default NULL,
  `WEI1ST` int(11) default NULL,
  `WEI2ND` int(11) default NULL,
  `MILLCODE` char(4) default NULL,
  `SLOC` char(4) default NULL,
  `VEHNOCODE` char(12) default NULL,
  `TRPCODE` char(8) default NULL,
  `UNITCODE` char(4) default NULL,
  `DIVCODE` char(4) default NULL,
  `TAHUNTANAM` char(30) default NULL,
  `JMLHJJG` int(11) default NULL,
  `BRONDOLAN` int(11) default NULL,
  `DRIVER` char(30) default NULL,
  `NETTO` int(11) default NULL,
  `BERATKIRIM` char(6) default NULL,
  `USERID` char(20) default NULL,
  `NODOTRP` char(15) default NULL,
  `SATUANBERAT` char(2) default 'KG',
  `PENERIMA` char(35) default NULL,
  `APPROVTARRA` char(15) default NULL,
  `GI` varchar(45) default '0' COMMENT 'GOODS ISSUE',
  `GR` varchar(45) default '0' COMMENT 'GOODS RECEIVE',
  `TF` varchar(45) default '0' COMMENT 'TRANSFER BULKING',
  `TRANSACTIONTYPE` tinyint(1) default '0' COMMENT '1=penjualan;2=TF POSTING (BULKING)',
  `JENISSPB` char(10) default NULL COMMENT 'SPB INTERNAL:PLASMA/INTI',
  `SPNOBULKING` char(30) default NULL,
  `SLOCBULKING` char(4) default NULL,
  `DOCNO` char(30) default NULL COMMENT 'DOC U/ BULKING',
  `DOCQTY` int(11) default NULL,
  `BPS` varchar(45) default '0',
  `PENGIRIM` char(50) default NULL,
  `KETERANGAN` char(50) default NULL,
  `TAHUNTANAM2` char(4) default NULL,
  `JMLHJJG2` int(11) default NULL,
  `BRONDOLAN2` int(11) default NULL,
  `TAHUNTANAM3` char(4) default NULL,
  `JMLHJJG3` int(11) default NULL,
  `BRONDOLAN3` int(11) default NULL,
  `TICKETNO2` char(7) default NULL,
  `NOSEGEL` char(30) default NULL,
  PRIMARY KEY  (`id`)
) ENGINE=MyISAM DEFAULT CHARSET=latin1 ROW_FORMAT=FIXED;
SET character_set_client = @saved_cs_client;

--
-- Dumping data for table `mstrxtbslogdel`
--

LOCK TABLES `mstrxtbslogdel` WRITE;
/*!40000 ALTER TABLE `mstrxtbslogdel` DISABLE KEYS */;
/*!40000 ALTER TABLE `mstrxtbslogdel` ENABLE KEYS */;
UNLOCK TABLES;

--
-- Table structure for table `msunit`
--

DROP TABLE IF EXISTS `msunit`;
SET @saved_cs_client     = @@character_set_client;
SET character_set_client = utf8;
CREATE TABLE `msunit` (
  `UNITCODE` char(4) NOT NULL,
  `UNITNAME` char(50) default NULL,
  `WILCODE` char(4) NOT NULL,
  `COMPCODE` char(4) NOT NULL,
  `UNITSTATUS` char(15) default NULL,
  `USERID` char(10) default NULL,
  `CREATEDATE` timestamp NOT NULL default CURRENT_TIMESTAMP on update CURRENT_TIMESTAMP,
  PRIMARY KEY  (`UNITCODE`,`WILCODE`,`COMPCODE`)
) ENGINE=MyISAM DEFAULT CHARSET=latin1 ROW_FORMAT=FIXED;
SET character_set_client = @saved_cs_client;

--
-- Dumping data for table `msunit`
--

LOCK TABLES `msunit` WRITE;
/*!40000 ALTER TABLE `msunit` DISABLE KEYS */;
INSERT INTO `msunit` VALUES ('SENE','SEI ENAI ESTATE','SSRO','PMO',NULL,'admin','2010-11-23 06:20:08'),('SKSE','SEI KISAM ESTATE','SSRO','PMO',NULL,'admin','2010-11-23 06:21:07'),('SKNE','SEI KUANG ESTATE','SSRO','PMO',NULL,'admin','2010-12-01 04:48:31'),('SOGE','SEI OGAN ESTATE','SSRO','PMO',NULL,'admin','2010-11-23 06:22:59'),('WKNE','WAY KANAN ESTATE','SSRO','KMT',NULL,'admin','2010-11-23 06:23:51'),('MRKE','MERAKSA ESTATE','SSRO','GMJ',NULL,'admin','2010-11-23 06:24:24');
/*!40000 ALTER TABLE `msunit` ENABLE KEYS */;
UNLOCK TABLES;

--
-- Table structure for table `msuserlevel`
--

DROP TABLE IF EXISTS `msuserlevel`;
SET @saved_cs_client     = @@character_set_client;
SET character_set_client = utf8;
CREATE TABLE `msuserlevel` (
  `LEVELID` smallint(6) NOT NULL,
  `LEVELNAME` char(30) default NULL,
  PRIMARY KEY  (`LEVELID`)
) ENGINE=MyISAM DEFAULT CHARSET=latin1 ROW_FORMAT=FIXED;
SET character_set_client = @saved_cs_client;

--
-- Dumping data for table `msuserlevel`
--

LOCK TABLES `msuserlevel` WRITE;
/*!40000 ALTER TABLE `msuserlevel` DISABLE KEYS */;
INSERT INTO `msuserlevel` VALUES (1,'administrator'),(2,'manager'),(3,'kasie'),(4,'operator'),(5,'others');
/*!40000 ALTER TABLE `msuserlevel` ENABLE KEYS */;
UNLOCK TABLES;

--
-- Table structure for table `msvehicle`
--

DROP TABLE IF EXISTS `msvehicle`;
SET @saved_cs_client     = @@character_set_client;
SET character_set_client = utf8;
CREATE TABLE `msvehicle` (
  `VEHNOCODE` char(15) NOT NULL,
  `TRPCODE` char(10) default NULL,
  `VEHTYPECODE` char(2) default NULL,
  `VEHTARMIN` int(11) default NULL,
  `VEHTARMAX` int(11) default NULL,
  `VEHDRIVER` char(30) default NULL,
  `VEHDRVSIM` char(25) default NULL,
  `VEHSTATUS` char(15) default NULL,
  `USERID` char(15) default NULL,
  `CREATEDATE` timestamp NULL default CURRENT_TIMESTAMP on update CURRENT_TIMESTAMP,
  `FLAG` char(1) default 'T',
  PRIMARY KEY  (`VEHNOCODE`)
) ENGINE=MyISAM DEFAULT CHARSET=latin1 ROW_FORMAT=FIXED;
SET character_set_client = @saved_cs_client;

--
-- Dumping data for table `msvehicle`
--

LOCK TABLES `msvehicle` WRITE;
/*!40000 ALTER TABLE `msvehicle` DISABLE KEYS */;
INSERT INTO `msvehicle` VALUES ('3854','5000000001','03',5010,5110,NULL,NULL,'Aktif','admin','2010-11-27 17:29:50','T'),('A8362AC','5000000001','03',3570,3670,NULL,NULL,'Aktif','admin','2010-11-28 16:26:27','T'),('B9601OH','5000000001','03',3920,4020,NULL,NULL,'Aktif','admin','2010-11-27 17:29:50','T'),('BARU1','5000000001','03',3770,3870,NULL,NULL,'Aktif','admin','2010-11-27 17:29:50','T'),('BE4331DL','5000000001','03',3450,3550,NULL,NULL,'Aktif','admin','2010-11-27 17:29:50','T'),('BE9097WA1','5000000001','03',3300,3400,NULL,NULL,'Aktif','admin','2010-11-27 17:29:50','T'),('BE9151JB','5000000001','03',2900,3000,NULL,NULL,'Aktif','admin','2010-11-27 17:29:50','T'),('BG4568LJ','5000000001','03',3700,3800,NULL,NULL,'Aktif','admin','2010-11-27 17:29:50','T'),('BG4860FB1','5000000001','03',3190,3290,NULL,NULL,'Aktif','admin','2010-11-27 17:29:50','T'),('BG4867FB1','5000000001','03',3360,3460,NULL,NULL,'Aktif','admin','2010-11-27 17:29:50','T'),('BG4881MA','5000000001','03',3500,3600,NULL,NULL,'Aktif','admin','2010-11-27 17:29:50','T'),('BG8068LJ','5000000001','03',3680,3780,NULL,NULL,'Aktif','admin','2010-11-27 17:29:50','T'),('BG8118FS1','5000000001','03',3480,3580,NULL,NULL,'Aktif','admin','2010-11-27 17:29:50','T'),('BG8138UA','5000000001','03',3930,4030,NULL,NULL,'Aktif','admin','2010-12-01 15:28:53','T'),('BG8144FM','5000000001','03',4000,4100,NULL,NULL,'Aktif','admin','2010-12-01 18:40:26','T'),('BG8148MQ','5000000001','03',3840,3940,NULL,NULL,'Aktif','admin','2010-12-01 14:00:24','T'),('BG8163V','5000000001','03',3040,3140,NULL,NULL,'Aktif','admin','2010-12-01 10:22:11','T'),('BG8163V1','5000000001','03',3080,3180,NULL,NULL,'Aktif','admin','2010-11-27 17:29:50','T'),('BG8180F','5000000001','03',3430,3530,NULL,NULL,'Aktif','admin','2010-11-27 17:29:50','T'),('BG8225LM','5000000001','03',3600,3700,NULL,NULL,'Aktif','admin','2010-12-01 17:38:30','T'),('BG8271JA','5000000001','03',3790,3890,NULL,NULL,'Aktif','admin','2010-11-27 17:29:50','T'),('BG8271UA','5000000001','03',3800,3900,NULL,NULL,'Aktif','admin','2010-11-27 17:29:50','T'),('BG8291YA','5000000001','03',3710,3810,NULL,NULL,'Aktif','admin','2010-11-27 17:29:50','T'),('BG8345LN','5000000001','03',3230,3330,NULL,NULL,'Aktif','admin','2010-12-01 07:56:04','T'),('BG8350UE','5000000001','03',3950,4050,NULL,NULL,'Aktif','admin','2010-12-01 15:52:16','T'),('BG8369RP','5000000001','03',2750,2850,NULL,NULL,'Aktif','admin','2010-11-27 17:29:50','T'),('BG8396AI','5000000001','03',3650,3750,NULL,NULL,'Aktif','admin','2010-11-27 17:29:50','T'),('BG8410FM','5000000001','03',1800,1900,NULL,NULL,'Aktif','admin','2010-11-27 17:29:50','T'),('BG8500F','5000000001','03',3780,3880,NULL,NULL,'Aktif','admin','2010-11-27 17:29:50','T'),('BG8501FM','5000000001','03',3470,3570,NULL,NULL,'Aktif','admin','2010-11-27 17:29:50','T'),('BG8503T','5000000001','03',3860,3960,NULL,NULL,'Aktif','admin','2010-11-27 17:29:50','T'),('BG8505UA','5000000001','03',3980,4080,NULL,NULL,'Aktif','admin','2010-12-01 13:46:02','T'),('BG8521MM','5000000001','03',3410,3510,NULL,NULL,'Aktif','admin','2010-11-27 17:29:50','T'),('BG8667D1','5000000001','03',3810,3910,NULL,NULL,'Aktif','admin','2010-11-27 17:29:50','T'),('BG8709F','5000000001','03',3500,3600,NULL,NULL,'Aktif','admin','2010-12-01 16:07:30','T'),('BG8746MJ','5000000001','03',3930,4030,NULL,NULL,'Aktif','admin','2010-12-23 11:17:09','T'),('BG8782RK','5000000001','03',2990,3090,NULL,NULL,'Aktif','admin','2010-11-27 17:29:50','T'),('BG8850UA','5000000001','03',3920,4020,NULL,NULL,'Aktif','admin','2010-12-01 13:47:59','T'),('BG8850UB','5000000001','03',3850,3950,NULL,NULL,'Aktif','admin','2010-11-27 17:29:50','T'),('BG8895F','5000000001','03',3540,3640,NULL,NULL,'Aktif','admin','2010-12-01 18:28:28','T'),('BG9202K1','5000000001','03',3190,3290,NULL,NULL,'Aktif','admin','2010-11-27 17:29:50','T'),('BG9651F','5000000001','03',3270,3370,NULL,NULL,'Aktif','admin','2010-11-27 17:29:50','T'),('D8322CW','5000000001','03',2940,3040,NULL,NULL,'Aktif','admin','2010-11-27 17:29:50','T'),('D8708VC','5000000001','03',3120,3220,NULL,NULL,'Aktif','admin','2010-11-27 17:29:50','T'),('D8780NC','5000000001','03',3090,3190,NULL,NULL,'Aktif','admin','2010-11-27 17:29:50','T'),('E9011V','5000000001','03',3680,3780,NULL,NULL,'Aktif','admin','2010-11-27 17:29:50','T'),('E9918B','5000000001','03',3500,3600,NULL,NULL,'Aktif','admin','2010-11-27 17:29:50','T'),('Z8627DB1','5000000001','03',3120,3220,NULL,NULL,'Aktif','admin','2010-11-27 17:29:50','T'),('BE4261N','5000000002','03',3170,3270,NULL,NULL,'Aktif','admin','2010-11-27 17:29:50','T'),('BG8694F','5000000007','03',2900,3000,NULL,NULL,'Aktif','admin','2010-11-27 17:29:50','T'),('BG4889FB','5000000008','03',3780,3880,NULL,NULL,'Aktif','admin','2010-11-27 17:29:50','T'),('BG9999FV.','5000000009','03',3650,3750,NULL,NULL,'Aktif','admin','2010-11-27 17:29:50','T'),('7003-II','5000000010','03',3650,3750,NULL,NULL,'Aktif','admin','2010-11-27 17:29:50','T'),('B2048G','5000000010','03',1740,1840,NULL,NULL,'Aktif','admin','2010-11-27 17:29:50','T'),('B9104IF','5000000010','03',3870,3970,NULL,NULL,'Aktif','admin','2010-11-27 17:29:50','T'),('B9650AW','5000000010','03',3220,3320,NULL,NULL,'Aktif','admin','2010-11-27 17:29:50','T'),('BE4331OL','5000000010','03',3440,3540,NULL,NULL,'Aktif','admin','2010-11-27 17:29:50','T'),('BE9000MK','5000000010','03',3590,3690,NULL,NULL,'Aktif','admin','2010-11-27 17:29:50','T'),('BE9047L','5000000010','03',3250,3350,NULL,NULL,'Aktif','admin','2010-11-27 17:29:50','T'),('BE9079W','5000000010','03',3220,3320,NULL,NULL,'Aktif','admin','2010-12-01 10:20:28','T'),('BE9098F','5000000010','03',3040,3140,NULL,NULL,'Aktif','admin','2010-11-27 17:29:50','T'),('BE9104N','5000000010','03',3310,3410,NULL,NULL,'Aktif','admin','2010-11-27 17:29:50','T'),('BE9164TB','5000000010','03',2990,3090,NULL,NULL,'Aktif','admin','2010-11-27 17:29:50','T'),('BE9208W','5000000010','03',3560,3660,NULL,NULL,'Aktif','admin','2010-11-27 17:29:50','T'),('BE9335BM','5000000010','03',3370,3470,NULL,NULL,'Aktif','admin','2010-11-27 17:29:50','T'),('BE9770BH','5000000010','03',3840,3940,NULL,NULL,'Aktif','admin','2010-11-27 17:29:50','T'),('BE9847AC','5000000010','03',3380,3480,NULL,NULL,'Aktif','admin','2010-11-27 17:29:50','T'),('BE9925DP','5000000010','03',3460,3560,NULL,NULL,'Aktif','admin','2010-11-27 17:29:50','T'),('BE9930BK','5000000010','03',3250,3350,NULL,NULL,'Aktif','admin','2010-12-01 17:19:28','T'),('BE9975DP','5000000010','03',3470,3570,NULL,NULL,'Aktif','admin','2010-11-27 17:29:50','T'),('BG4156MF1','5000000010','03',3280,3380,NULL,NULL,'Aktif','admin','2010-11-27 17:29:50','T'),('BG4326MK.','5000000010','03',3290,3390,NULL,NULL,'Aktif','admin','2010-11-27 17:29:50','T'),('BG4492KA','5000000010','03',3220,3320,NULL,NULL,'Aktif','admin','2010-11-27 17:29:50','T'),('BG4496MK','5000000010','03',3320,3420,NULL,NULL,'Aktif','admin','2010-11-27 17:29:50','T'),('BG4545ML','5000000010','03',3490,3590,NULL,NULL,'Aktif','admin','2010-11-27 17:29:50','T'),('BG4640MF','5000000010','03',3300,3400,NULL,NULL,'Aktif','admin','2010-11-27 17:29:50','T'),('BG4657Y','5000000010','03',2970,3070,NULL,NULL,'Aktif','admin','2010-11-27 17:29:50','T'),('BG4668MD','5000000010','03',3180,3280,NULL,NULL,'Aktif','admin','2010-11-27 17:29:50','T'),('BG4726MG','5000000010','03',3040,3140,NULL,NULL,'Aktif','admin','2010-12-01 14:11:44','T'),('BG4760MK','5000000010','03',3490,3590,NULL,NULL,'Aktif','admin','2010-11-27 17:29:50','T'),('BG4777FB','5000000010','03',3200,3300,NULL,NULL,'Aktif','admin','2010-11-27 17:29:50','T'),('BG4816FB','5000000010','03',3490,3590,NULL,NULL,'Aktif','admin','2010-11-27 17:29:50','T'),('BG4856MH','5000000010','03',3350,3450,NULL,NULL,'Aktif','admin','2010-12-01 13:30:22','T'),('BG4865MH','5000000010','03',3320,3420,NULL,NULL,'Aktif','admin','2010-11-27 17:29:50','T'),('BG4971MD','5000000010','03',3300,3400,NULL,NULL,'Aktif','admin','2010-12-01 02:33:37','T'),('BG8008Y.','5000000010','03',3510,3610,NULL,NULL,'Aktif','admin','2010-11-27 17:29:50','T'),('BG8041YA','5000000010','03',3290,3390,NULL,NULL,'Aktif','admin','2010-11-27 17:29:50','T'),('BG8068LS','5000000010','03',3710,3810,NULL,NULL,'Aktif','admin','2010-11-27 17:29:50','T'),('BG8068LY','5000000010','03',3660,3760,NULL,NULL,'Aktif','admin','2010-11-27 17:29:50','T'),('BG8106JA','5000000010','03',3320,3420,NULL,NULL,'Aktif','admin','2010-11-27 17:29:50','T'),('BG8107V','5000000010','03',3380,3480,NULL,NULL,'Aktif','admin','2010-11-27 17:29:50','T'),('BG8136F','5000000010','03',3060,3160,NULL,NULL,'Aktif','admin','2010-12-01 14:13:38','T'),('BG8147D','5000000010','03',3250,3350,NULL,NULL,'Aktif','admin','2010-11-27 17:29:50','T'),('BG8197FN','5000000010','03',3180,3280,NULL,NULL,'Aktif','admin','2010-11-27 17:29:50','T'),('BG8197YA','5000000010','03',3660,3760,NULL,NULL,'Aktif','admin','2010-11-27 17:29:50','T'),('BG8199F','5000000010','03',3500,3600,NULL,NULL,'Aktif','admin','2010-12-01 18:02:52','T'),('BG8262RT','5000000010','03',3200,3300,NULL,NULL,'Aktif','admin','2010-11-27 17:29:50','T'),('BG8290YA','5000000010','03',3600,3700,NULL,NULL,'Aktif','admin','2010-11-27 17:29:50','T'),('BG8310YA','5000000010','03',3320,3420,NULL,NULL,'Aktif','admin','2010-11-27 17:29:50','T'),('BG8366UA','5000000010','03',3640,3740,NULL,NULL,'Aktif','admin','2010-11-27 17:29:50','T'),('BG8369RL','5000000010','03',2740,2840,NULL,NULL,'Aktif','admin','2010-11-27 17:29:50','T'),('BG8398AI','5000000010','03',3650,3750,NULL,NULL,'Aktif','admin','2010-11-27 17:29:50','T'),('BG8406F1','5000000010','03',3450,3550,NULL,NULL,'Aktif','admin','2010-11-27 17:29:50','T'),('BG8462K','5000000010','03',3560,3660,NULL,NULL,'Aktif','admin','2010-11-27 17:29:50','T'),('BG8474F','5000000010','03',3200,3300,NULL,NULL,'Aktif','admin','2010-11-27 17:29:50','T'),('BG8612F','5000000010','03',3380,3480,NULL,NULL,'Aktif','admin','2010-11-27 17:29:50','T'),('BG8620F','5000000010','03',3230,3330,NULL,NULL,'Aktif','admin','2010-11-27 17:29:50','T'),('BG8624UB','5000000010','03',3600,3700,NULL,NULL,'Aktif','admin','2010-11-27 17:29:50','T'),('BG8798MU','5000000010','03',3530,3630,NULL,NULL,'Aktif','admin','2010-11-27 17:29:50','T'),('BG8808F.','5000000010','03',3370,3470,NULL,NULL,'Aktif','admin','2010-11-27 17:29:50','T'),('BG8818UB.','5000000010','03',3270,3370,NULL,NULL,'Aktif','admin','2010-11-27 17:29:50','T'),('BG8894MI','5000000010','03',3830,3930,NULL,NULL,'Aktif','admin','2010-11-27 17:29:50','T'),('BG8896MI','5000000010','03',3760,3860,NULL,NULL,'Aktif','admin','2010-11-27 17:29:50','T'),('BG8898MI','5000000010','03',3630,3730,NULL,NULL,'Aktif','admin','2010-12-01 02:51:09','T'),('BG8938MO','5000000010','03',3330,3430,NULL,NULL,'Aktif','admin','2010-11-27 17:29:50','T'),('BG9047L','5000000010','03',3270,3370,NULL,NULL,'Aktif','admin','2010-11-27 17:29:50','T'),('BG9231AL','5000000010','03',1280,1380,NULL,NULL,'Aktif','admin','2010-11-27 17:29:50','T'),('BG9846LF','5000000010','03',3060,3160,NULL,NULL,'Aktif','admin','2010-11-27 17:29:50','T'),('BG9930LF','5000000010','03',3050,3150,NULL,NULL,'Aktif','admin','2010-11-27 17:29:50','T'),('BG9999F','5000000010','03',3630,3730,NULL,NULL,'Aktif','admin','2010-11-27 17:29:50','T'),('E8231KB','5000000010','03',3760,3860,NULL,NULL,'Aktif','admin','2010-11-27 17:29:50','T'),('F8127FK','5000000010','03',3470,3570,NULL,NULL,'Aktif','admin','2010-11-27 17:29:50','T'),('Z4935HA','5000000010','03',3340,3440,NULL,NULL,'Aktif','admin','2010-11-27 17:29:50','T'),('BE47963AU','5000000011','03',3170,3270,NULL,NULL,'Aktif','admin','2010-11-27 17:29:50','T'),('BE9358JT','5000000011','03',3200,3300,NULL,NULL,'Aktif','admin','2010-11-27 17:29:50','T'),('BG4061ML','5000000011','03',3150,3250,NULL,NULL,'Aktif','admin','2010-11-27 17:29:50','T'),('BG8911RV','5000000011','03',3310,3410,NULL,NULL,'Aktif','admin','2010-11-27 17:29:50','T'),('2003-II','5000000012','03',3630,3730,NULL,NULL,'Aktif','admin','2010-11-27 17:29:50','T'),('3851-II','5000000012','03',2990,3090,NULL,NULL,'Aktif','admin','2010-11-27 17:29:50','T'),('7003II','5000000012','03',3630,3730,NULL,NULL,'Aktif','admin','2010-11-27 17:29:50','T'),('B4294NB','5000000012','03',3170,3270,NULL,NULL,'Aktif','admin','2010-11-27 17:29:50','T'),('B9650VW','5000000012','03',3170,3270,NULL,NULL,'Aktif','admin','2010-11-27 17:29:50','T'),('BD8087B','5000000012','03',3130,3230,NULL,NULL,'Aktif','admin','2010-11-27 17:29:50','T'),('BE4294MD','5000000012','03',3190,3290,NULL,NULL,'Aktif','admin','2010-11-27 17:29:50','T'),('BE4351NB','5000000012','03',3260,3360,NULL,NULL,'Aktif','admin','2010-11-27 17:29:50','T'),('BE4566GC','5000000012','03',3500,3600,NULL,NULL,'Aktif','admin','2010-11-27 17:29:50','T'),('BE4618AV','5000000012','03',3170,3270,NULL,NULL,'Aktif','admin','2010-11-27 17:29:50','T'),('BE4755N','5000000012','03',3090,3190,NULL,NULL,'Aktif','admin','2010-11-27 17:29:50','T'),('BE8171W','5000000012','03',3050,3150,NULL,NULL,'Aktif','admin','2010-12-01 17:00:30','T'),('BE9136W','5000000012','03',3370,3470,NULL,NULL,'Aktif','admin','2010-11-27 17:29:50','T'),('BE9264WA','5000000012','03',3450,3550,NULL,NULL,'Aktif','admin','2010-11-27 17:29:50','T'),('BE9294NB','5000000012','03',3130,3230,NULL,NULL,'Aktif','admin','2010-11-27 17:29:50','T'),('BE9306GE','5000000012','03',3440,3540,NULL,NULL,'Aktif','admin','2010-11-27 17:29:50','T'),('BE9632GF','5000000012','03',3730,3830,NULL,NULL,'Aktif','admin','2010-11-27 17:29:50','T'),('BE9889JA','5000000012','03',3300,3400,NULL,NULL,'Aktif','admin','2010-11-27 17:29:50','T'),('BE9999GD','5000000012','03',3430,3530,NULL,NULL,'Aktif','admin','2010-11-27 17:29:50','T'),('BG4003MM','5000000012','03',3380,3480,NULL,NULL,'Aktif','admin','2010-11-27 17:29:50','T'),('BG4237DA1','5000000012','03',2740,2840,NULL,NULL,'Aktif','admin','2010-11-27 17:29:50','T'),('BG4361FD','5000000012','03',3110,3210,NULL,NULL,'Aktif','admin','2010-11-27 17:29:50','T'),('BG4744FB','5000000012','03',3350,3450,NULL,NULL,'Aktif','admin','2010-11-27 17:29:50','T'),('BG48689FB','5000000012','03',3790,3890,NULL,NULL,'Aktif','admin','2010-11-27 17:29:50','T'),('BG4868FB','5000000012','03',3740,3840,NULL,NULL,'Aktif','admin','2010-11-27 17:29:50','T'),('BG8001FY','5000000012','03',4570,4670,NULL,NULL,'Aktif','admin','2010-11-27 17:29:50','T'),('BG8058MJ','5000000012','03',3320,3420,NULL,NULL,'Aktif','admin','2010-11-27 17:29:50','T'),('BG8087B','5000000012','03',3180,3280,NULL,NULL,'Aktif','admin','2010-11-27 17:29:50','T'),('BG8144MO','5000000012','03',3040,3140,NULL,NULL,'Aktif','admin','2010-11-27 17:29:50','T'),('BG8168UA','5000000012','03',3540,3640,NULL,NULL,'Aktif','admin','2010-11-27 17:29:50','T'),('BG8173YA','5000000012','03',3610,3710,NULL,NULL,'Aktif','admin','2010-11-27 17:29:50','T'),('BG8216AI','5000000012','03',3210,3310,NULL,NULL,'Aktif','admin','2010-11-27 17:29:50','T'),('BG8234F','5000000012','03',2940,3040,NULL,NULL,'Aktif','admin','2010-11-27 17:29:50','T'),('BG8369RZ','5000000012','03',2730,2830,NULL,NULL,'Aktif','admin','2010-11-27 17:29:50','T'),('BG8427YA','5000000012','03',3600,3700,NULL,NULL,'Aktif','admin','2010-11-27 17:29:50','T'),('BG8476UB','5000000012','03',3990,4090,NULL,NULL,'Aktif','admin','2010-11-27 17:29:50','T'),('BG8586UA','5000000012','03',3240,3340,NULL,NULL,'Aktif','admin','2010-12-01 06:58:35','T'),('BG8594AJ','5000000012','03',3320,3420,NULL,NULL,'Aktif','admin','2010-11-27 17:29:50','T'),('BG8595AC1','5000000012','03',3230,3330,NULL,NULL,'Aktif','admin','2010-11-27 17:29:50','T'),('BG8634UB','5000000012','03',3620,3720,NULL,NULL,'Aktif','admin','2010-11-27 17:29:50','T'),('BG8642UB','5000000012','03',3650,3750,NULL,NULL,'Aktif','admin','2010-11-27 17:29:50','T'),('BG8643UB','5000000012','03',3660,3760,NULL,NULL,'Aktif','admin','2010-11-27 17:29:50','T'),('BG8644UB','5000000012','03',3630,3730,NULL,NULL,'Aktif','admin','2010-11-27 17:29:50','T'),('BG8666D','5000000012','03',3310,3410,NULL,NULL,'Aktif','admin','2010-11-27 17:29:50','T'),('BG8685UA','5000000012','03',3150,3250,NULL,NULL,'Aktif','admin','2010-11-27 17:29:50','T'),('BG8746F','5000000012','03',3600,3700,NULL,NULL,'Aktif','admin','2010-11-27 17:29:50','T'),('BG8749UB','5000000012','03',3760,3860,NULL,NULL,'Aktif','admin','2010-11-27 17:29:50','T'),('BG8750UB','5000000012','03',3590,3690,NULL,NULL,'Aktif','admin','2010-11-27 17:29:50','T'),('BG8763AS','5000000012','03',3320,3420,NULL,NULL,'Aktif','admin','2010-11-27 17:29:50','T'),('BG8798JB','5000000012','03',3530,3630,NULL,NULL,'Aktif','admin','2010-11-27 17:29:50','T'),('BG8959UA','5000000012','03',3670,3770,NULL,NULL,'Aktif','admin','2010-11-27 17:29:50','T'),('BG8987AC','5000000012','03',3300,3400,NULL,NULL,'Aktif','admin','2010-11-27 17:29:50','T'),('BG9011FL','5000000012','03',3200,3300,NULL,NULL,'Aktif','admin','2010-12-01 13:21:31','T'),('BG9632C','5000000012','03',3180,3280,NULL,NULL,'Aktif','admin','2010-12-01 08:42:04','T'),('BG9975DP','5000000012','03',3460,3560,NULL,NULL,'Aktif','admin','2010-11-27 17:29:50','T'),('B9841QV','5000000013','03',3200,3300,NULL,NULL,'Aktif','admin','2010-11-27 17:29:50','T'),('BD8664LE','5000000013','03',3150,3250,NULL,NULL,'Aktif','admin','2010-11-27 17:29:50','T'),('BE4120BB','5000000013','03',3270,3370,NULL,NULL,'Aktif','admin','2010-11-27 17:29:50','T'),('BE4143W','5000000013','03',3140,3240,NULL,NULL,'Aktif','admin','2010-11-27 17:29:50','T'),('BE4240W','5000000013','03',3120,3220,NULL,NULL,'Aktif','admin','2010-11-27 17:29:50','T'),('BE4276W','5000000013','03',3080,3180,NULL,NULL,'Aktif','admin','2010-12-01 05:21:23','T'),('BE4352AW','5000000013','03',3300,3400,NULL,NULL,'Aktif','admin','2010-11-27 17:29:50','T'),('BE4365AK','5000000013','03',3400,3500,NULL,NULL,'Aktif','admin','2010-11-27 17:29:50','T'),('BE4442W','5000000013','03',3210,3310,NULL,NULL,'Aktif','admin','2010-11-27 17:29:50','T'),('BE4448W','5000000013','03',3190,3290,NULL,NULL,'Aktif','admin','2010-11-27 17:29:50','T'),('BE4457VA','5000000013','03',3390,3490,NULL,NULL,'Aktif','admin','2010-11-27 17:29:50','T'),('BE4763AU','5000000013','03',3230,3330,NULL,NULL,'Aktif','admin','2010-11-27 17:29:50','T'),('BE4886AU','5000000013','03',3360,3460,NULL,NULL,'Aktif','admin','2010-11-27 17:29:50','T'),('BE9039WA','5000000013','03',3510,3610,NULL,NULL,'Aktif','admin','2010-11-27 17:29:50','T'),('BE9058GE','5000000013','03',3200,3300,NULL,NULL,'Aktif','admin','2010-11-27 17:29:50','T'),('BE9150WA','5000000013','03',3640,3740,NULL,NULL,'Aktif','admin','2010-11-27 17:29:50','T'),('BE9151JE','5000000013','03',3190,3290,NULL,NULL,'Aktif','admin','2010-11-27 17:29:50','T'),('BE9162W','5000000013','03',2890,2990,NULL,NULL,'Aktif','admin','2010-11-27 17:29:50','T'),('BE9190W','5000000013','03',3520,3620,NULL,NULL,'Aktif','admin','2010-11-27 17:29:50','T'),('BE9221JC','5000000013','03',3750,3850,NULL,NULL,'Aktif','admin','2010-11-27 17:29:50','T'),('BE9254TA','5000000013','03',3150,3250,NULL,NULL,'Aktif','admin','2010-11-27 17:29:50','T'),('BE9308NA','5000000013','03',840,940,NULL,NULL,'Aktif','admin','2010-11-27 17:29:50','T'),('BE9359F','5000000013','03',3100,3200,NULL,NULL,'Aktif','admin','2010-11-27 17:29:50','T'),('BE9529BM','5000000013','03',3250,3350,NULL,NULL,'Aktif','admin','2010-11-27 17:29:50','T'),('BE9536BK','5000000013','03',2940,3040,NULL,NULL,'Aktif','admin','2010-11-27 17:29:50','T'),('BE9715BO','5000000013','03',3550,3650,NULL,NULL,'Aktif','admin','2010-11-27 17:29:50','T'),('BE9743AN','5000000013','03',3190,3290,NULL,NULL,'Aktif','admin','2010-11-27 17:29:50','T'),('BE9754MD','5000000013','03',3380,3480,NULL,NULL,'Aktif','admin','2010-11-27 17:29:50','T'),('BE9754ND','5000000013','03',3400,3500,NULL,NULL,'Aktif','admin','2010-11-27 17:29:50','T'),('BE9783AH','5000000013','03',3200,3300,NULL,NULL,'Aktif','admin','2010-12-01 03:33:33','T'),('BE9847NC','5000000013','03',3330,3430,NULL,NULL,'Aktif','admin','2010-11-27 17:29:50','T'),('BE9932BF','5000000013','03',3460,3560,NULL,NULL,'Aktif','admin','2010-11-27 17:29:50','T'),('BG4045EB','5000000013','03',3470,3570,NULL,NULL,'Aktif','admin','2010-11-27 17:29:50','T'),('BG4151MM','5000000013','03',3810,3910,NULL,NULL,'Aktif','admin','2010-11-27 17:29:50','T'),('BG4202FD','5000000013','03',3360,3460,NULL,NULL,'Aktif','admin','2010-11-27 17:29:50','T'),('BG4235FB','5000000013','03',2980,3080,NULL,NULL,'Aktif','admin','2010-11-27 17:29:50','T'),('BG4326MK','5000000013','03',3460,3560,NULL,NULL,'Aktif','admin','2010-11-27 17:29:50','T'),('BG4348AL','5000000013','03',3070,3170,NULL,NULL,'Aktif','admin','2010-11-27 17:29:50','T'),('BG4359FB','5000000013','03',2890,2990,NULL,NULL,'Aktif','admin','2010-11-27 17:29:50','T'),('BG4479FB','5000000013','03',3990,4090,NULL,NULL,'Aktif','admin','2010-11-27 17:29:50','T'),('BG4565FB','5000000013','03',3200,3300,NULL,NULL,'Aktif','admin','2010-11-27 17:29:50','T'),('BG4604FB','5000000013','03',3340,3440,NULL,NULL,'Aktif','admin','2010-12-01 13:17:37','T'),('BG4629FB','5000000013','03',3240,3340,NULL,NULL,'Aktif','admin','2010-11-27 17:29:50','T'),('BG4658AB','5000000013','03',2930,3030,NULL,NULL,'Aktif','admin','2010-11-27 17:29:50','T'),('BG4724MH','5000000013','03',3390,3490,NULL,NULL,'Aktif','admin','2010-11-27 17:29:50','T'),('BG4734FB','5000000013','03',3340,3440,NULL,NULL,'Aktif','admin','2010-11-27 17:29:50','T'),('BG4876AN','5000000013','03',3120,3220,NULL,NULL,'Aktif','admin','2010-11-27 17:29:50','T'),('BG4895MH','5000000013','03',3210,3310,NULL,NULL,'Aktif','admin','2010-11-27 17:29:50','T'),('BG4910MF','5000000013','03',3430,3530,NULL,NULL,'Aktif','admin','2010-11-27 17:29:50','T'),('BG8001Y','5000000013','03',3390,3490,NULL,NULL,'Aktif','admin','2010-11-27 17:29:50','T'),('BG8008Y','5000000013','03',3370,3470,NULL,NULL,'Aktif','admin','2010-11-27 17:29:50','T'),('BG8016D','5000000013','03',3180,3280,NULL,NULL,'Aktif','admin','2010-11-27 17:29:50','T'),('BG8035LY','5000000013','03',3350,3450,NULL,NULL,'Aktif','admin','2010-11-27 17:29:50','T'),('BG8045V','5000000013','03',3150,3250,NULL,NULL,'Aktif','admin','2010-11-27 17:29:50','T'),('BG8047F','5000000013','03',3160,3260,NULL,NULL,'Aktif','admin','2010-11-27 17:29:50','T'),('BG8075LY','5000000013','03',3370,3470,NULL,NULL,'Aktif','admin','2010-11-30 03:56:16','T'),('BG8085MJ','5000000013','03',3270,3370,NULL,NULL,'Aktif','admin','2010-11-27 17:29:50','T'),('BG8094YA','5000000013','03',3070,3170,NULL,NULL,'Aktif','admin','2010-11-27 17:29:50','T'),('BG8100AI','5000000013','03',3380,3480,NULL,NULL,'Aktif','admin','2010-11-27 17:29:50','T'),('BG8101Y','5000000013','03',3530,3630,NULL,NULL,'Aktif','admin','2010-12-01 10:24:20','T'),('BG8126RN','5000000013','03',2940,3040,NULL,NULL,'Aktif','admin','2010-11-27 17:29:50','T'),('BG8149KA','5000000013','03',3350,3450,NULL,NULL,'Aktif','admin','2010-11-27 17:29:50','T'),('BG8149YA','5000000013','03',3330,3430,NULL,NULL,'Aktif','admin','2010-11-27 17:29:50','T'),('BG8201FM','5000000013','03',3390,3490,NULL,NULL,'Aktif','admin','2010-11-27 17:29:50','T'),('BG8251LM','5000000013','03',3130,3230,NULL,NULL,'Aktif','admin','2010-11-27 17:29:50','T'),('BG8263YA','5000000013','03',3290,3390,NULL,NULL,'Aktif','admin','2010-11-27 17:29:50','T'),('BG8268F','5000000013','03',3190,3290,NULL,NULL,'Aktif','admin','2010-11-27 17:29:50','T'),('BG8328AQ','5000000013','03',3280,3380,NULL,NULL,'Aktif','admin','2010-11-27 17:29:50','T'),('BG8375F','5000000013','03',3310,3410,NULL,NULL,'Aktif','admin','2010-11-27 17:29:50','T'),('BG8405V','5000000013','03',3160,3260,NULL,NULL,'Aktif','admin','2010-11-27 17:29:50','T'),('BG8408RL','5000000013','03',3100,3200,NULL,NULL,'Aktif','admin','2010-11-27 17:29:50','T'),('BG8424F','5000000013','03',3450,3550,NULL,NULL,'Aktif','admin','2010-11-27 17:29:50','T'),('BG8426YA','5000000013','03',3290,3390,NULL,NULL,'Aktif','admin','2010-11-27 17:29:50','T'),('BG8428RL','5000000013','03',3110,3210,NULL,NULL,'Aktif','admin','2010-11-27 17:29:50','T'),('BG8436MJ','5000000013','03',3470,3570,NULL,NULL,'Aktif','admin','2010-11-27 17:29:50','T'),('BG8442F','5000000013','03',3920,4020,NULL,NULL,'Aktif','admin','2010-11-27 17:29:50','T'),('BG8465UB','5000000013','03',3300,3400,NULL,NULL,'Aktif','admin','2010-11-27 17:29:50','T'),('BG8508YA','5000000013','03',3990,4090,NULL,NULL,'Aktif','admin','2010-11-27 17:29:50','T'),('BG8540AJ','5000000013','03',3290,3390,NULL,NULL,'Aktif','admin','2010-11-27 17:29:50','T'),('BG8597YB','5000000013','03',3320,3420,NULL,NULL,'Aktif','admin','2010-11-27 17:29:50','T'),('BG8614RP','5000000013','03',3180,3280,NULL,NULL,'Aktif','admin','2010-11-27 17:29:50','T'),('BG8644LM','5000000013','03',3980,4080,NULL,NULL,'Aktif','admin','2010-11-27 17:29:50','T'),('BG8680MQ','5000000013','03',3170,3270,NULL,NULL,'Aktif','admin','2010-11-27 17:29:50','T'),('BG8685AO','5000000013','03',3330,3430,NULL,NULL,'Aktif','admin','2010-11-27 17:29:50','T'),('BG8705AJ','5000000013','03',3210,3310,NULL,NULL,'Aktif','admin','2010-11-27 17:29:50','T'),('BG8729YA','5000000013','03',3580,3680,NULL,NULL,'Aktif','admin','2010-12-01 14:09:46','T'),('BG8736F','5000000013','03',3400,3500,NULL,NULL,'Aktif','admin','2010-11-27 17:29:50','T'),('BG8804Y','5000000013','03',3110,3210,NULL,NULL,'Aktif','admin','2010-11-27 17:29:50','T'),('BG8808F','5000000013','03',3400,3500,NULL,NULL,'Aktif','admin','2010-11-27 17:29:50','T'),('BG8811MY','5000000013','03',3450,3550,NULL,NULL,'Aktif','admin','2010-11-27 17:29:50','T'),('BG8820YA','5000000013','03',3980,4080,NULL,NULL,'Aktif','admin','2010-11-27 17:29:50','T'),('BG8888FN','5000000013','03',4020,4120,NULL,NULL,'Aktif','admin','2010-11-27 17:29:50','T'),('BG8888FW','5000000013','03',3910,4010,NULL,NULL,'Aktif','admin','2010-11-27 17:29:50','T'),('BG8910FM','5000000013','03',3140,3240,NULL,NULL,'Aktif','admin','2010-12-01 10:18:30','T'),('BG8961MO','5000000013','03',3300,3400,NULL,NULL,'Aktif','admin','2010-11-27 17:29:50','T'),('BG8972RR','5000000013','03',3140,3240,NULL,NULL,'Aktif','admin','2010-11-27 17:29:50','T'),('BG9083Y','5000000013','03',3150,3250,NULL,NULL,'Aktif','admin','2010-11-27 17:29:50','T'),('BG9254YA','5000000013','03',3170,3270,NULL,NULL,'Aktif','admin','2010-11-27 17:29:50','T'),('BG9335BM','5000000013','03',3370,3470,NULL,NULL,'Aktif','admin','2010-11-27 17:29:50','T'),('BG9770LF','5000000013','03',3000,3100,NULL,NULL,'Aktif','admin','2010-11-27 17:29:50','T'),('BG9814LF','5000000013','03',3070,3170,NULL,NULL,'Aktif','admin','2010-11-27 17:29:50','T'),('BG9901DF','5000000013','03',1260,1360,NULL,NULL,'Aktif','admin','2010-11-27 17:29:50','T'),('BG9978LF','5000000013','03',3050,3150,NULL,NULL,'Aktif','admin','2010-11-27 17:29:50','T'),('BG9999FV','5000000013','03',3790,3890,NULL,NULL,'Aktif','admin','2010-11-27 17:29:50','T'),('BM9065LD','5000000013','03',1980,2080,NULL,NULL,'Aktif','admin','2010-11-27 17:29:50','T'),('BM9065LP','5000000013','03',1980,2080,NULL,NULL,'Aktif','admin','2010-11-27 17:29:50','T'),('BM9085LP','5000000013','03',1990,2090,NULL,NULL,'Aktif','admin','2010-11-27 17:29:50','T'),('D8590YM','5000000013','03',3120,3220,NULL,NULL,'Aktif','admin','2010-11-27 17:29:50','T'),('D8614VI','5000000013','03',3430,3530,NULL,NULL,'Aktif','admin','2010-11-27 17:29:50','T'),('H8938YH','5000000013','03',3360,3460,NULL,NULL,'Aktif','admin','2010-11-27 17:29:50','T'),('Z8395HA','5000000013','03',3340,3440,NULL,NULL,'Aktif','admin','2010-11-27 17:29:50','T'),('Z8784DC','5000000013','03',3080,3180,NULL,NULL,'Aktif','admin','2010-11-27 17:29:50','T'),('Z8935HA','5000000013','03',3370,3470,NULL,NULL,'Aktif','admin','2010-11-27 17:29:50','T'),('BG4708DB','5000000015','03',3600,3700,NULL,NULL,'Aktif','admin','2010-12-01 02:24:08','T'),('BG8216AT','5000000015','03',3100,3200,NULL,NULL,'Aktif','admin','2010-11-27 17:29:50','T'),('BG8394UB','5000000015','03',3280,3380,NULL,NULL,'Aktif','admin','2010-11-27 17:29:50','T'),('BG8680AI','5000000015','03',3240,3340,NULL,NULL,'Aktif','admin','2010-12-01 02:36:26','T'),('BG8774MO','5000000015','03',3330,3430,NULL,NULL,'Aktif','admin','2010-11-27 17:29:50','T'),('BG8798UB','5000000015','03',3510,3610,NULL,NULL,'Aktif','admin','2010-11-27 17:29:50','T'),('BG8966AI','5000000015','03',3370,3470,NULL,NULL,'Aktif','admin','2010-11-27 17:29:50','T'),('BG4658MH','5000000018','03',3440,3540,NULL,NULL,'Aktif','admin','2010-11-27 17:29:50','T'),('BG8109UB','5000000018','03',3460,3560,NULL,NULL,'Aktif','admin','2010-12-01 13:40:26','T'),('BG8987AJ','5000000018','03',3330,3430,NULL,NULL,'Aktif','admin','2010-11-27 17:29:50','T'),('BG9011LL','5000000018','03',3200,3300,NULL,NULL,'Aktif','admin','2010-11-27 17:29:50','T'),('B9650YW','5000000020','03',3310,3410,NULL,NULL,'Aktif','admin','2010-11-27 17:29:50','T'),('BE4303W','5000000020','03',3360,3460,NULL,NULL,'Aktif','admin','2010-11-27 17:29:50','T'),('BE4548W','5000000020','03',3510,3610,NULL,NULL,'Aktif','admin','2010-11-27 17:29:50','T'),('BE9040WA','5000000020','03',3470,3570,NULL,NULL,'Aktif','admin','2010-11-27 17:29:50','T'),('BE9151W','5000000020','03',3510,3610,NULL,NULL,'Aktif','admin','2010-11-27 17:29:50','T'),('BE9153W','5000000020','03',3470,3570,NULL,NULL,'Aktif','admin','2010-11-27 17:29:50','T'),('BE9509TB','5000000020','03',3300,3400,NULL,NULL,'Aktif','admin','2010-11-27 17:29:50','T'),('BE9533WA','5000000020','03',3470,3570,NULL,NULL,'Aktif','admin','2010-11-27 17:29:50','T'),('BE9861BI','5000000020','03',3830,3930,NULL,NULL,'Aktif','admin','2010-11-27 17:29:50','T'),('BE9938BK','5000000020','03',3250,3350,NULL,NULL,'Aktif','admin','2010-11-27 17:29:50','T'),('BG4286MH','5000000020','03',3410,3510,NULL,NULL,'Aktif','admin','2010-11-27 17:29:50','T'),('BG4474AR','5000000020','03',3000,3100,NULL,NULL,'Aktif','admin','2010-11-27 17:29:50','T'),('BG4851MA','5000000020','03',3100,3200,NULL,NULL,'Aktif','admin','2010-11-27 17:29:50','T'),('BG4998F','5000000020','03',3350,3450,NULL,NULL,'Aktif','admin','2010-11-27 17:29:50','T'),('BG8339UC','5000000020','03',3640,3740,NULL,NULL,'Aktif','admin','2010-11-27 17:29:50','T'),('BG8738UC','5000000020','03',3650,3750,NULL,NULL,'Aktif','admin','2010-11-27 17:29:50','T'),('BG8739UC','5000000020','03',3690,3790,NULL,NULL,'Aktif','admin','2010-11-27 17:29:50','T'),('BG8895MI','5000000020','03',3690,3790,NULL,NULL,'Aktif','admin','2010-12-01 06:50:29','T'),('BG8897MI','5000000020','03',3870,3970,NULL,NULL,'Aktif','admin','2010-12-01 15:30:46','T'),('A8630KC','5000000021','03',3320,3420,NULL,NULL,'Aktif','admin','2010-11-30 03:18:10','T'),('B9001UDA','5000000021','03',3250,3350,NULL,NULL,'Aktif','admin','2010-11-27 17:29:50','T'),('BE4329M','5000000021','03',3320,3420,NULL,NULL,'Aktif','admin','2010-11-27 17:29:50','T'),('BE4573DL','5000000021','03',3150,3250,NULL,NULL,'Aktif','admin','2010-11-27 17:29:50','T'),('BE4637BE','5000000021','03',3550,3650,NULL,NULL,'Aktif','admin','2010-12-01 05:02:38','T'),('BE9002WA','5000000021','03',3580,3680,NULL,NULL,'Aktif','admin','2010-11-27 17:29:50','T'),('BE9038W','5000000021','03',3450,3550,NULL,NULL,'Aktif','admin','2010-12-01 17:52:44','T'),('BE9046W','5000000021','03',3300,3400,NULL,NULL,'Aktif','admin','2010-11-27 17:29:50','T'),('BE9047WA','5000000021','03',3410,3510,NULL,NULL,'Aktif','admin','2010-11-27 17:29:50','T'),('BE9057AG','5000000021','03',3220,3320,NULL,NULL,'Aktif','admin','2010-11-27 17:29:50','T'),('BE9058WA','5000000021','03',3470,3570,NULL,NULL,'Aktif','admin','2010-11-27 17:29:50','T'),('BE9144GD','5000000021','03',3300,3400,NULL,NULL,'Aktif','admin','2010-11-27 17:29:50','T'),('BE9171W','5000000021','03',3220,3320,NULL,NULL,'Aktif','admin','2010-11-27 17:29:50','T'),('BE9271JB','5000000021','03',3410,3510,NULL,NULL,'Aktif','admin','2010-11-27 17:29:50','T'),('BE9414BN','5000000021','03',3500,3600,NULL,NULL,'Aktif','admin','2010-11-27 17:29:50','T'),('BE9461WA','5000000021','03',3500,3600,NULL,NULL,'Aktif','admin','2010-11-27 17:29:50','T'),('BE9611NC','5000000021','03',3340,3440,NULL,NULL,'Aktif','admin','2010-11-27 17:29:50','T'),('BE9816BR','5000000021','03',3490,3590,NULL,NULL,'Aktif','admin','2010-11-30 03:23:27','T'),('BE9912NC','5000000021','03',3450,3550,NULL,NULL,'Aktif','admin','2010-11-27 17:29:50','T'),('BG4012Y','5000000021','03',3700,3800,NULL,NULL,'Aktif','admin','2010-11-27 17:29:50','T'),('BG4315MF','5000000021','03',3230,3330,NULL,NULL,'Aktif','admin','2010-11-27 17:29:50','T'),('BG4367EB','5000000021','03',3060,3160,NULL,NULL,'Aktif','admin','2010-12-01 05:04:42','T'),('BG4500ME','5000000021','03',3080,3180,NULL,NULL,'Aktif','admin','2010-11-27 17:29:50','T'),('BG4732DA','5000000021','03',2830,2930,NULL,NULL,'Aktif','admin','2010-11-27 17:29:50','T'),('BG4760DB','5000000021','03',3410,3510,NULL,NULL,'Aktif','admin','2010-11-27 17:29:50','T'),('BG4760FB','5000000021','03',2990,3090,NULL,NULL,'Aktif','admin','2010-11-27 17:29:50','T'),('BG8026Y','5000000021','03',3010,3110,NULL,NULL,'Aktif','admin','2010-11-27 17:29:50','T'),('BG8068Y','5000000021','03',3650,3750,NULL,NULL,'Aktif','admin','2010-11-27 17:29:50','T'),('BG8114MO','5000000021','03',3020,3120,NULL,NULL,'Aktif','admin','2010-11-27 17:29:50','T'),('BG8121LY','5000000021','03',3490,3590,NULL,NULL,'Aktif','admin','2010-11-27 17:29:50','T'),('BG8143AQ','5000000021','03',3010,3110,NULL,NULL,'Aktif','admin','2010-11-27 17:29:50','T'),('BG8146AO','5000000021','03',3130,3230,NULL,NULL,'Aktif','admin','2010-12-01 08:38:41','T'),('BG8146AQ','5000000021','03',3220,3320,NULL,NULL,'Aktif','admin','2010-11-27 17:29:50','T'),('BG8171W','5000000021','03',3190,3290,NULL,NULL,'Aktif','admin','2010-11-27 17:29:50','T'),('BG8247Y','5000000021','03',3130,3230,NULL,NULL,'Aktif','admin','2010-11-27 17:29:50','T'),('BG8364YA','5000000021','03',3380,3480,NULL,NULL,'Aktif','admin','2010-11-27 17:29:50','T'),('BG8404YA','5000000021','03',3300,3400,NULL,NULL,'Aktif','admin','2010-12-01 07:57:25','T'),('BG8489AC','5000000021','03',3350,3450,NULL,NULL,'Aktif','admin','2010-11-27 17:29:50','T'),('BG8544YA','5000000021','03',3480,3580,NULL,NULL,'Aktif','admin','2010-11-27 17:29:50','T'),('BG8624D','5000000021','03',3600,3700,NULL,NULL,'Aktif','admin','2010-11-27 17:29:50','T'),('BG8911RP','5000000021','03',3380,3480,NULL,NULL,'Aktif','admin','2010-11-27 17:29:50','T'),('BG9127Y','5000000021','03',3270,3370,NULL,NULL,'Aktif','admin','2010-11-27 17:29:50','T'),('E9268U','5000000021','03',3230,3330,NULL,NULL,'Aktif','admin','2010-11-27 17:29:50','T'),('Z8935AH','5000000021','03',3320,3420,NULL,NULL,'Aktif','admin','2010-11-27 17:29:50','T'),('AG8684R','5000000022','03',3780,3880,NULL,NULL,'Aktif','admin','2010-11-27 17:29:50','T'),('BE4320UA','5000000022','03',3170,3270,NULL,NULL,'Aktif','admin','2010-11-27 17:29:50','T'),('BE4391AU','5000000022','03',3240,3340,NULL,NULL,'Aktif','admin','2010-11-27 17:29:50','T'),('BE4489W','5000000022','03',3220,3320,NULL,NULL,'Aktif','admin','2010-12-01 07:50:11','T'),('BE4550FB','5000000022','03',3350,3450,NULL,NULL,'Aktif','admin','2010-11-27 17:29:50','T'),('BE8522FM','5000000022','03',3390,3490,NULL,NULL,'Aktif','admin','2010-11-27 17:29:50','T'),('BE9000WA','5000000022','03',3130,3230,NULL,NULL,'Aktif','admin','2010-11-27 17:29:50','T'),('BE9060WA','5000000022','03',3410,3510,NULL,NULL,'Aktif','admin','2010-11-27 17:29:50','T'),('BE9064AF','5000000022','03',3200,3300,NULL,NULL,'Aktif','admin','2010-11-27 17:29:50','T'),('BE9069WA','5000000022','03',3340,3440,NULL,NULL,'Aktif','admin','2010-11-27 17:29:50','T'),('BE9227WA','5000000022','03',3470,3570,NULL,NULL,'Aktif','admin','2010-11-27 17:29:50','T'),('BE9277K','5000000022','03',3610,3710,NULL,NULL,'Aktif','admin','2010-11-27 17:29:50','T'),('BE9849BQ','5000000022','03',3180,3280,NULL,NULL,'Aktif','admin','2010-11-27 17:29:50','T'),('BG4492FB','5000000022','03',3210,3310,NULL,NULL,'Aktif','admin','2010-11-27 17:29:50','T'),('BG4492WA','5000000022','03',3240,3340,NULL,NULL,'Aktif','admin','2010-11-27 17:29:50','T'),('BG4673FB','5000000022','03',3150,3250,NULL,NULL,'Aktif','admin','2010-11-27 17:29:50','T'),('BG8025LY','5000000022','03',3170,3270,NULL,NULL,'Aktif','admin','2010-11-27 17:29:50','T'),('BG8374F','5000000022','03',3050,3150,NULL,NULL,'Aktif','admin','2010-11-27 17:29:50','T'),('BG8406F','5000000022','03',3480,3580,NULL,NULL,'Aktif','admin','2010-12-01 15:50:30','T'),('BG8462K1','5000000022','03',3530,3630,NULL,NULL,'Aktif','admin','2010-11-27 17:29:50','T'),('BG8605FJ1','5000000022','03',3520,3620,NULL,NULL,'Aktif','admin','2010-11-27 17:29:50','T'),('BG9251K','5000000022','03',3240,3340,NULL,NULL,'Aktif','admin','2010-11-27 17:29:50','T'),('BH8349MB','5000000022','03',3330,3430,NULL,NULL,'Aktif','admin','2010-11-27 17:29:50','T'),('D8293VE','5000000022','03',3440,3540,NULL,NULL,'Aktif','admin','2010-11-27 17:29:50','T'),('D8293VG','5000000022','03',3530,3630,NULL,NULL,'Aktif','admin','2010-11-27 17:29:50','T'),('D9009VJ','5000000022','03',3520,3620,NULL,NULL,'Aktif','admin','2010-11-27 17:29:50','T'),('D9009VJ1','5000000022','03',3500,3600,NULL,NULL,'Aktif','admin','2010-11-27 17:29:50','T'),('D9743VA','5000000022','03',3270,3370,NULL,NULL,'Aktif','admin','2010-11-27 17:29:50','T'),('G1807BA','5000000022','03',3250,3350,NULL,NULL,'Aktif','admin','2010-11-27 17:29:50','T'),('Z8575DB','5000000022','03',3130,3230,NULL,NULL,'Aktif','admin','2010-12-01 15:46:40','T'),('04','5000000023','03',4990,5090,NULL,NULL,'Aktif','admin','2010-11-27 17:29:50','T'),('13461','5000000023','03',3640,3740,NULL,NULL,'Aktif','admin','2010-11-27 17:29:50','T'),('A4400','5000000023','03',3640,3740,NULL,NULL,'Aktif','admin','2010-11-27 17:29:50','T'),('A5013274','5000000023','03',3660,3760,NULL,NULL,'Aktif','admin','2010-11-27 17:29:50','T'),('A5013731','5000000023','03',3650,3750,NULL,NULL,'Aktif','admin','2010-11-27 17:29:50','T'),('A5014400','5000000023','03',3640,3740,NULL,NULL,'Aktif','admin','2010-11-27 17:29:50','T'),('AE920P','5000000023','03',1500,1600,NULL,NULL,'Aktif','admin','2010-11-27 17:29:50','T'),('AG7491AC','5000000023','03',3490,3590,NULL,NULL,'Aktif','admin','2010-11-27 17:29:50','T'),('B4570EB','5000000023','03',3400,3500,NULL,NULL,'Aktif','admin','2010-11-27 17:29:50','T'),('B9094IF','5000000023','03',3890,3990,NULL,NULL,'Aktif','admin','2010-11-27 17:29:50','T'),('B9251F','5000000023','03',3160,3260,NULL,NULL,'Aktif','admin','2010-11-27 17:29:50','T'),('B9294QB','5000000023','03',3020,3120,NULL,NULL,'Aktif','admin','2010-12-23 11:25:00','T'),('B9294QB.','5000000023','03',2940,3040,NULL,NULL,'Aktif','admin','2010-11-27 17:29:50','T'),('B9294QB1','5000000023','03',2920,3020,NULL,NULL,'Aktif','admin','2010-11-27 17:29:50','T'),('B9466F','5000000023','03',2060,2160,NULL,NULL,'Aktif','admin','2010-11-27 17:29:50','T'),('B9467F','5000000023','03',2010,2110,NULL,NULL,'Aktif','admin','2010-11-27 17:29:50','T'),('B9530XR','5000000023','03',2080,2180,NULL,NULL,'Aktif','admin','2010-11-27 17:29:50','T'),('B9601QH','5000000023','03',3910,4010,NULL,NULL,'Aktif','admin','2010-11-27 17:29:50','T'),('BARU','5000000023','03',3760,3860,NULL,NULL,'Aktif','admin','2010-11-27 17:29:50','T'),('BD8666AD','5000000023','03',3350,3450,NULL,NULL,'Aktif','admin','2010-11-27 17:29:50','T'),('BD8666AO','5000000023','03',3510,3610,NULL,NULL,'Aktif','admin','2010-11-27 17:29:50','T'),('BE1410AK','5000000023','03',1810,1910,NULL,NULL,'Aktif','admin','2010-11-27 17:29:50','T'),('BE4015AD','5000000023','03',2970,3070,NULL,NULL,'Aktif','admin','2010-11-27 17:29:50','T'),('BE4206AH','5000000023','03',2990,3090,NULL,NULL,'Aktif','admin','2010-11-27 17:29:50','T'),('BE4237DA','5000000023','03',2800,2900,NULL,NULL,'Aktif','admin','2010-11-27 17:29:50','T'),('BE4261FB','5000000023','03',3150,3250,NULL,NULL,'Aktif','admin','2010-11-27 17:29:50','T'),('BE4261N.','5000000023','03',3080,3180,NULL,NULL,'Aktif','admin','2010-11-27 17:29:50','T'),('BE4261N1','5000000023','03',3130,3230,NULL,NULL,'Aktif','admin','2010-11-27 17:29:50','T'),('BE4261N2','5000000023','03',3040,3140,NULL,NULL,'Aktif','admin','2010-11-27 17:29:50','T'),('BE4261N3','5000000023','03',3120,3220,NULL,NULL,'Aktif','admin','2010-11-27 17:29:50','T'),('BE4261N9','5000000023','03',3120,3220,NULL,NULL,'Aktif','admin','2010-11-27 17:29:50','T'),('BE4292NB','5000000023','03',3080,3180,NULL,NULL,'Aktif','admin','2010-11-27 17:29:50','T'),('BE4294NB','5000000023','03',3150,3250,NULL,NULL,'Aktif','admin','2010-11-27 17:29:50','T'),('BE4294NB1','5000000023','03',3130,3230,NULL,NULL,'Aktif','admin','2010-11-27 17:29:50','T'),('BE4503WA','5000000023','03',3250,3350,NULL,NULL,'Aktif','admin','2010-12-01 13:28:03','T'),('BE4637AW','5000000023','03',3250,3350,NULL,NULL,'Aktif','admin','2010-12-01 13:09:17','T'),('BE4645T','5000000023','03',3280,3380,NULL,NULL,'Aktif','admin','2010-11-27 17:29:50','T'),('BE4657V','5000000023','03',2980,3080,NULL,NULL,'Aktif','admin','2010-11-27 17:29:50','T'),('BE4675B','5000000023','03',3200,3300,NULL,NULL,'Aktif','admin','2010-11-27 17:29:50','T'),('BE4696BA','5000000023','03',3190,3290,NULL,NULL,'Aktif','admin','2010-11-27 17:29:50','T'),('BE4731BD','5000000023','03',3850,3950,NULL,NULL,'Aktif','admin','2010-11-27 17:29:50','T'),('BE4731BD1','5000000023','03',3880,3980,NULL,NULL,'Aktif','admin','2010-11-27 17:29:50','T'),('BE4731DB','5000000023','03',3870,3970,NULL,NULL,'Aktif','admin','2010-11-27 17:29:50','T'),('BE8080YA','5000000023','03',3190,3290,NULL,NULL,'Aktif','admin','2010-11-27 17:29:50','T'),('BE9010JB','5000000023','03',3120,3220,NULL,NULL,'Aktif','admin','2010-11-27 17:29:50','T'),('BE9010JB1','5000000023','03',3120,3220,NULL,NULL,'Aktif','admin','2010-11-27 17:29:50','T'),('BE9016WA','5000000023','03',3260,3360,NULL,NULL,'Aktif','admin','2010-11-27 17:29:50','T'),('BE9095BQ','5000000023','03',3180,3280,NULL,NULL,'Aktif','admin','2010-11-27 17:29:50','T'),('BE9206AK','5000000023','03',2890,2990,NULL,NULL,'Aktif','admin','2010-11-27 17:29:50','T'),('BE9272WA','5000000023','03',3430,3530,NULL,NULL,'Aktif','admin','2010-11-27 17:29:50','T'),('BE9274BQ','5000000023','03',3220,3320,NULL,NULL,'Aktif','admin','2010-11-27 17:29:50','T'),('BE9274EO','5000000023','03',3210,3310,NULL,NULL,'Aktif','admin','2010-11-27 17:29:50','T'),('BE9274EQ','5000000023','03',3200,3300,NULL,NULL,'Aktif','admin','2010-12-01 08:54:44','T'),('BE9277W','5000000023','03',3630,3730,NULL,NULL,'Aktif','admin','2010-11-27 17:29:50','T'),('BE9860BR','5000000023','03',3460,3560,NULL,NULL,'Aktif','admin','2010-12-01 18:09:58','T'),('BG1046LM','5000000023','03',1560,1660,NULL,NULL,'Aktif','admin','2010-11-27 17:29:50','T'),('BG1692LX','5000000023','03',1830,1930,NULL,NULL,'Aktif','admin','2010-11-27 17:29:50','T'),('BG1763AN','5000000023','03',1380,1480,NULL,NULL,'Aktif','admin','2010-11-27 17:29:50','T'),('BG2756LF','5000000023','03',1470,1570,NULL,NULL,'Aktif','admin','2010-11-27 17:29:50','T'),('BG40003FD','5000000023','03',3290,3390,NULL,NULL,'Aktif','admin','2010-11-27 17:29:50','T'),('BG4003FD','5000000023','03',3240,3340,NULL,NULL,'Aktif','admin','2010-11-27 17:29:50','T'),('BG4003MB','5000000023','03',3370,3470,NULL,NULL,'Aktif','admin','2010-11-27 17:29:50','T'),('BG4015AD','5000000023','03',2950,3050,NULL,NULL,'Aktif','admin','2010-11-27 17:29:50','T'),('BG4045FB','5000000023','03',3440,3540,NULL,NULL,'Aktif','admin','2010-11-27 17:29:50','T'),('BG4067FB','5000000023','03',3350,3450,NULL,NULL,'Aktif','admin','2010-11-27 17:29:50','T'),('BG4067FD','5000000023','03',3570,3670,NULL,NULL,'Aktif','admin','2010-11-27 17:29:50','T'),('BG4078FB','5000000023','03',3150,3250,NULL,NULL,'Aktif','admin','2010-12-01 15:37:30','T'),('BG4117MH','5000000023','03',3520,3620,NULL,NULL,'Aktif','admin','2010-11-27 17:29:50','T'),('BG4130AP','5000000023','03',3110,3210,NULL,NULL,'Aktif','admin','2010-12-01 08:40:06','T'),('BG4149FA','5000000023','03',2980,3080,NULL,NULL,'Aktif','admin','2010-11-27 17:29:50','T'),('BG4156MF.','5000000023','03',3250,3350,NULL,NULL,'Aktif','admin','2010-11-30 01:48:54','Y'),('BG417MH','5000000023','03',3430,3530,NULL,NULL,'Aktif','admin','2010-11-27 17:29:50','T'),('BG4195LF','5000000023','03',3110,3210,NULL,NULL,'Aktif','admin','2010-11-27 17:29:50','T'),('BG4197MA','5000000023','03',3060,3160,NULL,NULL,'Aktif','admin','2010-12-01 14:15:47','T'),('BG4201AT','5000000023','03',3090,3190,NULL,NULL,'Aktif','admin','2010-11-27 17:29:50','T'),('BG4206AH','5000000023','03',3050,3150,NULL,NULL,'Aktif','admin','2010-11-27 17:29:50','T'),('BG4206AN','5000000023','03',2940,3040,NULL,NULL,'Aktif','admin','2010-11-27 17:29:50','T'),('BG4217LF','5000000023','03',3420,3520,NULL,NULL,'Aktif','admin','2010-12-01 16:12:36','T'),('BG4237BA','5000000023','03',2820,2920,NULL,NULL,'Aktif','admin','2010-11-27 17:29:50','T'),('BG4237DA','5000000023','03',2820,2920,NULL,NULL,'Aktif','admin','2010-11-27 17:29:50','T'),('BG4261N','5000000023','03',3040,3140,NULL,NULL,'Aktif','admin','2010-11-27 17:29:50','T'),('BG4264MG','5000000023','03',3680,3780,NULL,NULL,'Aktif','admin','2010-11-27 17:29:50','T'),('BG4264MG1','5000000023','03',3700,3800,NULL,NULL,'Aktif','admin','2010-11-27 17:29:50','T'),('BG4292FB','5000000023','03',3110,3210,NULL,NULL,'Aktif','admin','2010-11-27 17:29:50','T'),('BG4341AS','5000000023','03',3120,3220,NULL,NULL,'Aktif','admin','2010-11-27 17:29:50','T'),('BG4341AS1','5000000023','03',3080,3180,NULL,NULL,'Aktif','admin','2010-11-27 17:29:50','T'),('BG4342M','5000000023','03',3620,3720,NULL,NULL,'Aktif','admin','2010-11-27 17:29:50','T'),('BG4342MB','5000000023','03',3580,3680,NULL,NULL,'Aktif','admin','2010-11-27 17:29:50','T'),('BG4342MB2','5000000023','03',3630,3730,NULL,NULL,'Aktif','admin','2010-11-27 17:29:50','T'),('BG4346AL','5000000023','03',3190,3290,NULL,NULL,'Aktif','admin','2010-11-27 17:29:50','T'),('BG4365FB1','5000000023','03',3190,3290,NULL,NULL,'Aktif','admin','2010-11-27 17:29:50','T'),('BG4418DB','5000000023','03',2860,2960,NULL,NULL,'Aktif','admin','2010-11-27 17:29:50','T'),('BG4446AP','5000000023','03',2910,3010,NULL,NULL,'Aktif','admin','2010-12-01 06:44:10','T'),('BG4474AN','5000000023','03',3180,3280,NULL,NULL,'Aktif','admin','2010-12-01 13:19:42','T'),('BG4568','5000000023','03',3410,3510,NULL,NULL,'Aktif','admin','2010-11-27 17:29:50','T'),('BG4568EB','5000000023','03',3370,3470,NULL,NULL,'Aktif','admin','2010-11-27 17:29:50','T'),('BG4568EB.','5000000023','03',3380,3480,NULL,NULL,'Aktif','admin','2010-11-27 17:29:50','T'),('BG4568EB2','5000000023','03',3380,3480,NULL,NULL,'Aktif','admin','2010-11-27 17:29:50','T'),('BG4570E','5000000023','03',3390,3490,NULL,NULL,'Aktif','admin','2010-11-27 17:29:50','T'),('BG4570EB','5000000023','03',3450,3550,NULL,NULL,'Aktif','admin','2010-11-27 17:29:50','T'),('BG4570EB.','5000000023','03',3370,3470,NULL,NULL,'Aktif','admin','2010-11-27 17:29:50','T'),('BG4570EB1','5000000023','03',3390,3490,NULL,NULL,'Aktif','admin','2010-11-27 17:29:50','T'),('BG4570FB.','5000000023','03',3400,3500,NULL,NULL,'Aktif','admin','2010-11-27 17:29:50','T'),('BG4617FA','5000000023','03',2910,3010,NULL,NULL,'Aktif','admin','2010-12-01 16:11:04','T'),('BG4627M','5000000023','03',3540,3640,NULL,NULL,'Aktif','admin','2010-11-27 17:29:50','T'),('BG4627ML','5000000023','03',3540,3640,NULL,NULL,'Aktif','admin','2010-11-27 17:29:50','T'),('BG4653FB','5000000023','03',3370,3470,NULL,NULL,'Aktif','admin','2010-12-01 08:59:49','T'),('BG4653FB1','5000000023','03',3400,3500,NULL,NULL,'Aktif','admin','2010-11-27 17:29:50','T'),('BG4655MK','5000000023','03',3400,3500,NULL,NULL,'Aktif','admin','2010-11-27 17:29:50','T'),('BG4661DB','5000000023','03',3170,3270,NULL,NULL,'Aktif','admin','2010-11-27 17:29:50','T'),('BG4708AM','5000000023','03',2930,3030,NULL,NULL,'Aktif','admin','2010-11-27 17:29:50','T'),('BG4731DB','5000000023','03',3880,3980,NULL,NULL,'Aktif','admin','2010-11-27 17:29:50','T'),('BG4777AN','5000000023','03',3360,3460,NULL,NULL,'Aktif','admin','2010-11-27 17:29:50','T'),('BG4785LA','5000000023','03',3180,3280,NULL,NULL,'Aktif','admin','2010-11-27 17:29:50','T'),('BG4794FB','5000000023','03',3240,3340,NULL,NULL,'Aktif','admin','2010-12-01 06:41:07','T'),('BG4794FB1','5000000023','03',3290,3390,NULL,NULL,'Aktif','admin','2010-11-27 17:29:50','T'),('BG4794MK','5000000023','03',3290,3390,NULL,NULL,'Aktif','admin','2010-12-01 13:35:13','T'),('BG4794MK9','5000000023','03',3180,3280,NULL,NULL,'Aktif','admin','2010-11-27 17:29:50','T'),('BG4814FB','5000000023','03',3210,3310,NULL,NULL,'Aktif','admin','2010-12-01 16:16:00','T'),('BG4840FB','5000000023','03',3170,3270,NULL,NULL,'Aktif','admin','2010-12-01 13:33:21','T'),('BG4867FB','5000000023','03',3470,3570,NULL,NULL,'Aktif','admin','2010-11-27 17:29:50','T'),('BG4867FD','5000000023','03',3350,3450,NULL,NULL,'Aktif','admin','2010-11-27 17:29:50','T'),('BG4922FA','5000000023','03',3000,3100,NULL,NULL,'Aktif','admin','2010-11-27 17:29:50','T'),('BG4948FB','5000000023','03',2930,3030,NULL,NULL,'Aktif','admin','2010-11-27 17:29:50','T'),('BG4957FB','5000000023','03',3510,3610,NULL,NULL,'Aktif','admin','2010-12-01 17:21:31','T'),('BG4972MD','5000000023','03',2940,3040,NULL,NULL,'Aktif','admin','2010-11-27 17:29:50','T'),('BG4991FB','5000000023','03',3090,3190,NULL,NULL,'Aktif','admin','2010-11-27 17:29:50','T'),('BG4998FB','5000000023','03',3350,3450,NULL,NULL,'Aktif','admin','2010-11-27 17:29:50','T'),('BG8005JA','5000000023','03',3300,3400,NULL,NULL,'Aktif','admin','2010-12-01 17:23:11','T'),('BG8026MJ','5000000023','03',3690,3790,NULL,NULL,'Aktif','admin','2010-11-27 17:29:50','T'),('BG8026MJ2','5000000023','03',3790,3890,NULL,NULL,'Aktif','admin','2010-11-27 17:29:50','T'),('BG8043FM','5000000023','03',3350,3450,NULL,NULL,'Aktif','admin','2010-12-01 17:25:59','T'),('BG8077D','5000000023','03',3030,3130,NULL,NULL,'Aktif','admin','2010-12-01 05:18:56','T'),('BG8077UD','5000000023','03',3780,3880,NULL,NULL,'Aktif','admin','2010-11-27 17:29:50','T'),('BG8080YA','5000000023','03',3170,3270,NULL,NULL,'Aktif','admin','2010-11-27 17:29:50','T'),('BG8089LN','5000000023','03',3550,3650,NULL,NULL,'Aktif','admin','2010-11-27 17:29:50','T'),('BG8089LN1','5000000023','03',3550,3650,NULL,NULL,'Aktif','admin','2010-11-27 17:29:50','T'),('BG81081','5000000023','03',3480,3580,NULL,NULL,'Aktif','admin','2010-11-27 17:29:50','T'),('BG8108F','5000000023','03',3520,3620,NULL,NULL,'Aktif','admin','2010-12-01 18:26:17','T'),('BG8108F.','5000000023','03',3440,3540,NULL,NULL,'Aktif','admin','2010-11-27 17:29:50','T'),('BG8108F1','5000000023','03',3420,3520,NULL,NULL,'Aktif','admin','2010-11-27 17:29:50','T'),('BG8109UB.','5000000023','03',3460,3560,NULL,NULL,'Aktif','admin','2010-11-27 17:29:50','T'),('BG8109UB1','5000000023','03',3470,3570,NULL,NULL,'Aktif','admin','2010-11-27 17:29:50','T'),('BG8118F','5000000023','03',3500,3600,NULL,NULL,'Aktif','admin','2010-11-27 17:29:50','T'),('BG8138MA','5000000023','03',3860,3960,NULL,NULL,'Aktif','admin','2010-11-27 17:29:50','T'),('BG8157RN','5000000023','03',3150,3250,NULL,NULL,'Aktif','admin','2010-11-27 17:29:50','T'),('BG8190RS','5000000023','03',2880,2980,NULL,NULL,'Aktif','admin','2010-12-01 14:02:12','T'),('BG8197FM','5000000023','03',3190,3290,NULL,NULL,'Aktif','admin','2010-12-01 07:59:52','T'),('BG8199F1','5000000023','03',3450,3550,NULL,NULL,'Aktif','admin','2010-11-27 17:29:50','T'),('BG8200H','5000000023','03',3040,3140,NULL,NULL,'Aktif','admin','2010-11-27 17:29:50','T'),('BG8284FM','5000000023','03',3230,3330,NULL,NULL,'Aktif','admin','2010-11-27 17:29:50','T'),('BG8288FM','5000000023','03',3400,3500,NULL,NULL,'Aktif','admin','2010-11-27 17:29:50','T'),('BG8322CW','5000000023','03',2930,3030,NULL,NULL,'Aktif','admin','2010-11-27 17:29:50','T'),('BG8338HI','5000000023','03',3360,3460,NULL,NULL,'Aktif','admin','2010-11-27 17:29:50','T'),('BG8348F','5000000023','03',3360,3460,NULL,NULL,'Aktif','admin','2010-12-01 07:42:57','T'),('BG8348FT1','5000000023','03',3540,3640,NULL,NULL,'Aktif','admin','2010-11-27 17:29:50','T'),('BG8362AC','5000000023','03',3560,3660,NULL,NULL,'Aktif','admin','2010-11-27 17:29:50','T'),('BG8369F','5000000023','03',3160,3260,NULL,NULL,'Aktif','admin','2010-12-01 10:26:07','T'),('BG8369RR','5000000023','03',2750,2850,NULL,NULL,'Aktif','admin','2010-12-01 17:45:52','T'),('BG8396AJ','5000000023','03',3080,3180,NULL,NULL,'Aktif','admin','2010-11-27 17:29:50','T'),('BG8397F','5000000023','03',3080,3180,NULL,NULL,'Aktif','admin','2010-11-27 17:29:50','T'),('BG8404F','5000000023','03',3550,3650,NULL,NULL,'Aktif','admin','2010-11-30 02:58:15','T'),('BG8404F1','5000000023','03',3470,3570,NULL,NULL,'Aktif','admin','2010-11-27 17:29:50','T'),('BG8404UB','5000000023','03',3230,3330,NULL,NULL,'Aktif','admin','2010-11-27 17:29:50','T'),('BG8405F','5000000023','03',3480,3580,NULL,NULL,'Aktif','admin','2010-12-01 17:59:44','T'),('BG8405F9','5000000023','03',3450,3550,NULL,NULL,'Aktif','admin','2010-11-27 17:29:50','T'),('BG8437FM','5000000023','03',3140,3240,NULL,NULL,'Aktif','admin','2010-11-27 17:29:50','T'),('BG8464F','5000000023','03',2960,3060,NULL,NULL,'Aktif','admin','2010-12-01 14:07:34','T'),('BG8474F1','5000000023','03',3200,3300,NULL,NULL,'Aktif','admin','2010-11-27 17:29:50','T'),('BG8480FM','5000000023','03',3040,3140,NULL,NULL,'Aktif','admin','2010-12-01 15:39:18','T'),('BG8497AJ','5000000023','03',3200,3300,NULL,NULL,'Aktif','admin','2010-12-01 17:31:44','T'),('BG8497AJ1','5000000023','03',3230,3330,NULL,NULL,'Aktif','admin','2010-11-27 17:29:50','T'),('BG8500T','5000000023','03',3690,3790,NULL,NULL,'Aktif','admin','2010-11-27 17:29:50','T'),('BG8502T','5000000023','03',3900,4000,NULL,NULL,'Aktif','admin','2010-11-27 17:29:50','T'),('BG8506T','5000000023','03',3890,3990,NULL,NULL,'Aktif','admin','2010-11-27 17:29:50','T'),('BG8507UA','5000000023','03',3840,3940,NULL,NULL,'Aktif','admin','2010-12-01 13:07:30','T'),('BG8521F','5000000023','03',3470,3570,NULL,NULL,'Aktif','admin','2010-11-27 17:29:50','T'),('BG8552LM','5000000023','03',3570,3670,NULL,NULL,'Aktif','admin','2010-11-27 17:29:50','T'),('BG8585AC','5000000023','03',3140,3240,NULL,NULL,'Aktif','admin','2010-11-27 17:29:50','T'),('BG8595AC','5000000023','03',3100,3200,NULL,NULL,'Aktif','admin','2010-12-01 18:08:02','T'),('BG8605AJ','5000000023','03',3550,3650,NULL,NULL,'Aktif','admin','2010-12-01 07:44:23','T'),('BG8605AJ1','5000000023','03',3510,3610,NULL,NULL,'Aktif','admin','2010-11-27 17:29:50','T'),('BG8649UD','5000000023','03',3760,3860,NULL,NULL,'Aktif','admin','2010-12-01 15:53:57','T'),('BG8651F','5000000023','03',3320,3420,NULL,NULL,'Aktif','admin','2010-11-27 17:29:50','T'),('BG8666AO','5000000023','03',3410,3510,NULL,NULL,'Aktif','admin','2010-11-27 17:29:50','T'),('BG8667D','5000000023','03',3870,3970,NULL,NULL,'Aktif','admin','2010-11-27 17:29:50','T'),('BG8672F','5000000023','03',3860,3960,NULL,NULL,'Aktif','admin','2010-12-01 18:01:23','T'),('BG8672F.','5000000023','03',3860,3960,NULL,NULL,'Aktif','admin','2010-11-27 17:29:50','T'),('BG8673F','5000000023','03',3900,4000,NULL,NULL,'Aktif','admin','2010-12-01 18:06:06','T'),('BG8673F.','5000000023','03',3940,4040,NULL,NULL,'Aktif','admin','2010-11-27 17:29:50','T'),('BG8673F1','5000000023','03',3920,4020,NULL,NULL,'Aktif','admin','2010-11-27 17:29:50','T'),('BG8689','5000000023','03',3030,3130,NULL,NULL,'Aktif','admin','2010-11-27 17:29:50','T'),('BG8689D','5000000023','03',3130,3230,NULL,NULL,'Aktif','admin','2010-11-27 17:29:50','T'),('BG8689LN','5000000023','03',3520,3620,NULL,NULL,'Aktif','admin','2010-11-27 17:29:50','T'),('BG8689LN.','5000000023','03',3980,4080,NULL,NULL,'Aktif','admin','2010-11-27 17:29:50','T'),('BG8763AJ','5000000023','03',3270,3370,NULL,NULL,'Aktif','admin','2010-12-01 07:36:35','T'),('BG8781MI','5000000023','03',3880,3980,NULL,NULL,'Aktif','admin','2010-11-27 17:29:50','T'),('BG8781MI.','5000000023','03',3780,3880,NULL,NULL,'Aktif','admin','2010-11-27 17:29:50','T'),('BG8781MI2','5000000023','03',3780,3880,NULL,NULL,'Aktif','admin','2010-11-27 17:29:50','T'),('BG8789F','5000000023','03',3610,3710,NULL,NULL,'Aktif','admin','2010-12-01 17:41:03','T'),('BG8790F','5000000023','03',3690,3790,NULL,NULL,'Aktif','admin','2010-12-23 13:03:54','T'),('BG8791F','5000000023','03',3740,3840,NULL,NULL,'Aktif','admin','2010-12-01 15:33:34','T'),('BG8791F1','5000000023','03',3680,3780,NULL,NULL,'Aktif','admin','2010-11-27 17:29:50','T'),('BG8792F','5000000023','03',3470,3570,NULL,NULL,'Aktif','admin','2010-12-01 13:16:04','T'),('BG8793F','5000000023','03',3550,3650,NULL,NULL,'Aktif','admin','2010-12-01 13:23:15','T'),('BG8793F.','5000000023','03',3570,3670,NULL,NULL,'Aktif','admin','2010-11-27 17:29:50','T'),('BG8794F','5000000023','03',3600,3700,NULL,NULL,'Aktif','admin','2010-12-01 13:44:04','T'),('BG8794MK1','5000000023','03',3200,3300,NULL,NULL,'Aktif','admin','2010-11-27 17:29:50','T'),('BG8795F','5000000023','03',3550,3650,NULL,NULL,'Aktif','admin','2010-12-01 13:38:43','T'),('BG8795F1','5000000023','03',3580,3680,NULL,NULL,'Aktif','admin','2010-11-27 17:29:50','T'),('BG8796F','5000000023','03',3550,3650,NULL,NULL,'Aktif','admin','2010-12-01 16:05:32','T'),('BG8796F.','5000000023','03',3610,3710,NULL,NULL,'Aktif','admin','2010-11-27 17:29:50','T'),('BG8804F1','5000000023','03',3560,3660,NULL,NULL,'Aktif','admin','2010-11-27 17:29:50','T'),('BG8822F','5000000023','03',3270,3370,NULL,NULL,'Aktif','admin','2010-11-27 17:29:50','T'),('BG8860MO','5000000023','03',3500,3600,NULL,NULL,'Aktif','admin','2010-11-27 17:29:50','T'),('BG8860UC','5000000023','03',3650,3750,NULL,NULL,'Aktif','admin','2010-11-27 17:29:50','T'),('BG8860UC1','5000000023','03',3640,3740,NULL,NULL,'Aktif','admin','2010-11-27 17:29:50','T'),('BG8864UA','5000000023','03',3590,3690,NULL,NULL,'Aktif','admin','2010-11-27 17:29:50','T'),('BG8878AC','5000000023','03',3280,3380,NULL,NULL,'Aktif','admin','2010-11-27 17:29:50','T'),('BG8881F','5000000023','03',3020,3120,NULL,NULL,'Aktif','admin','2010-12-01 17:55:26','T'),('BG8916AC','5000000023','03',3430,3530,NULL,NULL,'Aktif','admin','2010-11-27 17:29:50','T'),('BG8957J','5000000023','03',3270,3370,NULL,NULL,'Aktif','admin','2010-11-27 17:29:50','T'),('BG8975F','5000000023','03',3370,3470,NULL,NULL,'Aktif','admin','2010-11-27 17:29:50','T'),('BG8976F','5000000023','03',3260,3360,NULL,NULL,'Aktif','admin','2010-11-27 17:29:50','T'),('BG8976F1','5000000023','03',3280,3380,NULL,NULL,'Aktif','admin','2010-11-27 17:29:50','T'),('BG8990D','5000000023','03',3620,3720,NULL,NULL,'Aktif','admin','2010-12-01 08:34:42','T'),('BG8991D','5000000023','03',3740,3840,NULL,NULL,'Aktif','admin','2010-12-01 13:26:14','T'),('BG9020K','5000000023','03',3250,3350,NULL,NULL,'Aktif','admin','2010-11-27 17:29:50','T'),('BG9068Y','5000000023','03',3270,3370,NULL,NULL,'Aktif','admin','2010-11-27 17:29:50','T'),('BG9086Y','5000000023','03',2950,3050,NULL,NULL,'Aktif','admin','2010-12-01 06:57:17','T'),('BG9288E','5000000023','03',1810,1910,NULL,NULL,'Aktif','admin','2010-11-27 17:29:50','T'),('BG9288F','5000000023','03',1760,1860,NULL,NULL,'Aktif','admin','2010-11-27 17:29:50','T'),('BG9836LF','5000000023','03',3380,3480,NULL,NULL,'Aktif','admin','2010-11-27 17:29:50','T'),('BG9849QB','5000000023','03',3140,3240,NULL,NULL,'Aktif','admin','2010-11-27 17:29:50','T'),('BG9933MB','5000000023','03',960,1060,NULL,NULL,'Aktif','admin','2010-12-01 16:09:23','T'),('BG9950LF','5000000023','03',3330,3430,NULL,NULL,'Aktif','admin','2010-12-01 15:43:17','T'),('BG9950LF1','5000000023','03',3350,3450,NULL,NULL,'Aktif','admin','2010-11-27 17:29:50','T'),('BGBARU','5000000023','03',3650,3750,NULL,NULL,'Aktif','admin','2010-11-27 17:29:50','T'),('BH8349MD','5000000023','03',3300,3400,NULL,NULL,'Aktif','admin','2010-11-27 17:29:50','T'),('BH8720AI','5000000023','03',3280,3380,NULL,NULL,'Aktif','admin','2010-12-01 06:15:19','T'),('BK8338HI','5000000023','03',3370,3470,NULL,NULL,'Aktif','admin','2010-11-27 17:29:50','T'),('D8322GA','5000000023','03',2940,3040,NULL,NULL,'Aktif','admin','2010-11-27 17:29:50','T'),('D9734VA','5000000023','03',3270,3370,NULL,NULL,'Aktif','admin','2010-11-27 17:29:50','T'),('D9999VK','5000000023','03',3460,3560,NULL,NULL,'Aktif','admin','2010-11-27 17:29:50','T'),('E9908B','5000000023','03',3500,3600,NULL,NULL,'Aktif','admin','2010-11-27 17:29:50','T'),('H1583VW','5000000023','03',3090,3190,NULL,NULL,'Aktif','admin','2010-12-01 10:09:28','T'),('R1792AC','5000000023','03',3110,3210,NULL,NULL,'Aktif','admin','2010-11-27 17:29:50','T'),('TRB','5000000023','03',5050,5150,NULL,NULL,'Aktif','admin','2010-11-27 17:29:50','T'),('TRB01','5000000023','03',5030,5130,NULL,NULL,'Aktif','admin','2010-12-23 11:18:55','T'),('TRB02','5000000023','03',4950,5050,NULL,NULL,'Aktif','admin','2010-11-27 17:29:50','T'),('Z8208DD','5000000023','03',3350,3450,NULL,NULL,'Aktif','admin','2010-11-27 17:29:50','T'),('Z8627DB','5000000023','03',3110,3210,NULL,NULL,'Aktif','admin','2010-12-01 10:14:51','T'),('BD8036AN','5000000004','03',7670,7770,NULL,NULL,'Aktif','admin','2010-11-27 17:29:50','T'),('BE9289FC','5000000004','03',6710,6810,NULL,NULL,'Aktif','admin','2010-11-27 17:29:50','T'),('BE9840FB','5000000004','03',6890,6990,NULL,NULL,'Aktif','admin','2010-11-27 17:29:50','T'),('BG4072MM','5000000004','03',7370,7470,NULL,NULL,'Aktif','admin','2010-11-27 17:29:50','T'),('BG4658ML','5000000004','03',7100,7200,NULL,NULL,'Aktif','admin','2010-11-27 17:29:50','T'),('BG8013AO','5000000004','03',6470,6570,NULL,NULL,'Aktif','admin','2010-11-27 17:29:50','T'),('BG8036AN','5000000004','03',7690,7790,NULL,NULL,'Aktif','admin','2010-11-27 17:29:50','T'),('BG8352LM','5000000004','03',6890,6990,NULL,NULL,'Aktif','admin','2010-11-27 17:29:50','T'),('BG8443RL','5000000004','03',6830,6930,NULL,NULL,'Aktif','admin','2010-11-27 17:29:50','T'),('BG8492LN','5000000004','03',7090,7190,NULL,NULL,'Aktif','admin','2010-11-27 17:29:50','T'),('BG8662MQ','5000000004','03',3780,3880,NULL,NULL,'Aktif','admin','2010-11-27 17:29:50','T'),('BG8695LM','5000000004','03',6930,7030,NULL,NULL,'Aktif','admin','2010-11-27 17:29:50','T'),('BG8717LM','5000000004','03',7230,7330,NULL,NULL,'Aktif','admin','2010-11-27 17:29:50','T'),('B9210QU','5000000006','03',10740,10840,NULL,NULL,'Aktif','admin','2010-11-27 17:29:50','T'),('B9280NN','5000000006','03',11490,11590,NULL,NULL,'Aktif','admin','2010-11-27 17:29:50','T'),('B9334DS','5000000006','03',11030,11130,NULL,NULL,'Aktif','admin','2010-11-27 17:29:50','T'),('B9337FW','5000000006','03',11480,11580,NULL,NULL,'Aktif','admin','2010-11-27 17:29:50','T'),('B9368LL','5000000006','03',11790,11890,NULL,NULL,'Aktif','admin','2010-11-27 17:29:50','T'),('B9809AP','5000000006','03',11180,11280,NULL,NULL,'Aktif','admin','2010-11-27 17:29:50','T'),('B9852WV','5000000006','03',7620,7720,NULL,NULL,'Aktif','admin','2010-11-27 17:29:50','T'),('B9853WV','5000000006','03',7520,7620,NULL,NULL,'Aktif','admin','2010-11-27 17:29:50','T'),('B9856WV','5000000006','03',7550,7650,NULL,NULL,'Aktif','admin','2010-11-27 17:29:50','T'),('BG4661AP','5000000006','03',6090,6190,NULL,NULL,'Aktif','admin','2010-11-27 17:29:50','T'),('BG8011MJ','5000000006','03',7010,7110,NULL,NULL,'Aktif','admin','2010-11-27 17:29:50','T'),('BG8117UC','5000000006','03',7150,7250,NULL,NULL,'Aktif','admin','2010-11-27 17:29:50','T'),('BG8176UB','5000000006','03',7600,7700,NULL,NULL,'Aktif','admin','2010-11-27 17:29:50','T'),('BG8190RP','5000000006','03',6810,6910,NULL,NULL,'Aktif','admin','2010-11-27 17:29:50','T'),('BG8207UA','5000000006','03',10610,10710,NULL,NULL,'Aktif','admin','2010-11-27 17:29:50','T'),('BG8208UA','5000000006','03',10340,10440,NULL,NULL,'Aktif','admin','2010-11-27 17:29:50','T'),('BG8371MO','5000000006','03',7580,7680,NULL,NULL,'Aktif','admin','2010-11-27 17:29:50','T'),('BG8372MO','5000000006','03',7340,7440,NULL,NULL,'Aktif','admin','2010-11-27 17:29:50','T'),('BG8373MO','5000000006','03',7660,7760,NULL,NULL,'Aktif','admin','2010-11-27 17:29:50','T'),('BG8374MO','5000000006','03',7530,7630,NULL,NULL,'Aktif','admin','2010-11-27 17:29:50','T'),('BG8375MO','5000000006','03',7770,7870,NULL,NULL,'Aktif','admin','2010-11-27 17:29:50','T'),('BG8386AO','5000000006','03',11020,11120,NULL,NULL,'Aktif','admin','2010-11-27 17:29:50','T'),('BG8461AO','5000000006','03',10850,10950,NULL,NULL,'Aktif','admin','2010-11-27 17:29:50','T'),('BG8477MI','5000000006','03',7000,7100,NULL,NULL,'Aktif','admin','2010-11-27 17:29:50','T'),('BG8511ME','5000000006','03',6870,6970,NULL,NULL,'Aktif','admin','2010-11-27 17:29:50','T'),('BG8511MI','5000000006','03',6830,6930,NULL,NULL,'Aktif','admin','2010-11-27 17:29:50','T'),('BG8513MI','5000000006','03',6740,6840,NULL,NULL,'Aktif','admin','2010-11-27 17:29:50','T'),('BG8562UE','5000000006','03',10180,10280,NULL,NULL,'Aktif','admin','2010-11-27 17:29:50','T'),('BG8601AU','5000000006','03',11170,11270,NULL,NULL,'Aktif','admin','2010-11-27 17:29:50','T'),('BG8601MJ','5000000006','03',11180,11280,NULL,NULL,'Aktif','admin','2010-11-27 17:29:50','T'),('BG8602MJ','5000000006','03',11680,11780,NULL,NULL,'Aktif','admin','2010-11-27 17:29:50','T'),('BG8690UA','5000000006','03',10810,10910,NULL,NULL,'Aktif','admin','2010-11-27 17:29:50','T'),('BG8783UB','5000000006','03',10690,10790,NULL,NULL,'Aktif','admin','2010-11-27 17:29:50','T'),('BG8821UB','5000000006','03',7040,7140,NULL,NULL,'Aktif','admin','2010-11-27 17:29:50','T'),('BG8872UF','5000000006','03',10630,10730,NULL,NULL,'Aktif','admin','2010-11-27 17:29:50','T'),('BG8904UB','5000000006','03',10180,10280,NULL,NULL,'Aktif','admin','2010-11-27 17:29:50','T'),('BG8905UB','5000000006','03',10350,10450,NULL,NULL,'Aktif','admin','2010-11-27 17:29:50','T'),('BG8906UB','5000000006','03',11290,11390,NULL,NULL,'Aktif','admin','2010-11-27 17:29:50','T'),('BG8917HU','5000000006','03',11500,11600,NULL,NULL,'Aktif','admin','2010-11-27 17:29:50','T'),('BG8979MI','5000000006','03',6870,6970,NULL,NULL,'Aktif','admin','2010-11-27 17:29:50','T'),('BG9791C','5000000006','03',3640,3740,NULL,NULL,'Aktif','admin','2010-11-27 17:29:50','T'),('BH8917HU','5000000006','03',11520,11620,NULL,NULL,'Aktif','admin','2010-11-27 17:29:50','T'),('BG4352MG','5000000010','03',7550,7650,NULL,NULL,'Aktif','admin','2010-11-27 17:29:50','T'),('BG4441MG','5000000010','03',7050,7150,NULL,NULL,'Aktif','admin','2010-11-27 17:29:50','T'),('B9854WV','5000000012','03',7500,7600,NULL,NULL,'Aktif','admin','2010-11-27 17:29:50','T'),('B9855WV','5000000012','03',7570,7670,NULL,NULL,'Aktif','admin','2010-11-27 17:29:50','T'),('BG8524LN','5000000017','03',6940,7040,NULL,NULL,'Aktif','admin','2010-11-27 17:29:50','T'),('BG8580LM','5000000017','03',6480,6580,NULL,NULL,'Aktif','admin','2010-11-27 17:29:50','T'),('B9249PJ','5000000023','03',6150,6250,NULL,NULL,'Aktif','admin','2010-11-27 17:29:50','T'),('B9534GB','5000000023','03',6280,6380,NULL,NULL,'Aktif','admin','2010-11-27 17:29:50','T'),('B9743NQ','5000000023','03',6040,6140,NULL,NULL,'Aktif','admin','2010-11-27 17:29:50','T'),('B9743NQ1','5000000023','03',6000,6100,NULL,NULL,'Aktif','admin','2010-11-27 17:29:50','T'),('B9946OB','5000000023','03',6230,6330,NULL,NULL,'Aktif','admin','2010-11-27 17:29:50','T'),('B9947OB','5000000023','03',6170,6270,NULL,NULL,'Aktif','admin','2010-11-27 17:29:50','T'),('B9979SQ','5000000023','03',6080,6180,NULL,NULL,'Aktif','admin','2010-11-27 17:29:50','T'),('BG8069FM','5000000023','03',7070,7170,NULL,NULL,'Aktif','admin','2010-11-27 17:29:50','T'),('BG8071FM','5000000023','03',6960,7060,NULL,NULL,'Aktif','admin','2010-11-27 17:29:50','T'),('BG4284MG','5000000024','03',7800,7900,NULL,NULL,'Aktif','admin','2010-11-27 17:29:50','T'),('BG4285MG','5000000024','03',7780,7880,NULL,NULL,'Aktif','admin','2010-11-27 17:29:50','T'),('BG4353MG','5000000024','03',7380,7480,NULL,NULL,'Aktif','admin','2010-11-27 17:29:50','T'),('BG4354MG','5000000024','03',7440,7540,NULL,NULL,'Aktif','admin','2010-11-27 17:29:50','T'),('BE4350AT','5000000011','03',2970,3070,NULL,NULL,'Aktif','admin','2010-11-27 17:29:50','T'),('BG4350AT','5000000012','03',2980,3080,NULL,NULL,'Aktif','admin','2010-11-27 17:29:50','T'),('BE4336AT','5000000014','03',2960,3060,NULL,NULL,'Aktif','admin','2010-11-27 17:29:50','T'),('B9349ZZ','5000000012','03',1380,1480,NULL,NULL,'Aktif','admin','2010-11-27 17:29:50','T'),('BE4444G','5000000012','03',3700,3800,NULL,NULL,'Aktif','admin','2010-11-27 17:29:50','T'),('BG4862FB','5000000012','03',3740,3840,NULL,NULL,'Aktif','admin','2010-11-27 17:29:50','T'),('BG8501Y','5000000012','03',3120,3220,NULL,NULL,'Aktif','admin','2010-11-27 17:29:50','T'),('BG9056Y','5000000012','03',1260,1360,NULL,NULL,'Aktif','admin','2010-11-27 17:29:50','T'),('BG9101Y','5000000012','03',3380,3480,NULL,NULL,'Aktif','admin','2010-11-27 17:29:50','T'),('BG9241Y','5000000012','03',1300,1400,NULL,NULL,'Aktif','admin','2010-11-27 17:29:50','T'),('BE4714GA','5000000012','03',3650,3750,NULL,NULL,'Aktif','admin','2010-11-27 17:29:50','T'),('BE9069AD','5000000012','03',2550,2650,NULL,NULL,'Aktif','admin','2010-11-27 17:29:50','T'),('BG8381MO','5000000005','03',3270,3370,NULL,NULL,'Aktif','admin','2010-11-27 17:29:50','T'),('BE9024BW','5000000009','03',3270,3370,NULL,NULL,'Aktif','admin','2010-11-27 17:29:50','T'),('BG4142MK','5000000009','03',3160,3260,NULL,NULL,'Aktif','admin','2010-11-27 17:29:50','T'),('B9239BO','5000000010','03',6520,6620,NULL,NULL,'Aktif','admin','2010-11-27 17:29:50','T'),('BE4256BD','5000000010','03',6410,6510,NULL,NULL,'Aktif','admin','2010-11-27 17:29:50','T'),('BE4264BD','5000000010','03',6440,6540,NULL,NULL,'Aktif','admin','2010-11-27 17:29:50','T'),('BE4265BD','5000000010','03',6400,6500,NULL,NULL,'Aktif','admin','2010-11-27 17:29:50','T'),('BE4276BB','5000000010','03',7370,7470,NULL,NULL,'Aktif','admin','2010-11-27 17:29:50','T'),('BE4283BB','5000000010','03',7430,7530,NULL,NULL,'Aktif','admin','2010-11-27 17:29:50','T'),('BE4407BD','5000000010','03',7040,7140,NULL,NULL,'Aktif','admin','2010-11-27 17:29:50','T'),('BE4621BC','5000000010','03',7250,7350,NULL,NULL,'Aktif','admin','2010-11-27 17:29:50','T'),('BE9095BT','5000000010','03',3300,3400,NULL,NULL,'Aktif','admin','2010-11-27 17:29:50','T'),('BE9109BN','5000000010','03',7400,7500,NULL,NULL,'Aktif','admin','2010-11-27 17:29:50','T'),('BE9121AO','5000000010','03',7590,7690,NULL,NULL,'Aktif','admin','2010-11-27 17:29:50','T'),('BE9127WA','5000000010','03',3590,3690,NULL,NULL,'Aktif','admin','2010-11-27 17:29:50','T'),('BE9190BK','5000000010','03',7600,7700,NULL,NULL,'Aktif','admin','2010-11-27 17:29:50','T'),('BE9256BF','5000000010','03',7620,7720,NULL,NULL,'Aktif','admin','2010-11-27 17:29:50','T'),('BE9266DO','5000000010','03',3270,3370,NULL,NULL,'Aktif','admin','2010-11-27 17:29:50','T'),('BE9275BF','5000000010','03',7080,7180,NULL,NULL,'Aktif','admin','2010-11-27 17:29:50','T'),('BE9346BN','5000000010','03',7710,7810,NULL,NULL,'Aktif','admin','2010-11-27 17:29:50','T'),('BE9391BN','5000000010','03',7930,8030,NULL,NULL,'Aktif','admin','2010-11-27 17:29:50','T'),('BE9425BO','5000000010','03',7710,7810,NULL,NULL,'Aktif','admin','2010-11-27 17:29:50','T'),('BE9430BG','5000000010','03',7570,7670,NULL,NULL,'Aktif','admin','2010-11-27 17:29:50','T'),('BG4060MM','5000000010','03',3410,3510,NULL,NULL,'Aktif','admin','2010-11-27 17:29:50','T'),('BG4574MG','5000000010','03',3450,3550,NULL,NULL,'Aktif','admin','2010-11-27 17:29:50','T'),('BG8067V','5000000010','03',3620,3720,NULL,NULL,'Aktif','admin','2010-11-27 17:29:50','T'),('BG8122AJ','5000000010','03',3210,3310,NULL,NULL,'Aktif','admin','2010-11-27 17:29:50','T'),('BG8133FM','5000000010','03',3730,3830,NULL,NULL,'Aktif','admin','2010-11-27 17:29:50','T'),('BG8215MO','5000000010','03',3430,3530,NULL,NULL,'Aktif','admin','2010-11-27 17:29:50','T'),('BG8216MO','5000000010','03',3260,3360,NULL,NULL,'Aktif','admin','2010-11-27 17:29:50','T'),('BG8314UB','5000000010','03',3390,3490,NULL,NULL,'Aktif','admin','2010-11-27 17:29:50','T'),('BG8364MQ','5000000010','03',3660,3760,NULL,NULL,'Aktif','admin','2010-11-27 17:29:50','T'),('BG8534AC','5000000010','03',3310,3410,NULL,NULL,'Aktif','admin','2010-11-27 17:29:50','T'),('BG8585RP','5000000010','03',3250,3350,NULL,NULL,'Aktif','admin','2010-11-27 17:29:50','T'),('BG8688F','5000000010','03',3520,3620,NULL,NULL,'Aktif','admin','2010-11-27 17:29:50','T'),('BG8778F','5000000010','03',3510,3610,NULL,NULL,'Aktif','admin','2010-11-27 17:29:50','T'),('BG8952MQ','5000000010','03',3590,3690,NULL,NULL,'Aktif','admin','2010-11-27 17:29:50','T'),('BG9117BN','5000000010','03',7530,7630,NULL,NULL,'Aktif','admin','2010-11-27 17:29:50','T'),('T8426F','5000000010','03',3190,3290,NULL,NULL,'Aktif','admin','2010-11-27 17:29:50','T'),('BE4643BF','5000000011','03',3930,4030,NULL,NULL,'Aktif','admin','2010-11-27 17:29:50','T'),('BE9115BN','5000000011','03',7450,7550,NULL,NULL,'Aktif','admin','2010-11-27 17:29:50','T'),('BE9117BN','5000000011','03',7530,7630,NULL,NULL,'Aktif','admin','2010-11-27 17:29:50','T'),('BE9532BF','5000000011','03',3820,3920,NULL,NULL,'Aktif','admin','2010-11-27 17:29:50','T'),('BG4123MH','5000000011','03',3610,3710,NULL,NULL,'Aktif','admin','2010-11-27 17:29:50','T'),('BG8429F','5000000011','03',3920,4020,NULL,NULL,'Aktif','admin','2010-11-27 17:29:50','T'),('BG9332BN','5000000011','03',3510,3610,NULL,NULL,'Aktif','admin','2010-11-27 17:29:50','T'),('B9499MI','5000000012','03',6450,6550,NULL,NULL,'Aktif','admin','2010-11-27 17:29:50','T'),('BE4403BC','5000000012','03',7410,7510,NULL,NULL,'Aktif','admin','2010-11-27 17:29:50','T'),('BE4426BD','5000000012','03',7030,7130,NULL,NULL,'Aktif','admin','2010-11-27 17:29:50','T'),('BE4431AT','5000000012','03',6780,6880,NULL,NULL,'Aktif','admin','2010-11-27 17:29:50','T'),('BE9026BG','5000000012','03',7690,7790,NULL,NULL,'Aktif','admin','2010-11-27 17:29:50','T'),('BE9067BR','5000000012','03',3280,3380,NULL,NULL,'Aktif','admin','2010-11-27 17:29:50','T'),('BE9109RN','5000000012','03',7490,7590,NULL,NULL,'Aktif','admin','2010-11-27 17:29:50','T'),('BE9125BN','5000000012','03',7560,7660,NULL,NULL,'Aktif','admin','2010-11-27 17:29:50','T'),('BE9127BN','5000000012','03',7670,7770,NULL,NULL,'Aktif','admin','2010-11-27 17:29:50','T'),('BE9141BC','5000000012','03',3510,3610,NULL,NULL,'Aktif','admin','2010-11-27 17:29:50','T'),('BE9194BK','5000000012','03',7580,7680,NULL,NULL,'Aktif','admin','2010-11-27 17:29:50','T'),('BE9280BF','5000000012','03',7730,7830,NULL,NULL,'Aktif','admin','2010-11-27 17:29:50','T'),('BE9284BF','5000000012','03',7560,7660,NULL,NULL,'Aktif','admin','2010-11-27 17:29:50','T'),('BE9305BO','5000000012','03',6370,6470,NULL,NULL,'Aktif','admin','2010-11-27 17:29:50','T'),('BE9361DP','5000000012','03',3380,3480,NULL,NULL,'Aktif','admin','2010-11-27 17:29:50','T'),('BE9425BB','5000000012','03',7720,7820,NULL,NULL,'Aktif','admin','2010-11-27 17:29:50','T'),('BE9457BN','5000000012','03',3320,3420,NULL,NULL,'Aktif','admin','2010-11-27 17:29:50','T'),('BE9872BQ','5000000012','03',7380,7480,NULL,NULL,'Aktif','admin','2010-11-27 17:29:50','T'),('BE9873BQ','5000000012','03',7430,7530,NULL,NULL,'Aktif','admin','2010-11-27 17:29:50','T'),('BG4922MH','5000000012','03',3390,3490,NULL,NULL,'Aktif','admin','2010-11-27 17:29:50','T'),('BG8112AJ','5000000012','03',3230,3330,NULL,NULL,'Aktif','admin','2010-11-27 17:29:50','T'),('BG8266FC','5000000012','03',7500,7600,NULL,NULL,'Aktif','admin','2010-11-27 17:29:50','T'),('BG8598MO','5000000012','03',3280,3380,NULL,NULL,'Aktif','admin','2010-11-27 17:29:50','T'),('BG8730MI','5000000012','03',3560,3660,NULL,NULL,'Aktif','admin','2010-11-27 17:29:50','T'),('BG8858MO','5000000012','03',3370,3470,NULL,NULL,'Aktif','admin','2010-11-27 17:29:50','T'),('BG9293BN','5000000012','03',3340,3440,NULL,NULL,'Aktif','admin','2010-11-27 17:29:50','T'),('BE9274ED','5000000022','03',7090,7190,NULL,NULL,'Aktif','admin','2010-11-27 17:29:50','T'),('BG8053LG','5000000009','03',3480,3580,NULL,NULL,'Aktif','admin','2010-11-27 17:29:50','T'),('BG8194UB','5000000009','03',3630,3730,NULL,NULL,'Aktif','admin','2010-11-27 17:29:50','T'),('BG8308UA','5000000009','03',3570,3670,NULL,NULL,'Aktif','admin','2010-11-27 17:29:50','T'),('BG8309UA','5000000009','03',3620,3720,NULL,NULL,'Aktif','admin','2010-11-27 17:29:50','T'),('BG8313UA','5000000009','03',3640,3740,NULL,NULL,'Aktif','admin','2010-11-27 17:29:50','T'),('BG8631UA','5000000009','03',3600,3700,NULL,NULL,'Aktif','admin','2010-11-27 17:29:50','T'),('BG8896MJ','5000000009','03',3640,3740,NULL,NULL,'Aktif','admin','2010-11-27 17:29:50','T'),('BG8897MJ','5000000009','03',3560,3660,NULL,NULL,'Aktif','admin','2010-11-27 17:29:50','T'),('B9329FO','5000000010','03',3560,3660,NULL,NULL,'Aktif','admin','2010-11-27 17:29:50','T'),('B9412LJ','5000000010','03',6310,6410,NULL,NULL,'Aktif','admin','2010-11-27 17:29:50','T'),('B9451ML','5000000010','03',6230,6330,NULL,NULL,'Aktif','admin','2010-11-27 17:29:50','T'),('BE4120GA','5000000010','03',6010,6110,NULL,NULL,'Aktif','admin','2010-11-27 17:29:50','T'),('BE4898AT','5000000010','03',6520,6620,NULL,NULL,'Aktif','admin','2010-11-27 17:29:50','T'),('BE9078FA','5000000010','03',6230,6330,NULL,NULL,'Aktif','admin','2010-11-27 17:29:50','T'),('BE9144WA','5000000010','03',3380,3480,NULL,NULL,'Aktif','admin','2010-11-27 17:29:50','T'),('BE9271WA','5000000010','03',3510,3610,NULL,NULL,'Aktif','admin','2010-11-27 17:29:50','T'),('BE9465BM','5000000010','03',7480,7580,NULL,NULL,'Aktif','admin','2010-11-27 17:29:50','T'),('BE9532BT','5000000010','03',3820,3920,NULL,NULL,'Aktif','admin','2010-11-27 17:29:50','T'),('BE9663FC','5000000010','03',6630,6730,NULL,NULL,'Aktif','admin','2010-11-27 17:29:50','T'),('BE9767BH','5000000010','03',7440,7540,NULL,NULL,'Aktif','admin','2010-11-27 17:29:50','T'),('BE9983GE','5000000010','03',6570,6670,NULL,NULL,'Aktif','admin','2010-11-27 17:29:50','T'),('BG4643BF','5000000010','03',3870,3970,NULL,NULL,'Aktif','admin','2010-11-27 17:29:50','T'),('BG4643FB','5000000010','03',3810,3910,NULL,NULL,'Aktif','admin','2010-11-27 17:29:50','T'),('BG4837FB','5000000010','03',3160,3260,NULL,NULL,'Aktif','admin','2010-11-27 17:29:50','T'),('BG4901FB','5000000010','03',2970,3070,NULL,NULL,'Aktif','admin','2010-11-27 17:29:50','T'),('BG4993FB','5000000010','03',7500,7600,NULL,NULL,'Aktif','admin','2010-11-27 17:29:50','T'),('BG8195UB','5000000010','03',3620,3720,NULL,NULL,'Aktif','admin','2010-11-27 17:29:50','T'),('BG8314UA','5000000010','03',3580,3680,NULL,NULL,'Aktif','admin','2010-11-27 17:29:50','T'),('BG8366FM','5000000010','03',3760,3860,NULL,NULL,'Aktif','admin','2010-11-27 17:29:50','T'),('BG8627UA','5000000010','03',3610,3710,NULL,NULL,'Aktif','admin','2010-11-27 17:29:50','T'),('BG8629UA','5000000010','03',3630,3730,NULL,NULL,'Aktif','admin','2010-11-27 17:29:50','T'),('BG8670F','5000000010','03',3790,3890,NULL,NULL,'Aktif','admin','2010-11-27 17:29:50','T'),('BG8788F','5000000010','03',6720,6820,NULL,NULL,'Aktif','admin','2010-11-27 17:29:50','T'),('BG8895MJ','5000000010','03',3600,3700,NULL,NULL,'Aktif','admin','2010-11-27 17:29:50','T'),('BG8989FA','5000000010','03',6810,6910,NULL,NULL,'Aktif','admin','2010-11-27 17:29:50','T'),('BG8997RT','5000000010','03',3700,3800,NULL,NULL,'Aktif','admin','2010-11-27 17:29:50','T'),('B9153FO','5000000011','03',3600,3700,NULL,NULL,'Aktif','admin','2010-11-27 17:29:51','T'),('BE9912BG','5000000011','03',7610,7710,NULL,NULL,'Aktif','admin','2010-11-27 17:29:51','T'),('BG4045MB','5000000011','03',3370,3470,NULL,NULL,'Aktif','admin','2010-11-27 17:29:51','T'),('BG4391DB','5000000011','03',3240,3340,NULL,NULL,'Aktif','admin','2010-11-27 17:29:51','T'),('BG4540MB','5000000011','03',3410,3510,NULL,NULL,'Aktif','admin','2010-11-27 17:29:51','T'),('BG4627AH','5000000011','03',3310,3410,NULL,NULL,'Aktif','admin','2010-11-27 17:29:51','T'),('BG4639MK','5000000011','03',3410,3510,NULL,NULL,'Aktif','admin','2010-11-27 17:29:51','T'),('BG4686ML','5000000011','03',3340,3440,NULL,NULL,'Aktif','admin','2010-11-27 17:29:51','T'),('BG4985FB','5000000011','03',3350,3450,NULL,NULL,'Aktif','admin','2010-12-01 14:17:33','T'),('BG8031AC','5000000011','03',3440,3540,NULL,NULL,'Aktif','admin','2010-11-27 17:29:51','T'),('BG8044FM','5000000011','03',3730,3830,NULL,NULL,'Aktif','admin','2010-11-27 17:29:51','T'),('BG8108UA','5000000011','03',3490,3590,NULL,NULL,'Aktif','admin','2010-11-27 17:29:51','T'),('BG8137W','5000000011','03',7490,7590,NULL,NULL,'Aktif','admin','2010-11-27 17:29:51','T'),('BG8208MC','5000000011','03',3790,3890,NULL,NULL,'Aktif','admin','2010-11-27 17:29:51','T'),('BG8209MC','5000000011','03',3700,3800,NULL,NULL,'Aktif','admin','2010-11-27 17:29:51','T'),('BG8297MQ','5000000011','03',3220,3320,NULL,NULL,'Aktif','admin','2010-11-27 17:29:51','T'),('BG8310UA','5000000011','03',3920,4020,NULL,NULL,'Aktif','admin','2010-11-27 17:29:51','T'),('BG8311UA','5000000011','03',3550,3650,NULL,NULL,'Aktif','admin','2010-11-27 17:29:51','T'),('BG8324F','5000000011','03',3250,3350,NULL,NULL,'Aktif','admin','2010-11-27 17:29:51','T'),('BG8419AI','5000000011','03',3400,3500,NULL,NULL,'Aktif','admin','2010-11-27 17:29:51','T'),('BG8427RN','5000000011','03',3300,3400,NULL,NULL,'Aktif','admin','2010-11-27 17:29:51','T'),('BG8439RP','5000000011','03',3510,3610,NULL,NULL,'Aktif','admin','2010-11-27 17:29:51','T'),('BG8459RP','5000000011','03',3500,3600,NULL,NULL,'Aktif','admin','2010-11-27 17:29:51','T'),('BG8485AJ','5000000011','03',3390,3490,NULL,NULL,'Aktif','admin','2010-11-27 17:29:51','T'),('BG8572MJ','5000000011','03',3510,3610,NULL,NULL,'Aktif','admin','2010-11-27 17:29:51','T'),('BG8573MJ','5000000011','03',3550,3650,NULL,NULL,'Aktif','admin','2010-11-27 17:29:51','T'),('BG8624F','5000000011','03',3270,3370,NULL,NULL,'Aktif','admin','2010-11-27 17:29:51','T'),('BG8624MJ','5000000011','03',3720,3820,NULL,NULL,'Aktif','admin','2010-11-27 17:29:51','T'),('BG8626UA','5000000011','03',3640,3740,NULL,NULL,'Aktif','admin','2010-11-27 17:29:51','T'),('BG8670RP','5000000011','03',3420,3520,NULL,NULL,'Aktif','admin','2010-11-27 17:29:51','T'),('BG8728UD','5000000011','03',3670,3770,NULL,NULL,'Aktif','admin','2010-11-27 17:29:51','T'),('BG8767AO','5000000011','03',3540,3640,NULL,NULL,'Aktif','admin','2010-11-27 17:29:51','T'),('BG8851MO','5000000011','03',3490,3590,NULL,NULL,'Aktif','admin','2010-11-27 17:29:51','T'),('BG8869AC','5000000011','03',3420,3520,NULL,NULL,'Aktif','admin','2010-11-27 17:29:51','T'),('BG8878F','5000000011','03',6720,6820,NULL,NULL,'Aktif','admin','2010-11-27 17:29:51','T'),('BG8892MJ','5000000011','03',3620,3720,NULL,NULL,'Aktif','admin','2010-11-27 17:29:51','T'),('BG8987MI','5000000011','03',3770,3870,NULL,NULL,'Aktif','admin','2010-11-27 17:29:51','T'),('BG8988MI','5000000011','03',3670,3770,NULL,NULL,'Aktif','admin','2010-11-27 17:29:51','T'),('BG8998RT','5000000011','03',3680,3780,NULL,NULL,'Aktif','admin','2010-11-27 17:29:51','T'),('B9083JS','5000000012','03',6260,6360,NULL,NULL,'Aktif','admin','2010-11-27 17:29:51','T'),('BE9272BN','5000000012','03',3320,3420,NULL,NULL,'Aktif','admin','2010-11-27 17:29:51','T'),('BE9317BN','5000000012','03',3400,3500,NULL,NULL,'Aktif','admin','2010-11-27 17:29:51','T'),('BE9816BN','5000000012','03',3440,3540,NULL,NULL,'Aktif','admin','2010-11-27 17:29:51','T'),('BG4066FB','5000000012','03',3550,3650,NULL,NULL,'Aktif','admin','2010-11-27 17:29:51','T'),('BG4110MM','5000000012','03',3430,3530,NULL,NULL,'Aktif','admin','2010-11-27 17:29:51','T'),('BG4685ML','5000000012','03',3420,3520,NULL,NULL,'Aktif','admin','2010-11-27 17:29:51','T'),('BG4690ML','5000000012','03',3350,3450,NULL,NULL,'Aktif','admin','2010-11-27 17:29:51','T'),('BG4970ML','5000000012','03',3420,3520,NULL,NULL,'Aktif','admin','2010-11-27 17:29:51','T'),('BG8064V','5000000012','03',3560,3660,NULL,NULL,'Aktif','admin','2010-11-27 17:29:51','T'),('BG8218FM','5000000012','03',3430,3530,NULL,NULL,'Aktif','admin','2010-11-27 17:29:51','T'),('BG8239UE','5000000012','03',3690,3790,NULL,NULL,'Aktif','admin','2010-11-27 17:29:51','T'),('BG8319RP','5000000012','03',3290,3390,NULL,NULL,'Aktif','admin','2010-11-27 17:29:51','T'),('BG8653UC','5000000012','03',3210,3310,NULL,NULL,'Aktif','admin','2010-11-27 17:29:51','T'),('BG8694D','5000000012','03',3670,3770,NULL,NULL,'Aktif','admin','2010-11-27 17:29:51','T'),('BG9918LF','5000000012','03',3400,3500,NULL,NULL,'Aktif','admin','2010-11-27 17:29:51','T'),('BE4355AU','5000000017','03',6510,6610,NULL,NULL,'Aktif','admin','2010-11-27 17:29:51','T'),('BE4677AC','5000000017','03',6450,6550,NULL,NULL,'Aktif','admin','2010-11-27 17:29:51','T'),('BE4678LC','5000000017','03',6330,6430,NULL,NULL,'Aktif','admin','2010-11-27 17:29:51','T'),('BE4685LC','5000000017','03',6350,6450,NULL,NULL,'Aktif','admin','2010-11-27 17:29:51','T'),('BE4732LB','5000000017','03',6410,6510,NULL,NULL,'Aktif','admin','2010-11-27 17:29:51','T'),('BE4976LA','5000000017','03',6430,6530,NULL,NULL,'Aktif','admin','2010-11-27 17:29:51','T'),('BE9014AU','5000000017','03',6190,6290,NULL,NULL,'Aktif','admin','2010-11-27 17:29:51','T'),('BE9074BH','5000000017','03',3240,3340,NULL,NULL,'Aktif','admin','2010-11-27 17:29:51','T'),('BE9199GD','5000000017','03',7080,7180,NULL,NULL,'Aktif','admin','2010-11-27 17:29:51','T'),('BE9471FC','5000000017','03',6210,6310,NULL,NULL,'Aktif','admin','2010-11-27 17:29:51','T'),('BE9605BS','5000000017','03',7300,7400,NULL,NULL,'Aktif','admin','2010-11-27 17:29:51','T'),('BE9651DO','5000000017','03',6460,6560,NULL,NULL,'Aktif','admin','2010-11-27 17:29:51','T'),('BG8216AC','5000000017','03',7130,7230,NULL,NULL,'Aktif','admin','2010-11-27 17:29:51','T'),('BG8266RG','5000000017','03',3340,3440,NULL,NULL,'Aktif','admin','2010-11-27 17:29:51','T'),('BG8312AJ','5000000016','03',3370,3470,NULL,NULL,'Aktif','admin','2010-11-27 17:29:51','T'),('BG8364MO','5000000023','03',3770,3870,NULL,NULL,'Aktif','admin','2010-11-27 17:29:51','T'),('BG4471AM4','5000000001','03',3520,3620,NULL,NULL,'Aktif','admin','2010-11-27 17:29:51','T'),('BG4471AM5','5000000001','03',3510,3610,NULL,NULL,'Aktif','admin','2010-11-27 17:29:51','T'),('BG4471AM6','5000000001','03',3510,3610,NULL,NULL,'Aktif','admin','2010-11-27 17:29:51','T'),('BG4471AM1','5000000012','03',3520,3620,NULL,NULL,'Aktif','admin','2010-11-27 17:29:51','T'),('BG8038FM','5000000021','03',3820,3920,NULL,NULL,'Aktif','admin','2010-11-27 17:29:51','T'),('BG4471AM','5000000023','03',3520,3620,NULL,NULL,'Aktif','admin','2010-11-27 17:29:51','T'),('BG4471AM.','5000000023','03',3520,3620,NULL,NULL,'Aktif','admin','2010-11-27 17:29:51','T'),('BG4471AM2','5000000023','03',3520,3620,NULL,NULL,'Aktif','admin','2010-11-27 17:29:51','T'),('BG4571MA','5000000023','03',3230,3330,NULL,NULL,'Aktif','admin','2010-11-27 17:29:51','T'),('BG4571MA.','5000000023','03',5800,5900,NULL,NULL,'Aktif','admin','2010-11-27 17:29:51','T'),('BG4571MA2','5000000023','03',3230,3330,NULL,NULL,'Aktif','admin','2010-11-27 17:29:51','T'),('BG8026MJ.','5000000023','03',3830,3930,NULL,NULL,'Aktif','admin','2010-11-27 17:29:51','T'),('BG8026MJ1','5000000023','03',3700,3800,NULL,NULL,'Aktif','admin','2010-11-27 17:29:51','T'),('BG8037FM','5000000023','03',3710,3810,NULL,NULL,'Aktif','admin','2010-11-27 17:29:51','T'),('BG8038FM1','5000000023','03',3820,3920,NULL,NULL,'Aktif','admin','2010-11-27 17:29:51','T'),('BG8194UB1','5000000010','03',3650,3750,NULL,NULL,'Aktif','admin','2010-11-27 17:29:51','T'),('Z8126HJ','5000000001','03',9570,9670,NULL,NULL,'Aktif','admin','2010-11-27 17:29:51','T'),('BD8077PK','5000000009','03',3470,3570,NULL,NULL,'Aktif','admin','2010-11-27 17:29:51','T'),('BD8635DG','5000000009','03',3360,3460,NULL,NULL,'Aktif','admin','2010-11-27 17:29:51','T'),('BE4021BC','5000000009','03',3200,3300,NULL,NULL,'Aktif','admin','2010-11-27 17:29:51','T'),('BE4574MG','5000000009','03',3420,3520,NULL,NULL,'Aktif','admin','2010-11-27 17:29:51','T'),('BG4084MK','5000000009','03',3280,3380,NULL,NULL,'Aktif','admin','2010-11-27 17:29:51','T'),('BG4108MH','5000000009','03',3260,3360,NULL,NULL,'Aktif','admin','2010-11-27 17:29:51','T'),('BG4114MI','5000000009','03',3260,3360,NULL,NULL,'Aktif','admin','2010-11-27 17:29:51','T'),('BG4117MF','5000000009','03',3330,3430,NULL,NULL,'Aktif','admin','2010-11-27 17:29:51','T'),('BG4451MK','5000000009','03',3510,3610,NULL,NULL,'Aktif','admin','2010-11-27 17:29:51','T'),('BG4547MG','5000000009','03',0,50,NULL,NULL,'Aktif','admin','2010-11-27 17:29:51','T'),('BG4622MK','5000000009','03',3530,3630,NULL,NULL,'Aktif','admin','2010-11-27 17:29:51','T'),('BG4623MK','5000000009','03',3520,3620,NULL,NULL,'Aktif','admin','2010-11-27 17:29:51','T'),('BG4703ME','5000000009','03',3430,3530,NULL,NULL,'Aktif','admin','2010-11-27 17:29:51','T'),('BG4711MF','5000000009','03',3300,3400,NULL,NULL,'Aktif','admin','2010-11-27 17:29:51','T'),('BG4759MK','5000000009','03',3430,3530,NULL,NULL,'Aktif','admin','2010-11-27 17:29:51','T'),('BG4759NK','5000000009','03',3420,3520,NULL,NULL,'Aktif','admin','2010-11-27 17:29:51','T'),('BG4809MF','5000000009','03',3150,3250,NULL,NULL,'Aktif','admin','2010-11-27 17:29:51','T'),('BG8000SP','5000000009','03',3490,3590,NULL,NULL,'Aktif','admin','2010-11-27 17:29:51','T'),('BG8010SP','5000000009','03',3530,3630,NULL,NULL,'Aktif','admin','2010-11-27 17:29:51','T'),('BG8014RT','5000000009','03',3240,3340,NULL,NULL,'Aktif','admin','2010-11-27 17:29:51','T'),('BG8016UE','5000000009','03',4010,4110,NULL,NULL,'Aktif','admin','2010-11-27 17:29:51','T'),('BG8018SP','5000000009','03',3460,3560,NULL,NULL,'Aktif','admin','2010-11-27 17:29:51','T'),('BG8019SP','5000000009','03',3420,3520,NULL,NULL,'Aktif','admin','2010-11-27 17:29:51','T'),('BG8025FM','5000000009','03',3360,3460,NULL,NULL,'Aktif','admin','2010-11-27 17:29:51','T'),('BG8028RT','5000000009','03',2970,3070,NULL,NULL,'Aktif','admin','2010-11-27 17:29:51','T'),('BG8029RT','5000000009','03',3010,3110,NULL,NULL,'Aktif','admin','2010-11-27 17:29:51','T'),('BG8055MU','5000000009','03',3890,3990,NULL,NULL,'Aktif','admin','2010-11-27 17:29:51','T'),('BG8065MI','5000000009','03',3400,3500,NULL,NULL,'Aktif','admin','2010-11-27 17:29:51','T'),('BG8080SP','5000000009','03',3570,3670,NULL,NULL,'Aktif','admin','2010-11-27 17:29:51','T'),('BG8100SP','5000000009','03',3490,3590,NULL,NULL,'Aktif','admin','2010-11-27 17:29:51','T'),('BG8123MO','5000000009','03',3010,3110,NULL,NULL,'Aktif','admin','2010-11-27 17:29:51','T'),('BG8124MO','5000000009','03',3110,3210,NULL,NULL,'Aktif','admin','2010-11-27 17:29:51','T'),('BG8130UA','5000000009','03',3510,3610,NULL,NULL,'Aktif','admin','2010-11-27 17:29:51','T'),('BG8132UE','5000000009','03',3880,3980,NULL,NULL,'Aktif','admin','2010-11-27 17:29:51','T'),('BG8181AO','5000000009','03',3430,3530,NULL,NULL,'Aktif','admin','2010-11-27 17:29:51','T'),('BG8194AJ','5000000009','03',3380,3480,NULL,NULL,'Aktif','admin','2010-11-27 17:29:51','T'),('BG8196AJ','5000000009','03',3350,3450,NULL,NULL,'Aktif','admin','2010-11-27 17:29:51','T'),('BG8196UA','5000000009','03',3680,3780,NULL,NULL,'Aktif','admin','2010-11-27 17:29:51','T'),('BG8198UA','5000000009','03',3840,3940,NULL,NULL,'Aktif','admin','2010-11-27 17:29:51','T'),('BG8209MI','5000000009','03',3740,3840,NULL,NULL,'Aktif','admin','2010-11-27 17:29:51','T'),('BG8211MI','5000000009','03',3720,3820,NULL,NULL,'Aktif','admin','2010-11-27 17:29:51','T'),('BG8221MO','5000000009','03',3530,3630,NULL,NULL,'Aktif','admin','2010-11-27 17:29:51','T'),('BG8233AJ','5000000009','03',3250,3350,NULL,NULL,'Aktif','admin','2010-11-27 17:29:51','T'),('BG8234SP','5000000009','03',3650,3750,NULL,NULL,'Aktif','admin','2010-11-27 17:29:51','T'),('BG8306UA','5000000009','03',3570,3670,NULL,NULL,'Aktif','admin','2010-11-27 17:29:51','T'),('BG8312UA','5000000009','03',3530,3630,NULL,NULL,'Aktif','admin','2010-11-27 17:29:51','T'),('BG8314UA1','5000000009','03',3620,3720,NULL,NULL,'Aktif','admin','2010-11-27 17:29:51','T'),('BG8326UE','5000000009','03',3930,4030,NULL,NULL,'Aktif','admin','2010-11-27 17:29:51','T'),('BG8327UE','5000000009','03',4070,4170,NULL,NULL,'Aktif','admin','2010-11-27 17:29:51','T'),('BG8338MO','5000000009','03',3410,3510,NULL,NULL,'Aktif','admin','2010-11-27 17:29:51','T'),('BG8356MO','5000000009','03',3590,3690,NULL,NULL,'Aktif','admin','2010-11-27 17:29:51','T'),('BG8361RT','5000000009','03',3250,3350,NULL,NULL,'Aktif','admin','2010-11-27 17:29:51','T'),('BG8377LN','5000000009','03',3160,3260,NULL,NULL,'Aktif','admin','2010-11-27 17:29:51','T'),('BG8388SP','5000000009','03',3620,3720,NULL,NULL,'Aktif','admin','2010-11-27 17:29:51','T'),('BG8431UB','5000000009','03',3480,3580,NULL,NULL,'Aktif','admin','2010-11-27 17:29:51','T'),('BG8466AC','5000000009','03',3370,3470,NULL,NULL,'Aktif','admin','2010-11-27 17:29:51','T'),('BG8467K','5000000009','03',3250,3350,NULL,NULL,'Aktif','admin','2010-11-27 17:29:51','T'),('BG8469UF','5000000009','03',3480,3580,NULL,NULL,'Aktif','admin','2010-11-27 17:29:51','T'),('BG8470UF','5000000009','03',3430,3530,NULL,NULL,'Aktif','admin','2010-11-27 17:29:51','T'),('BG8492UE','5000000009','03',3460,3560,NULL,NULL,'Aktif','admin','2010-11-27 17:29:51','T'),('BG8504UD','5000000009','03',3470,3570,NULL,NULL,'Aktif','admin','2010-11-27 17:29:51','T'),('BG8505UD','5000000009','03',3420,3520,NULL,NULL,'Aktif','admin','2010-11-27 17:29:51','T'),('BG8530MQ','5000000009','03',3520,3620,NULL,NULL,'Aktif','admin','2010-11-27 17:29:51','T'),('BG8536MO','5000000009','03',3570,3670,NULL,NULL,'Aktif','admin','2010-11-27 17:29:51','T'),('BG8536UE','5000000009','03',3960,4060,NULL,NULL,'Aktif','admin','2010-11-27 17:29:51','T'),('BG8568AC','5000000009','03',3470,3570,NULL,NULL,'Aktif','admin','2010-11-27 17:29:51','T'),('BG8576UE','5000000009','03',3520,3620,NULL,NULL,'Aktif','admin','2010-11-27 17:29:51','T'),('BG8581AJ','5000000009','03',3450,3550,NULL,NULL,'Aktif','admin','2010-11-27 17:29:51','T'),('BG8582AJ','5000000009','03',3260,3360,NULL,NULL,'Aktif','admin','2010-11-27 17:29:51','T'),('BG8585SP','5000000009','03',0,50,NULL,NULL,'Aktif','admin','2010-11-27 17:29:51','T'),('BG8586SP','5000000009','03',3670,3770,NULL,NULL,'Aktif','admin','2010-11-27 17:29:51','T'),('BG8622MQ','5000000009','03',3450,3550,NULL,NULL,'Aktif','admin','2010-11-27 17:29:51','T'),('BG8623UA','5000000009','03',3640,3740,NULL,NULL,'Aktif','admin','2010-11-27 17:29:51','T'),('BG8630UA1','5000000009','03',3630,3730,NULL,NULL,'Aktif','admin','2010-11-27 17:29:51','T'),('BG8667RP','5000000009','03',3310,3410,NULL,NULL,'Aktif','admin','2010-11-27 17:29:51','T'),('BG8706AO','5000000009','03',3300,3400,NULL,NULL,'Aktif','admin','2010-11-27 17:29:51','T'),('BG8752MO','5000000009','03',3570,3670,NULL,NULL,'Aktif','admin','2010-11-27 17:29:51','T'),('BG8772MJ','5000000009','03',3310,3410,NULL,NULL,'Aktif','admin','2010-11-27 17:29:51','T'),('BG8774SP','5000000009','03',3730,3830,NULL,NULL,'Aktif','admin','2010-11-27 17:29:51','T'),('BG8775SP','5000000009','03',3690,3790,NULL,NULL,'Aktif','admin','2010-11-27 17:29:51','T'),('BG8800SP','5000000009','03',3680,3780,NULL,NULL,'Aktif','admin','2010-11-27 17:29:51','T'),('BG8805MU','5000000009','03',3890,3990,NULL,NULL,'Aktif','admin','2010-11-27 17:29:51','T'),('BG8838SP','5000000009','03',3570,3670,NULL,NULL,'Aktif','admin','2010-11-27 17:29:51','T'),('BG8867RP','5000000009','03',3310,3410,NULL,NULL,'Aktif','admin','2010-11-27 17:29:51','T'),('BG8873SP','5000000009','03',3640,3740,NULL,NULL,'Aktif','admin','2010-11-27 17:29:51','T'),('BG8879AI','5000000009','03',3120,3220,NULL,NULL,'Aktif','admin','2010-11-27 17:29:51','T'),('BG8882SP','5000000009','03',3620,3720,NULL,NULL,'Aktif','admin','2010-11-27 17:29:51','T'),('BG8890MJ','5000000009','03',3590,3690,NULL,NULL,'Aktif','admin','2010-11-27 17:29:51','T'),('BG8892MJ1','5000000009','03',3570,3670,NULL,NULL,'Aktif','admin','2010-11-27 17:29:51','T'),('BG8899SP','5000000009','03',3690,3790,NULL,NULL,'Aktif','admin','2010-11-27 17:29:51','T'),('BG8900SP','5000000009','03',3680,3780,NULL,NULL,'Aktif','admin','2010-11-27 17:29:51','T'),('BG8919US','5000000009','03',3460,3560,NULL,NULL,'Aktif','admin','2010-11-27 17:29:51','T'),('BG8937UD','5000000009','03',4000,4100,NULL,NULL,'Aktif','admin','2010-11-27 17:29:51','T'),('BG8958UD','5000000009','03',3950,4050,NULL,NULL,'Aktif','admin','2010-11-27 17:29:51','T'),('BG8959UD','5000000009','03',3960,4060,NULL,NULL,'Aktif','admin','2010-11-27 17:29:51','T'),('BG8965AI','5000000009','03',3310,3410,NULL,NULL,'Aktif','admin','2010-11-27 17:29:51','T'),('BG8965UC','5000000009','03',3410,3510,NULL,NULL,'Aktif','admin','2010-11-27 17:29:51','T'),('BG8965UL','5000000009','03',3420,3520,NULL,NULL,'Aktif','admin','2010-11-27 17:29:51','T'),('BG8966MJ','5000000009','03',3770,3870,NULL,NULL,'Aktif','admin','2010-11-27 17:29:51','T'),('BG8966UC','5000000009','03',3420,3520,NULL,NULL,'Aktif','admin','2010-11-27 17:29:51','T'),('BG8967RF','5000000009','03',3450,3550,NULL,NULL,'Aktif','admin','2010-11-27 17:29:51','T'),('BG8967UC','5000000009','03',3290,3390,NULL,NULL,'Aktif','admin','2010-11-27 17:29:51','T'),('BG8968RF','5000000009','03',3390,3490,NULL,NULL,'Aktif','admin','2010-11-27 17:29:51','T'),('BG8969RF','5000000009','03',3430,3530,NULL,NULL,'Aktif','admin','2010-11-27 17:29:51','T'),('BG8988RF','5000000009','03',3360,3460,NULL,NULL,'Aktif','admin','2010-11-27 17:29:51','T'),('BG8998MQ','5000000009','03',3430,3530,NULL,NULL,'Aktif','admin','2010-11-27 17:29:51','T'),('BE4240B','5000000010','03',10030,10130,NULL,NULL,'Aktif','admin','2010-11-27 17:29:51','T'),('BE9170WA','5000000010','03',9210,9310,NULL,NULL,'Aktif','admin','2010-12-01 16:14:12','T'),('BE9310BG','5000000010','03',6640,6740,NULL,NULL,'Aktif','admin','2010-11-27 17:29:51','T'),('BG4061AS','5000000010','03',3180,3280,NULL,NULL,'Aktif','admin','2010-11-27 17:29:51','T'),('BG4114ML','5000000010','03',3300,3400,NULL,NULL,'Aktif','admin','2010-11-27 17:29:51','T'),('BG4156MF','5000000010','03',10280,10380,NULL,NULL,'Aktif','admin','2010-11-30 02:39:57','T'),('BG4232AT','5000000010','03',3240,3340,NULL,NULL,'Aktif','admin','2010-11-27 17:29:51','T'),('BG4233AT','5000000010','03',3220,3320,NULL,NULL,'Aktif','admin','2010-11-27 17:29:51','T'),('BG4260ML','5000000010','03',3300,3400,NULL,NULL,'Aktif','admin','2010-11-27 17:29:51','T'),('BG4357AN','5000000010','03',3240,3340,NULL,NULL,'Aktif','admin','2010-11-27 17:29:51','T'),('BG4542MF','5000000010','03',3280,3380,NULL,NULL,'Aktif','admin','2010-11-27 17:29:51','T'),('BG4741DK','5000000010','03',8230,8330,NULL,NULL,'Aktif','admin','2010-11-27 17:29:51','T'),('BG4860FB','5000000010','03',0,50,NULL,NULL,'Aktif','admin','2010-11-27 17:29:51','T'),('BG4961MF','5000000010','03',3520,3620,NULL,NULL,'Aktif','admin','2010-11-27 17:29:51','T'),('BG8001SP','5000000010','03',3530,3630,NULL,NULL,'Aktif','admin','2010-11-27 17:29:51','T'),('BG8107MQ','5000000010','03',3170,3270,NULL,NULL,'Aktif','admin','2010-11-27 17:29:51','T'),('BG8118FS','5000000010','03',10460,10560,NULL,NULL,'Aktif','admin','2010-12-01 07:54:43','T'),('BG8138UB','5000000010','03',3420,3520,NULL,NULL,'Aktif','admin','2010-11-27 17:29:51','T'),('BG8181PG','5000000010','03',3790,3890,NULL,NULL,'Aktif','admin','2010-11-27 17:29:51','T'),('BG8193AC','5000000010','03',3580,3680,NULL,NULL,'Aktif','admin','2010-11-27 17:29:51','T'),('BG8293AC','5000000010','03',3330,3430,NULL,NULL,'Aktif','admin','2010-11-27 17:29:51','T'),('BG8307UA','5000000010','03',3560,3660,NULL,NULL,'Aktif','admin','2010-11-27 17:29:51','T'),('BG8347UE','5000000010','03',3560,3660,NULL,NULL,'Aktif','admin','2010-11-27 17:29:51','T'),('BG8521FM','5000000010','03',11270,11370,NULL,NULL,'Aktif','admin','2010-12-01 18:13:11','T'),('BG8522FM','5000000010','03',11460,11560,NULL,NULL,'Aktif','admin','2010-12-01 18:04:32','T'),('BG8562AC','5000000010','03',3370,3470,NULL,NULL,'Aktif','admin','2010-11-27 17:29:51','T'),('BG8570AC','5000000010','03',3360,3460,NULL,NULL,'Aktif','admin','2010-11-27 17:29:51','T'),('BG8584SP','5000000010','03',3630,3730,NULL,NULL,'Aktif','admin','2010-11-27 17:29:51','T'),('BG8604AO','5000000010','03',3370,3470,NULL,NULL,'Aktif','admin','2010-11-27 17:29:51','T'),('BG8624UA','5000000010','03',3620,3720,NULL,NULL,'Aktif','admin','2010-11-27 17:29:51','T'),('BG8630UA','5000000010','03',3630,3730,NULL,NULL,'Aktif','admin','2010-11-27 17:29:51','T'),('BG8661MQ','5000000010','03',3450,3550,NULL,NULL,'Aktif','admin','2010-11-27 17:29:51','T'),('BG8668MQ','5000000010','03',3570,3670,NULL,NULL,'Aktif','admin','2010-11-27 17:29:51','T'),('BG8858LN','5000000010','03',3470,3570,NULL,NULL,'Aktif','admin','2010-11-27 17:29:51','T'),('BG8883SP','5000000010','03',3610,3710,NULL,NULL,'Aktif','admin','2010-11-27 17:29:51','T'),('BG8893MJ','5000000010','03',3600,3700,NULL,NULL,'Aktif','admin','2010-11-27 17:29:51','T'),('BG8964AI','5000000010','03',3410,3510,NULL,NULL,'Aktif','admin','2010-11-27 17:29:51','T'),('BG8625UA','5000000011','03',3620,3720,NULL,NULL,'Aktif','admin','2010-11-27 17:29:51','T'),('BG8628UA','5000000011','03',3640,3740,NULL,NULL,'Aktif','admin','2010-11-27 17:29:51','T'),('BG8894MJ','5000000011','03',3600,3700,NULL,NULL,'Aktif','admin','2010-11-27 17:29:51','T'),('BG8901MJ','5000000011','03',3590,3690,NULL,NULL,'Aktif','admin','2010-11-27 17:29:51','T'),('BG8902MJ','5000000011','03',3610,3710,NULL,NULL,'Aktif','admin','2010-11-27 17:29:51','T'),('BE9102BK','5000000012','03',9580,9680,NULL,NULL,'Aktif','admin','2010-11-27 17:29:51','T'),('BG8680AC','5000000012','03',3160,3260,NULL,NULL,'Aktif','admin','2010-11-27 17:29:51','T'),('BG878AC','5000000012','03',9810,9910,NULL,NULL,'Aktif','admin','2010-11-27 17:29:51','T'),('BG8860MQ','5000000012','03',11500,11600,NULL,NULL,'Aktif','admin','2010-12-01 18:11:40','T'),('BG4670AS','','03',3330,3430,NULL,NULL,'Aktif','admin','2010-11-27 17:29:51','T'),('BG4954ML','','03',3480,3580,NULL,NULL,'Aktif','admin','2010-11-27 17:29:51','T'),('BD8438AO','5000000021','03',10570,10670,NULL,NULL,'Aktif','admin','2010-11-27 17:29:51','T'),('BG8438AO','5000000021','03',10500,10600,NULL,NULL,'Aktif','admin','2010-11-27 17:29:51','T'),('BE4320AU1','5000000022','03',0,50,NULL,NULL,'Aktif','admin','2010-11-27 17:29:51','T'),('BE9097WA','5000000022','03',9420,9520,NULL,NULL,'Aktif','admin','2010-12-01 10:12:55','T'),('BE4320AU','5000000023','03',9240,9340,NULL,NULL,'Aktif','admin','2010-11-27 17:29:51','T'),('BE4675B1','5000000023','03',10900,11000,NULL,NULL,'Aktif','admin','2010-11-27 17:29:51','T'),('BE4731B1','5000000023','03',3900,4000,NULL,NULL,'Aktif','admin','2010-11-27 17:29:51','T'),('BE4741DK','5000000023','03',9260,9360,NULL,NULL,'Aktif','admin','2010-11-27 17:29:51','T'),('BG4156FM','5000000023','03',10100,10200,NULL,NULL,'Aktif','admin','2010-11-27 17:29:51','T'),('BG4294NB','5000000023','03',7290,7390,NULL,NULL,'Aktif','admin','2010-11-27 17:29:51','T'),('BG4365FB','5000000023','03',8170,8270,NULL,NULL,'Aktif','admin','2010-12-01 15:35:30','T'),('BG4794MK1','5000000023','03',10260,10360,NULL,NULL,'Aktif','admin','2010-11-27 17:29:51','T'),('BG4891FB','5000000023','03',8050,8150,NULL,NULL,'Aktif','admin','2010-12-01 13:11:03','T'),('BG4891FB1','5000000023','03',8100,8200,NULL,NULL,'Aktif','admin','2010-11-27 17:29:51','T'),('BG4908FB','5000000023','03',10830,10930,NULL,NULL,'Aktif','admin','2010-12-01 08:01:17','T'),('BG8431F','5000000023','03',1800,1900,NULL,NULL,'Aktif','admin','2010-11-27 17:29:51','T'),('BG8957F','5000000023','03',8430,8530,NULL,NULL,'Aktif','admin','2010-11-27 17:29:51','T'),('BG9202K','5000000023','03',0,50,NULL,NULL,'Aktif','admin','2010-12-23 12:16:46','T'),('BE9170WA1','5000000001','03',3140,3240,NULL,NULL,'Aktif','admin','2010-11-27 17:29:51','T'),('BG4148FA','5000000001','03',3570,3670,NULL,NULL,'Aktif','admin','2010-11-27 17:29:51','T'),('BG8348FT','5000000001','03',3620,3720,NULL,NULL,'Aktif','admin','2010-12-01 17:43:55','T'),('BG8673F2','5000000001','03',3940,4040,NULL,NULL,'Aktif','admin','2010-11-27 17:29:51','T'),('BG8860MQ1','5000000001','03',3390,3490,NULL,NULL,'Aktif','admin','2010-11-27 17:29:51','T'),('BG8968F','5000000001','03',3840,3940,NULL,NULL,'Aktif','admin','2010-11-27 17:29:51','T'),('B9946SD','5000000010','03',6420,6520,NULL,NULL,'Aktif','admin','2010-11-27 17:29:51','T'),('BE4316BC','5000000010','03',3310,3410,NULL,NULL,'Aktif','admin','2010-11-27 17:29:51','T'),('BE4406AN','5000000010','03',6460,6560,NULL,NULL,'Aktif','admin','2010-11-27 17:29:51','T'),('BE9170WAF1','5000000010','03',3180,3280,NULL,NULL,'Aktif','admin','2010-11-27 17:29:51','T'),('BE9204BF','5000000010','03',3800,3900,NULL,NULL,'Aktif','admin','2010-11-27 17:29:51','T'),('BG8804F','5000000010','03',3540,3640,NULL,NULL,'Aktif','admin','2010-11-27 17:29:51','T'),('BG8989V','5000000010','03',3630,3730,NULL,NULL,'Aktif','admin','2010-11-27 17:29:51','T'),('BE9015FC','5000000012','03',6510,6610,NULL,NULL,'Aktif','admin','2010-11-27 17:29:51','T'),('BG8424B','5000000012','03',3440,3540,NULL,NULL,'Aktif','admin','2010-11-27 17:29:51','T'),('8038FM','5000000023','03',3370,3470,NULL,NULL,'Aktif','admin','2010-11-27 17:29:51','T'),('AG4791RC','5000000023','03',3650,3750,NULL,NULL,'Aktif','admin','2010-11-28 17:08:54','Y'),('AG4891RC','5000000023','03',3670,3770,NULL,NULL,'Aktif','admin','2010-11-27 17:29:51','T'),('AG7491RC','5000000023','03',3690,3790,NULL,NULL,'Aktif','admin','2010-11-27 17:29:51','T'),('BG4148FA1','5000000023','03',3570,3670,NULL,NULL,'Aktif','admin','2010-11-27 17:29:51','T'),('BG4264FG','5000000023','03',3650,3750,NULL,NULL,'Aktif','admin','2010-11-27 17:29:51','T'),('BG4342MB.','5000000023','03',0,50,NULL,NULL,'Aktif','admin','2010-11-27 17:29:51','T'),('BG4342MB1','5000000023','03',3660,3760,NULL,NULL,'Aktif','admin','2010-11-27 17:29:51','T'),('BG4342MB9','5000000023','03',3640,3740,NULL,NULL,'Aktif','admin','2010-11-27 17:29:51','T'),('BG4568EB1','5000000023','03',3370,3470,NULL,NULL,'Aktif','admin','2010-11-27 17:29:51','T'),('BG4571M','5000000023','03',3180,3280,NULL,NULL,'Aktif','admin','2010-11-27 17:29:51','T'),('BG4571MA1','5000000023','03',6590,6690,NULL,NULL,'Aktif','admin','2010-11-27 17:29:51','T'),('BG4571MF1','5000000023','03',3180,3280,NULL,NULL,'Aktif','admin','2010-11-27 17:29:51','T'),('BG4627ML1','5000000023','03',3620,3720,NULL,NULL,'Aktif','admin','2010-11-27 17:29:51','T'),('BG4670FB','5000000023','03',3340,3440,NULL,NULL,'Aktif','admin','2010-11-27 17:29:51','T'),('BG4771AM','5000000023','03',3570,3670,NULL,NULL,'Aktif','admin','2010-11-27 17:29:51','T'),('BG8037F','5000000023','03',3390,3490,NULL,NULL,'Aktif','admin','2010-11-27 17:29:51','T'),('BG8037F2','5000000023','03',3410,3510,NULL,NULL,'Aktif','admin','2010-11-27 17:29:51','T'),('BG8037FM0','5000000023','03',3370,3470,NULL,NULL,'Aktif','admin','2010-11-27 17:29:51','T'),('BG8037FM1','5000000023','03',3710,3810,NULL,NULL,'Aktif','admin','2010-11-27 17:29:51','T'),('BG8037FM2','5000000023','03',3410,3510,NULL,NULL,'Aktif','admin','2010-11-27 17:29:51','T'),('BG8038F','5000000023','03',3500,3600,NULL,NULL,'Aktif','admin','2010-11-27 17:29:51','T'),('BG8038FM9','5000000023','03',5960,6060,NULL,NULL,'Aktif','admin','2010-11-27 17:29:51','T'),('BG8404UB1','5000000023','03',5890,5990,NULL,NULL,'Aktif','admin','2010-11-27 17:29:51','T'),('BG8405F1','5000000023','03',3480,3580,NULL,NULL,'Aktif','admin','2010-11-27 17:29:51','T'),('BG8672F1','5000000023','03',3970,4070,NULL,NULL,'Aktif','admin','2010-11-27 17:29:51','T'),('BG8689LN1','5000000023','03',3940,4040,NULL,NULL,'Aktif','admin','2010-11-27 17:29:51','T'),('BG8781MI1','5000000023','03',3850,3950,NULL,NULL,'Aktif','admin','2010-11-27 17:29:51','T'),('BG8792F1','5000000023','03',3540,3640,NULL,NULL,'Aktif','admin','2010-11-27 17:29:51','T'),('BG8793F1','5000000023','03',3570,3670,NULL,NULL,'Aktif','admin','2010-11-27 17:29:51','T'),('BG8794F.','5000000023','03',3540,3640,NULL,NULL,'Aktif','admin','2010-11-27 17:29:51','T'),('BG8794F1','5000000023','03',3580,3680,NULL,NULL,'Aktif','admin','2010-11-27 17:29:51','T'),('BG8796F1','5000000023','03',3570,3670,NULL,NULL,'Aktif','admin','2010-11-27 17:29:51','T'),('E8231KB1','5000000023','03',3750,3850,NULL,NULL,'Aktif','admin','2010-11-27 17:29:51','T'),('BE9312EU','5000000021','03',4000,5000,'','',NULL,'admin','2010-11-30 03:13:07','T'),('BE9702WA','5000000021','03',4000,5000,'','',NULL,'admin','2010-11-30 03:31:16','T'),('BG8131D','5000000015','03',4000,5000,'','',NULL,'admin','2010-11-30 03:45:15','T'),('BE9689WA','5000000021','03',4000,5000,'','',NULL,'admin','2010-12-01 17:33:58','T'),('BE9632BF','5000000010','03',3500,4000,'','',NULL,'ptp.ma','2010-12-01 03:26:42','T'),('BG4842FB','5000000014','02',4000,4500,'','',NULL,'ptp.ma','2010-12-01 07:45:49','T'),('BG8008XL','5000000001','03',3500,4000,'','',NULL,'ptp.ma','2010-12-01 13:56:57','T'),('BG8009XL','5000000010','03',3500,4000,'','',NULL,'ptp.ma','2010-12-01 14:05:24','T'),('B9725D','5000000010','01',3500,4000,'','',NULL,'ptp.ma','2010-12-01 06:47:32','T'),('BG8542FM','5000000001','03',3400,4000,'','',NULL,'ptp.ma','2010-12-01 15:44:50','T'),('BG8968D','5000000001','01',3500,4000,'','',NULL,'ptp.ma','2010-12-01 07:39:37','T'),('BE4780AS','5000000001','01',3400,4000,'','',NULL,'ptp.ma','2010-12-01 08:56:49','T'),('D8504CH','5000000001','01',3500,4000,'','',NULL,'ptp.ma','2010-12-01 10:11:23','T'),('BG8544FM','5000000001','03',3400,4000,'','',NULL,'ptp.ma','2010-12-01 13:14:04','T'),('BE9671WA','5000000001','01',3400,4000,'','',NULL,'ptp.ma','2010-12-01 13:24:46','T'),('BG8667MQ','5000000022','01',3500,4000,'','',NULL,'ptp.ma','2010-12-01 13:36:52','T'),('BG4827FB','5000000022','01',3500,4000,'','',NULL,'ptp.ma','2010-12-01 13:58:39','T'),('BG8545FM','5000000001','03',3500,4000,'','',NULL,'ptp.ma','2010-12-01 15:41:26','T'),('BE4192AV','5000000021','01',3500,4000,'','',NULL,'ptp.ma','2010-12-01 17:36:28','T'),('BG9821LF','5000000001','01',3500,4000,'','',NULL,'ptp.ma','2010-12-01 16:17:35','T'),('BK9843SF','5000000021','01',3500,4000,'','',NULL,'ptp.ma','2010-12-01 17:57:20','T'),('BK9711BI','5000000021','01',3500,4000,'','',NULL,'ptp.ma','2010-12-01 17:48:15','T'),('BG8299FM','5000000001','01',3500,4000,'','',NULL,'ptp.ma','2010-12-01 17:29:26','T'),('D9602VA','5000000022','01',3500,4000,'','',NULL,'ptp.ma','2010-12-01 18:15:01','T'),('BG4924FB','5000000001','01',3500,4000,'','',NULL,'ptp.ma','2010-12-01 18:16:45','T'),('BG8543FM','5000000001','03',3500,4000,'','',NULL,'ptp.ma','2010-12-01 19:33:57','T'),('TES111','5000000001','01',3500,4000,'','',NULL,'ptp.ma','2010-12-23 13:02:27','T');
/*!40000 ALTER TABLE `msvehicle` ENABLE KEYS */;
UNLOCK TABLES;

--
-- Table structure for table `msvehtype`
--

DROP TABLE IF EXISTS `msvehtype`;
SET @saved_cs_client     = @@character_set_client;
SET character_set_client = utf8;
CREATE TABLE `msvehtype` (
  `VEHTYPECODE` char(2) NOT NULL,
  `VEHTYPENAME` char(30) default NULL,
  `VEHTYPESTATUS` char(15) default NULL,
  `USERID` char(10) default NULL,
  `CREATEDATE` timestamp NOT NULL default CURRENT_TIMESTAMP on update CURRENT_TIMESTAMP,
  PRIMARY KEY  (`VEHTYPECODE`)
) ENGINE=MyISAM DEFAULT CHARSET=latin1 ROW_FORMAT=FIXED;
SET character_set_client = @saved_cs_client;

--
-- Dumping data for table `msvehtype`
--

LOCK TABLES `msvehtype` WRITE;
/*!40000 ALTER TABLE `msvehtype` DISABLE KEYS */;
INSERT INTO `msvehtype` VALUES ('01','TRUK','Aktif','usr001','2008-10-13 04:23:44'),('02',' TRUK TANGKI','Aktif','usr002','2009-01-01 17:59:49'),('03','DUMP TRUCK','Aktif','usr001','2008-10-15 23:23:57'),('04','LIGHT TRUCK','Aktif','usr002','2009-01-01 17:59:32'),('05','JONDER','Aktif','ksi001','2009-01-09 11:56:45'),('06','Mobil',NULL,NULL,'2010-09-04 17:11:48');
/*!40000 ALTER TABLE `msvehtype` ENABLE KEYS */;
UNLOCK TABLES;

--
-- Table structure for table `msvendorbuyer`
--

DROP TABLE IF EXISTS `msvendorbuyer`;
SET @saved_cs_client     = @@character_set_client;
SET character_set_client = utf8;
CREATE TABLE `msvendorbuyer` (
  `BUYERCODE` char(10) NOT NULL,
  `BUYERNAME` char(35) default NULL,
  `BUYERADDR` char(35) default NULL,
  `BUYERCITY` char(35) default NULL,
  `BUYERSTATUS` char(15) default NULL,
  `USERID` char(10) default NULL,
  `CREATEDATE` timestamp NULL default CURRENT_TIMESTAMP on update CURRENT_TIMESTAMP,
  PRIMARY KEY  (`BUYERCODE`)
) ENGINE=MyISAM DEFAULT CHARSET=latin1 ROW_FORMAT=FIXED;
SET character_set_client = @saved_cs_client;

--
-- Dumping data for table `msvendorbuyer`
--

LOCK TABLES `msvendorbuyer` WRITE;
/*!40000 ALTER TABLE `msvendorbuyer` DISABLE KEYS */;
INSERT INTO `msvendorbuyer` VALUES ('1000000001','AFD 1',NULL,NULL,'Aktif','admin','2010-11-26 17:01:28'),('1000000002','AFD 2',NULL,NULL,'Aktif','admin','2010-11-26 17:01:28'),('1000000003','AFD 3',NULL,NULL,'Aktif','admin','2010-11-26 17:01:28'),('1000000004','AFD 4',NULL,NULL,'Aktif','admin','2010-11-26 17:01:28'),('1000000005','AFD 5',NULL,NULL,'Aktif','admin','2010-11-26 17:01:28'),('1000000006','AFD 6',NULL,NULL,'Aktif','admin','2010-11-26 17:01:28'),('1000000007','AFD 7',NULL,NULL,'Aktif','admin','2010-11-26 17:01:28'),('1000000008','AFD 8',NULL,NULL,'Aktif','admin','2010-11-26 17:01:28'),('1000000009','AFD PSR',NULL,NULL,'Aktif','admin','2010-11-26 17:01:28'),('1000000010','PT.A J P',NULL,NULL,'Aktif','admin','2010-11-26 17:01:28'),('1000000011','A.T.S',NULL,NULL,'Aktif','admin','2010-11-26 17:01:28'),('1000000012','BUDI INDRA DARMAWAN',NULL,NULL,'Aktif','admin','2010-11-26 17:01:28'),('1000000013','BUNGA MAYANG',NULL,NULL,'Aktif','admin','2010-11-26 17:01:28'),('1000000014','DIDIK.K',NULL,NULL,'Aktif','admin','2010-11-26 17:01:28'),('1000000015','GALA LESTARINDO',NULL,NULL,'Aktif','admin','2010-11-26 17:01:28'),('1000000016','GM.SELAMET',NULL,NULL,'Aktif','admin','2010-11-26 17:01:28'),('1000000017','H.SOFYAN',NULL,NULL,'Aktif','admin','2010-11-26 17:01:28'),('1000000018','H.MAZANI ILYAS',NULL,NULL,'Aktif','admin','2010-11-26 17:01:28'),('1000000019','H.RUSWAN',NULL,NULL,'Aktif','admin','2010-11-26 17:01:28'),('1000000020','INDRA LAYA',NULL,NULL,'Aktif','admin','2010-11-26 17:01:28'),('1000000021','IS.EFENDI HARAHAP',NULL,NULL,'Aktif','admin','2010-11-26 17:01:28'),('1000000022','JAKARTA',NULL,NULL,'Aktif','admin','2010-11-26 17:01:28'),('1000000023','KUD MITRA WALL',NULL,NULL,'Aktif','admin','2010-11-26 17:01:28'),('1000000024','KUD BATU KUNING',NULL,NULL,'Aktif','admin','2010-11-26 17:01:28'),('1000000025','KUD I',NULL,NULL,'Aktif','admin','2010-11-26 17:01:28'),('1000000026','KUD II',NULL,NULL,'Aktif','admin','2010-11-26 17:01:28'),('1000000027','KUD TANI SEPAKAT',NULL,NULL,'Aktif','admin','2010-11-26 17:01:28'),('1000000028','LAIN-LAIN',NULL,NULL,'Aktif','admin','2010-11-26 17:01:28'),('1000000029','LOGISTIK',NULL,NULL,'Aktif','admin','2010-11-26 17:01:28'),('1000000030','MUSI MAS',NULL,NULL,'Aktif','admin','2010-11-26 17:01:28'),('1000000031','MA',NULL,NULL,'Aktif','admin','2010-11-26 17:01:28'),('1000000032','MUSTOPA KAMAL',NULL,NULL,'Aktif','admin','2010-11-26 17:01:28'),('1000000033','PERTAMINA',NULL,NULL,'Aktif','admin','2010-11-26 17:01:28'),('1000000034','PT.TREE KREASI',NULL,NULL,'Aktif','admin','2010-11-26 17:01:28'),('1000000035','PT.EMPAT PILAR SAUDARA',NULL,NULL,'Aktif','admin','2010-11-26 17:01:28'),('1000000036','PT.SENTANA A.P',NULL,NULL,'Aktif','admin','2010-11-26 17:01:28'),('1000000037','PT. S A P',NULL,NULL,'Aktif','admin','2010-11-26 17:01:28'),('1000000038','PT.GMJ',NULL,NULL,'Aktif','admin','2010-11-26 17:01:28'),('1000000039','PT.HIKAY',NULL,NULL,'Aktif','admin','2010-11-26 17:01:28'),('1000000040','PT.ALTAN TEGUH SEJATI',NULL,NULL,'Aktif','admin','2010-11-26 17:01:28'),('1000000041','PT.AMAN JAYA PERDANA',NULL,NULL,'Aktif','admin','2010-11-26 17:01:28'),('1000000042','PT.BANDAR SAWIT UTAMA',NULL,NULL,'Aktif','admin','2010-11-26 17:01:28'),('1000000043','PT.GALATRA LESTARINDO',NULL,NULL,'Aktif','admin','2010-11-26 17:01:28'),('1000000044','PT. KARYA PUTRAKREASAI NUSANTARA',NULL,NULL,'Aktif','admin','2010-11-26 17:01:28'),('1000000045','PT.LJU',NULL,NULL,'Aktif','admin','2010-11-26 17:01:28'),('1000000046','PT.LJU',NULL,NULL,'Aktif','admin','2010-11-26 17:01:28'),('1000000047','PT.OKI TANIA PRATAMA',NULL,NULL,'Aktif','admin','2010-11-26 17:01:28'),('1000000048','PT.ROLIMEX KIMIA NUSAMAS',NULL,NULL,'Aktif','admin','2010-11-26 17:01:28'),('1000000049','PT.WANAKARYA MK',NULL,NULL,'Aktif','admin','2010-11-26 17:01:28'),('1000000050','PT INDOKARYA INTERNUSA',NULL,NULL,'Aktif','admin','2010-11-26 17:01:28'),('1000000051','PT KARISMA',NULL,NULL,'Aktif','admin','2010-11-26 17:01:28'),('1000000052','PT.LASKAR',NULL,NULL,'Aktif','admin','2010-11-26 17:01:28'),('1000000053','PTP.MA',NULL,NULL,'Aktif','admin','2010-11-26 17:01:28'),('1000000054','PT. R. 6. B',NULL,NULL,'Aktif','admin','2010-11-26 17:01:28'),('1000000055','PTP.WANAKARYA.MK',NULL,NULL,'Aktif','admin','2010-11-26 17:01:28'),('1000000056','PT.S W A',NULL,NULL,'Aktif','admin','2010-11-26 17:01:28'),('1000000057','SIM',NULL,NULL,'Aktif','admin','2010-11-26 17:01:28'),('1000000058','PT SINAR JAYA INTI MULIA',NULL,NULL,'Aktif','admin','2010-11-26 17:01:28'),('1000000059','PT.WILMAR NABATI INDONESIA',NULL,NULL,'Aktif','admin','2010-11-26 17:01:28'),('1000000060','YON ARMED',NULL,NULL,'Aktif','admin','2010-11-26 17:01:28');
/*!40000 ALTER TABLE `msvendorbuyer` ENABLE KEYS */;
UNLOCK TABLES;

--
-- Table structure for table `msvendortbs_eks`
--

DROP TABLE IF EXISTS `msvendortbs_eks`;
SET @saved_cs_client     = @@character_set_client;
SET character_set_client = utf8;
CREATE TABLE `msvendortbs_eks` (
  `VENDORCODE` char(6) NOT NULL,
  `VENDORNAME` char(35) default NULL,
  `VENDORADDR` char(35) default NULL,
  `VENDORCITY` char(35) default NULL,
  `VENDORSTATUS` char(15) default NULL,
  `USERID` char(10) default NULL,
  `CREATEDATE` timestamp NOT NULL default CURRENT_TIMESTAMP on update CURRENT_TIMESTAMP,
  PRIMARY KEY  (`VENDORCODE`)
) ENGINE=MyISAM DEFAULT CHARSET=latin1 ROW_FORMAT=FIXED;
SET character_set_client = @saved_cs_client;

--
-- Dumping data for table `msvendortbs_eks`
--

LOCK TABLES `msvendortbs_eks` WRITE;
/*!40000 ALTER TABLE `msvendortbs_eks` DISABLE KEYS */;
/*!40000 ALTER TABLE `msvendortbs_eks` ENABLE KEYS */;
UNLOCK TABLES;

--
-- Table structure for table `msvendortrp`
--

DROP TABLE IF EXISTS `msvendortrp`;
SET @saved_cs_client     = @@character_set_client;
SET character_set_client = utf8;
CREATE TABLE `msvendortrp` (
  `TRPCODE` char(10) NOT NULL,
  `TRPNAME` char(35) default NULL,
  `TRPADDR` char(40) default NULL,
  `TRPCITY` char(30) default NULL,
  `TRPSTATUS` char(10) default NULL,
  `USERID` char(10) default NULL,
  `CREATEDATE` timestamp NULL default CURRENT_TIMESTAMP on update CURRENT_TIMESTAMP,
  PRIMARY KEY  (`TRPCODE`)
) ENGINE=MyISAM DEFAULT CHARSET=latin1 ROW_FORMAT=FIXED;
SET character_set_client = @saved_cs_client;

--
-- Dumping data for table `msvendortrp`
--

LOCK TABLES `msvendortrp` WRITE;
/*!40000 ALTER TABLE `msvendortrp` DISABLE KEYS */;
INSERT INTO `msvendortrp` VALUES ('5000000001','MINANGA OGAN',NULL,NULL,'Aktif','admin','2010-11-26 16:23:55'),('5000000002','AFD4',NULL,NULL,'Aktif','admin','2010-11-26 16:23:55'),('5000000003','AFD5',NULL,NULL,'Aktif','admin','2010-11-26 16:23:55'),('5000000004','ANGKUTAN MANDIRI JAYA',NULL,NULL,'Aktif','admin','2010-11-26 16:23:55'),('5000000005','BUDI INDRA DARMAWAN',NULL,NULL,'Aktif','admin','2010-11-26 16:23:55'),('5000000006','CV.BUDI USAHA',NULL,NULL,'Aktif','admin','2010-11-26 16:23:55'),('5000000007','DIDIK.K',NULL,NULL,'Aktif','admin','2010-11-26 16:23:55'),('5000000008','H.SOFYAN',NULL,NULL,'Aktif','admin','2010-11-26 16:23:55'),('5000000009','PT.HIKAY',NULL,NULL,'Aktif','admin','2010-11-26 16:23:55'),('5000000010','LAIN2',NULL,NULL,'Aktif','admin','2010-11-26 16:23:55'),('5000000011','LUNG-LUNG',NULL,NULL,'Aktif','admin','2010-11-26 16:23:55'),('5000000012','LAIN-LAIN',NULL,NULL,'Aktif','admin','2010-11-26 16:23:55'),('5000000013','MUSTOPA KAMAL',NULL,NULL,'Aktif','admin','2010-11-26 16:23:55'),('5000000014','PERTAMINA',NULL,NULL,'Aktif','admin','2010-11-26 16:23:55'),('5000000015','PT R6B',NULL,NULL,'Aktif','admin','2010-11-26 16:23:55'),('5000000016','PT. ALTAN TEGUH SEJATI',NULL,NULL,'Aktif','admin','2010-11-26 16:23:55'),('5000000017','PT.AMAN JAYA PERDANA',NULL,NULL,'Aktif','admin','2010-11-26 16:23:55'),('5000000018','PT.BANDAR SAWIT UTAMA',NULL,NULL,'Aktif','admin','2010-11-26 16:23:55'),('5000000019','PT.KARYA PUTRAKREASI NUSANTARA',NULL,NULL,'Aktif','admin','2010-11-26 16:23:55'),('5000000020','PT.OTP',NULL,NULL,'Aktif','admin','2010-11-26 16:23:55'),('5000000021','PT.WANA KARYA',NULL,NULL,'Aktif','admin','2010-11-26 16:23:55'),('5000000022','PT.KHARISMA',NULL,NULL,'Aktif','admin','2010-11-26 16:23:55'),('5000000023','PTP.MINANGA OGAN',NULL,NULL,'Aktif','admin','2010-11-26 16:23:55'),('5000000024','PT.SEIA MAIMA',NULL,NULL,'Aktif','admin','2010-11-26 16:23:55');
/*!40000 ALTER TABLE `msvendortrp` ENABLE KEYS */;
UNLOCK TABLES;

--
-- Table structure for table `mswilayah`
--

DROP TABLE IF EXISTS `mswilayah`;
SET @saved_cs_client     = @@character_set_client;
SET character_set_client = utf8;
CREATE TABLE `mswilayah` (
  `WILCODE` char(4) NOT NULL,
  `WILNAME` char(40) default NULL,
  `WILLOCATION` char(20) default NULL,
  `WILSTATUS` char(15) default NULL,
  `USERID` char(10) default NULL,
  `CREATEDATE` timestamp NOT NULL default CURRENT_TIMESTAMP on update CURRENT_TIMESTAMP,
  PRIMARY KEY  (`WILCODE`)
) ENGINE=MyISAM DEFAULT CHARSET=latin1 ROW_FORMAT=FIXED;
SET character_set_client = @saved_cs_client;

--
-- Dumping data for table `mswilayah`
--

LOCK TABLES `mswilayah` WRITE;
/*!40000 ALTER TABLE `mswilayah` DISABLE KEYS */;
INSERT INTO `mswilayah` VALUES ('SSRO','Sumatera Selatan Regional Office',NULL,NULL,NULL,'2010-11-23 06:08:56');
/*!40000 ALTER TABLE `mswilayah` ENABLE KEYS */;
UNLOCK TABLES;

--
-- Table structure for table `number_table`
--

DROP TABLE IF EXISTS `number_table`;
SET @saved_cs_client     = @@character_set_client;
SET character_set_client = utf8;
CREATE TABLE `number_table` (
  `number` int(11) NOT NULL,
  PRIMARY KEY  (`number`)
) ENGINE=MyISAM DEFAULT CHARSET=latin1;
SET character_set_client = @saved_cs_client;

--
-- Dumping data for table `number_table`
--

LOCK TABLES `number_table` WRITE;
/*!40000 ALTER TABLE `number_table` DISABLE KEYS */;
/*!40000 ALTER TABLE `number_table` ENABLE KEYS */;
UNLOCK TABLES;

--
-- Table structure for table `rfcerrorlog`
--

DROP TABLE IF EXISTS `rfcerrorlog`;
SET @saved_cs_client     = @@character_set_client;
SET character_set_client = utf8;
CREATE TABLE `rfcerrorlog` (
  `id` int(11) NOT NULL auto_increment,
  `SOURCEID` int(11) default NULL,
  `LOG` text,
  PRIMARY KEY  (`id`)
) ENGINE=MyISAM DEFAULT CHARSET=latin1 COMMENT='Error Log';
SET character_set_client = @saved_cs_client;

--
-- Dumping data for table `rfcerrorlog`
--

LOCK TABLES `rfcerrorlog` WRITE;
/*!40000 ALTER TABLE `rfcerrorlog` DISABLE KEYS */;
/*!40000 ALTER TABLE `rfcerrorlog` ENABLE KEYS */;
UNLOCK TABLES;

--
-- Table structure for table `user`
--

DROP TABLE IF EXISTS `user`;
SET @saved_cs_client     = @@character_set_client;
SET character_set_client = utf8;
CREATE TABLE `user` (
  `uname` varchar(45) NOT NULL default '',
  `status` varchar(45) NOT NULL default '0',
  `password` varchar(45) default NULL,
  `access_level` int(10) unsigned default '0',
  `userid` int(7) unsigned zerofill NOT NULL default '0000000',
  `lastuser` varchar(45) NOT NULL default 'System',
  `lastip` varchar(45) default NULL,
  `lastcomp` varchar(45) default NULL,
  `lastupdate` timestamp NOT NULL default '0000-00-00 00:00:00',
  `logged` tinyint(3) unsigned NOT NULL default '0',
  PRIMARY KEY  (`uname`)
) ENGINE=MyISAM DEFAULT CHARSET=latin1;
SET character_set_client = @saved_cs_client;

--
-- Dumping data for table `user`
--

LOCK TABLES `user` WRITE;
/*!40000 ALTER TABLE `user` DISABLE KEYS */;
INSERT INTO `user` VALUES ('admin','1','b8a9bdc4dbee33be2afa01e715783ec5',16,0000000,'visione','127.0.0.1','localhost','2010-12-01 17:27:07',0),('operator','1','4b583376b2767b923c3e1da60d10de59',0,0000000,'operator','127.0.0.1','louis','2010-11-26 12:58:12',0),('adminpusat','1','f9db7b48e78ea581837d2f640d433008',16,0000000,'admin','127.0.0.1','louis','2010-11-26 17:41:50',0),('adminbta','1','c5fcbab74be744689811b79c920edc7c',0,0000000,'admin','192.168.0.44','TIMBANGAN','2010-12-23 13:05:44',0),('ptp.ma','1','cf8de586316746ee99ac6818a6dcf3a0',0,0000000,'admin','192.168.0.44','TIMBANGAN','2010-12-23 13:08:21',1),('muharpi','1','760b0bcb77b7260373c748dac96e97d6',0,0000000,'admin','192.168.0.27','192.168.0.27','2010-12-02 02:40:52',1),('munawir','1','7d73115eda5555f23d77ddb2d4049067',0,0000000,'admin','192.168.0.42','TUPONO1','2010-11-30 09:42:13',0),('chomenk','1','c26b2b6514890cff0375f74cba4ba48b',0,0000000,'admin','192.168.0.205','192.168.0.205','2010-12-23 08:22:06',1),('sukarman','1','f9db7b48e78ea581837d2f640d433008',0,0000000,'chomenk','192.168.0.28','SUKARMAN','2010-11-30 09:58:18',1),('ekoagus','1','f9db7b48e78ea581837d2f640d433008',0,0000000,'chomenk','192.168.0.14','EKO','2010-12-23 08:47:20',0),('iriyanto','1','3bb09cfd1a95e7e5f61abbb8642cd490',0,0000000,'admin','192.168.0.62','IRIYANTO','2010-12-01 16:12:39',1),('johnnathan','1','f9db7b48e78ea581837d2f640d433008',16,0000000,'chomenk','192.168.0.26','192.168.0.26','2010-12-23 08:30:21',1),('ekoagussubianto','1','f9db7b48e78ea581837d2f640d433008',0,0000000,'chomenk',NULL,NULL,'0000-00-00 00:00:00',0);
/*!40000 ALTER TABLE `user` ENABLE KEYS */;
UNLOCK TABLES;
/*!40103 SET TIME_ZONE=@OLD_TIME_ZONE */;

/*!40101 SET SQL_MODE=@OLD_SQL_MODE */;
/*!40014 SET FOREIGN_KEY_CHECKS=@OLD_FOREIGN_KEY_CHECKS */;
/*!40014 SET UNIQUE_CHECKS=@OLD_UNIQUE_CHECKS */;
/*!40101 SET CHARACTER_SET_CLIENT=@OLD_CHARACTER_SET_CLIENT */;
/*!40101 SET CHARACTER_SET_RESULTS=@OLD_CHARACTER_SET_RESULTS */;
/*!40101 SET COLLATION_CONNECTION=@OLD_COLLATION_CONNECTION */;
/*!40111 SET SQL_NOTES=@OLD_SQL_NOTES */;

-- Dump completed on 2010-12-23 13:13:57
